------------------------------------------------------------
 Transmission Coefficient on homogeneous energy grid using transfer matrices
------------------------------------------------------------
Transmission Coefficient, Energy (eV)
         8.28437e-16,               0.0001
         1.70386e-15,               0.0002
         2.62859e-15,               0.0003
         3.60506e-15,               0.0004
         4.63583e-15,               0.0005
         5.72361e-15,               0.0006
         6.87121e-15,               0.0007
         8.08162e-15,               0.0008
         9.35798e-15,               0.0009
         1.07036e-14,                0.001
         1.21219e-14,               0.0011
         1.36166e-14,               0.0012
         1.51915e-14,               0.0013
         1.68507e-14,               0.0014
         1.85985e-14,               0.0015
         2.04393e-14,               0.0016
         2.23779e-14,               0.0017
         2.44194e-14,               0.0018
          2.6569e-14,               0.0019
         2.88322e-14,                0.002
          3.1215e-14,               0.0021
         3.37236e-14,               0.0022
         3.63645e-14,               0.0023
         3.91447e-14,               0.0024
         4.20715e-14,               0.0025
         4.51526e-14,               0.0026
         4.83962e-14,               0.0027
          5.1811e-14,               0.0028
         5.54062e-14,               0.0029
         5.91915e-14,                0.003
         6.31771e-14,               0.0031
         6.73739e-14,               0.0032
         7.17935e-14,               0.0033
         7.64481e-14,               0.0034
         8.13507e-14,               0.0035
          8.6515e-14,               0.0036
         9.19558e-14,               0.0037
         9.76885e-14,               0.0038
          1.0373e-13,               0.0039
         1.10097e-13,                0.004
         1.16808e-13,               0.0041
         1.23884e-13,               0.0042
         1.31346e-13,               0.0043
         1.39216e-13,               0.0044
         1.47518e-13,               0.0045
         1.56278e-13,               0.0046
         1.65523e-13,               0.0047
         1.75282e-13,               0.0048
         1.85586e-13,               0.0049
         1.96469e-13,                0.005
         2.07965e-13,               0.0051
         2.20114e-13,               0.0052
         2.32956e-13,               0.0053
         2.46534e-13,               0.0054
         2.60896e-13,               0.0055
         2.76091e-13,               0.0056
         2.92174e-13,               0.0057
         3.09202e-13,               0.0058
         3.27237e-13,               0.0059
         3.46348e-13,                0.006
         3.66605e-13,               0.0061
         3.88086e-13,               0.0062
         4.10876e-13,               0.0063
         4.35065e-13,               0.0064
         4.60751e-13,               0.0065
         4.88039e-13,               0.0066
         5.17045e-13,               0.0067
         5.47891e-13,               0.0068
         5.80714e-13,               0.0069
         6.15659e-13,                0.007
         6.52884e-13,               0.0071
         6.92564e-13,               0.0072
         7.34885e-13,               0.0073
         7.80055e-13,               0.0074
         8.28296e-13,               0.0075
         8.79854e-13,               0.0076
         9.34997e-13,               0.0077
         9.94021e-13,               0.0078
         1.05725e-12,               0.0079
         1.12503e-12,                0.008
         1.19776e-12,               0.0081
         1.27588e-12,               0.0082
         1.35984e-12,               0.0083
          1.4502e-12,               0.0084
         1.54751e-12,               0.0085
         1.65244e-12,               0.0086
         1.76571e-12,               0.0087
         1.88811e-12,               0.0088
         2.02055e-12,               0.0089
         2.16402e-12,                0.009
         2.31966e-12,               0.0091
         2.48873e-12,               0.0092
         2.67264e-12,               0.0093
         2.87303e-12,               0.0094
          3.0917e-12,               0.0095
         3.33073e-12,               0.0096
         3.59248e-12,               0.0097
         3.87964e-12,               0.0098
         4.19532e-12,               0.0099
         4.54306e-12,                 0.01
         4.92697e-12,               0.0101
         5.35182e-12,               0.0102
         5.82313e-12,               0.0103
         6.34739e-12,               0.0104
         6.93217e-12,               0.0105
         7.58645e-12,               0.0106
         8.32085e-12,               0.0107
         9.14804e-12,               0.0108
         1.00832e-11,               0.0109
         1.11447e-11,                0.011
         1.23547e-11,               0.0111
         1.37406e-11,               0.0112
          1.5336e-11,               0.0113
         1.71828e-11,               0.0114
         1.93336e-11,               0.0115
         2.18552e-11,               0.0116
         2.48334e-11,               0.0117
         2.83796e-11,               0.0118
          3.2641e-11,               0.0119
         3.78142e-11,                0.012
         4.41673e-11,               0.0121
         5.20727e-11,               0.0122
         6.20596e-11,               0.0123
         7.48992e-11,               0.0124
         9.17504e-11,               0.0125
         1.14416e-10,               0.0126
         1.45825e-10,               0.0127
         1.90982e-10,               0.0128
         2.59012e-10,               0.0129
         3.67982e-10,                0.013
         5.57836e-10,               0.0131
         9.31748e-10,               0.0132
         1.82807e-09,               0.0133
         4.94555e-09,               0.0134
         3.62783e-08,               0.0135
         8.05292e-08,               0.0136
         6.82306e-09,               0.0137
         2.37941e-09,               0.0138
         1.21318e-09,               0.0139
         7.40879e-10,                0.014
         5.02953e-10,               0.0141
         3.66061e-10,               0.0142
         2.79901e-10,               0.0143
          2.2204e-10,               0.0144
          1.8123e-10,               0.0145
         1.51318e-10,               0.0146
         1.28707e-10,               0.0147
         1.11174e-10,               0.0148
         9.72867e-11,               0.0149
         8.60876e-11,                0.015
         7.69152e-11,               0.0151
         6.93011e-11,               0.0152
         6.29057e-11,               0.0153
         5.74779e-11,               0.0154
         5.28286e-11,               0.0155
         4.88131e-11,               0.0156
         4.53192e-11,               0.0157
         4.22587e-11,               0.0158
         3.95614e-11,               0.0159
         3.71711e-11,                0.016
          3.5042e-11,               0.0161
         3.31367e-11,               0.0162
         3.14245e-11,               0.0163
         2.98797e-11,               0.0164
         2.84808e-11,               0.0165
         2.72098e-11,               0.0166
         2.60514e-11,               0.0167
         2.49925e-11,               0.0168
          2.4022e-11,               0.0169
         2.31302e-11,                0.017
         2.23088e-11,               0.0171
         2.15506e-11,               0.0172
         2.08493e-11,               0.0173
         2.01994e-11,               0.0174
         1.95961e-11,               0.0175
          1.9035e-11,               0.0176
         1.85124e-11,               0.0177
         1.80249e-11,               0.0178
         1.75695e-11,               0.0179
         1.71437e-11,                0.018
          1.6745e-11,               0.0181
         1.63712e-11,               0.0182
         1.60205e-11,               0.0183
         1.56911e-11,               0.0184
         1.53814e-11,               0.0185
         1.50901e-11,               0.0186
         1.48158e-11,               0.0187
         1.45573e-11,               0.0188
         1.43137e-11,               0.0189
         1.40839e-11,                0.019
         1.38671e-11,               0.0191
         1.36624e-11,               0.0192
         1.34691e-11,               0.0193
         1.32865e-11,               0.0194
          1.3114e-11,               0.0195
          1.2951e-11,               0.0196
          1.2797e-11,               0.0197
         1.26514e-11,               0.0198
         1.25139e-11,               0.0199
          1.2384e-11,                 0.02
         1.22612e-11,               0.0201
         1.21454e-11,               0.0202
          1.2036e-11,               0.0203
         1.19329e-11,               0.0204
         1.18356e-11,               0.0205
          1.1744e-11,               0.0206
         1.16578e-11,               0.0207
         1.15768e-11,               0.0208
         1.15007e-11,               0.0209
         1.14293e-11,                0.021
         1.13624e-11,               0.0211
            1.13e-11,               0.0212
         1.12417e-11,               0.0213
         1.11874e-11,               0.0214
         1.11371e-11,               0.0215
         1.10905e-11,               0.0216
         1.10475e-11,               0.0217
         1.10081e-11,               0.0218
          1.0972e-11,               0.0219
         1.09393e-11,                0.022
         1.09097e-11,               0.0221
         1.08832e-11,               0.0222
         1.08597e-11,               0.0223
         1.08392e-11,               0.0224
         1.08215e-11,               0.0225
         1.08066e-11,               0.0226
         1.07944e-11,               0.0227
         1.07848e-11,               0.0228
         1.07779e-11,               0.0229
         1.07734e-11,                0.023
         1.07715e-11,               0.0231
          1.0772e-11,               0.0232
         1.07748e-11,               0.0233
         1.07801e-11,               0.0234
         1.07876e-11,               0.0235
         1.07974e-11,               0.0236
         1.08094e-11,               0.0237
         1.08237e-11,               0.0238
         1.08401e-11,               0.0239
         1.08586e-11,                0.024
         1.08793e-11,               0.0241
         1.09021e-11,               0.0242
          1.0927e-11,               0.0243
         1.09539e-11,               0.0244
         1.09829e-11,               0.0245
         1.10139e-11,               0.0246
         1.10469e-11,               0.0247
         1.10819e-11,               0.0248
          1.1119e-11,               0.0249
          1.1158e-11,                0.025
          1.1199e-11,               0.0251
          1.1242e-11,               0.0252
         1.12869e-11,               0.0253
         1.13338e-11,               0.0254
         1.13827e-11,               0.0255
         1.14335e-11,               0.0256
         1.14864e-11,               0.0257
         1.15412e-11,               0.0258
         1.15979e-11,               0.0259
         1.16567e-11,                0.026
         1.17174e-11,               0.0261
         1.17801e-11,               0.0262
         1.18448e-11,               0.0263
         1.19116e-11,               0.0264
         1.19803e-11,               0.0265
         1.20511e-11,               0.0266
          1.2124e-11,               0.0267
         1.21989e-11,               0.0268
         1.22758e-11,               0.0269
         1.23549e-11,                0.027
         1.24361e-11,               0.0271
         1.25194e-11,               0.0272
         1.26048e-11,               0.0273
         1.26925e-11,               0.0274
         1.27823e-11,               0.0275
         1.28743e-11,               0.0276
         1.29686e-11,               0.0277
         1.30651e-11,               0.0278
         1.31639e-11,               0.0279
          1.3265e-11,                0.028
         1.33685e-11,               0.0281
         1.34743e-11,               0.0282
         1.35825e-11,               0.0283
         1.36932e-11,               0.0284
         1.38063e-11,               0.0285
          1.3922e-11,               0.0286
         1.40401e-11,               0.0287
         1.41609e-11,               0.0288
         1.42842e-11,               0.0289
         1.44102e-11,                0.029
         1.45389e-11,               0.0291
         1.46703e-11,               0.0292
         1.48045e-11,               0.0293
         1.49415e-11,               0.0294
         1.50814e-11,               0.0295
         1.52242e-11,               0.0296
         1.53699e-11,               0.0297
         1.55186e-11,               0.0298
         1.56704e-11,               0.0299
         1.58253e-11,                 0.03
         1.59834e-11,               0.0301
         1.61447e-11,               0.0302
         1.63093e-11,               0.0303
         1.64772e-11,               0.0304
         1.66485e-11,               0.0305
         1.68232e-11,               0.0306
         1.70015e-11,               0.0307
         1.71834e-11,               0.0308
         1.73689e-11,               0.0309
         1.75582e-11,                0.031
         1.77512e-11,               0.0311
         1.79482e-11,               0.0312
          1.8149e-11,               0.0313
         1.83539e-11,               0.0314
          1.8563e-11,               0.0315
         1.87761e-11,               0.0316
         1.89936e-11,               0.0317
         1.92155e-11,               0.0318
         1.94417e-11,               0.0319
         1.96726e-11,                0.032
          1.9908e-11,               0.0321
         2.01482e-11,               0.0322
         2.03932e-11,               0.0323
         2.06432e-11,               0.0324
         2.08982e-11,               0.0325
         2.11583e-11,               0.0326
         2.14237e-11,               0.0327
         2.16945e-11,               0.0328
         2.19707e-11,               0.0329
         2.22526e-11,                0.033
         2.25402e-11,               0.0331
         2.28337e-11,               0.0332
         2.31332e-11,               0.0333
         2.34388e-11,               0.0334
         2.37507e-11,               0.0335
         2.40689e-11,               0.0336
         2.43938e-11,               0.0337
         2.47253e-11,               0.0338
         2.50638e-11,               0.0339
         2.54092e-11,                0.034
         2.57618e-11,               0.0341
         2.61218e-11,               0.0342
         2.64894e-11,               0.0343
         2.68646e-11,               0.0344
         2.72478e-11,               0.0345
          2.7639e-11,               0.0346
         2.80386e-11,               0.0347
         2.84466e-11,               0.0348
         2.88633e-11,               0.0349
         2.92889e-11,                0.035
         2.97237e-11,               0.0351
         3.01678e-11,               0.0352
         3.06215e-11,               0.0353
          3.1085e-11,               0.0354
         3.15586e-11,               0.0355
         3.20426e-11,               0.0356
         3.25372e-11,               0.0357
         3.30426e-11,               0.0358
         3.35592e-11,               0.0359
         3.40873e-11,                0.036
          3.4627e-11,               0.0361
         3.51789e-11,               0.0362
         3.57431e-11,               0.0363
           3.632e-11,               0.0364
           3.691e-11,               0.0365
         3.75133e-11,               0.0366
         3.81304e-11,               0.0367
         3.87616e-11,               0.0368
         3.94073e-11,               0.0369
         4.00679e-11,                0.037
         4.07439e-11,               0.0371
         4.14355e-11,               0.0372
         4.21434e-11,               0.0373
         4.28679e-11,               0.0374
         4.36094e-11,               0.0375
         4.43686e-11,               0.0376
         4.51458e-11,               0.0377
         4.59417e-11,               0.0378
         4.67567e-11,               0.0379
         4.75913e-11,                0.038
         4.84463e-11,               0.0381
         4.93221e-11,               0.0382
         5.02193e-11,               0.0383
         5.11387e-11,               0.0384
         5.20809e-11,               0.0385
         5.30465e-11,               0.0386
         5.40362e-11,               0.0387
         5.50509e-11,               0.0388
         5.60912e-11,               0.0389
         5.71579e-11,                0.039
         5.82519e-11,               0.0391
          5.9374e-11,               0.0392
         6.05251e-11,               0.0393
          6.1706e-11,               0.0394
         6.29178e-11,               0.0395
         6.41615e-11,               0.0396
          6.5438e-11,               0.0397
         6.67483e-11,               0.0398
         6.80937e-11,               0.0399
         6.94752e-11,                 0.04
         7.08941e-11,               0.0401
         7.23515e-11,               0.0402
         7.38488e-11,               0.0403
         7.53873e-11,               0.0404
         7.69683e-11,               0.0405
         7.85934e-11,               0.0406
          8.0264e-11,               0.0407
         8.19818e-11,               0.0408
         8.37482e-11,               0.0409
         8.55651e-11,                0.041
         8.74342e-11,               0.0411
         8.93574e-11,               0.0412
         9.13366e-11,               0.0413
         9.33738e-11,               0.0414
         9.54711e-11,               0.0415
         9.76306e-11,               0.0416
         9.98548e-11,               0.0417
         1.02146e-10,               0.0418
         1.04507e-10,               0.0419
         1.06939e-10,                0.042
         1.09447e-10,               0.0421
         1.12032e-10,               0.0422
         1.14698e-10,               0.0423
         1.17447e-10,               0.0424
         1.20284e-10,               0.0425
         1.23211e-10,               0.0426
         1.26232e-10,               0.0427
         1.29351e-10,               0.0428
         1.32572e-10,               0.0429
         1.35898e-10,                0.043
         1.39335e-10,               0.0431
         1.42887e-10,               0.0432
         1.46558e-10,               0.0433
         1.50354e-10,               0.0434
         1.54279e-10,               0.0435
         1.58341e-10,               0.0436
         1.62543e-10,               0.0437
         1.66893e-10,               0.0438
         1.71397e-10,               0.0439
         1.76062e-10,                0.044
         1.80895e-10,               0.0441
         1.85903e-10,               0.0442
         1.91095e-10,               0.0443
         1.96479e-10,               0.0444
         2.02064e-10,               0.0445
          2.0786e-10,               0.0446
         2.13876e-10,               0.0447
         2.20123e-10,               0.0448
         2.26613e-10,               0.0449
         2.33357e-10,                0.045
         2.40367e-10,               0.0451
         2.47657e-10,               0.0452
         2.55242e-10,               0.0453
         2.63136e-10,               0.0454
         2.71355e-10,               0.0455
         2.79917e-10,               0.0456
         2.88839e-10,               0.0457
          2.9814e-10,               0.0458
         3.07842e-10,               0.0459
         3.17965e-10,                0.046
         3.28534e-10,               0.0461
         3.39574e-10,               0.0462
         3.51111e-10,               0.0463
         3.63173e-10,               0.0464
         3.75791e-10,               0.0465
         3.88999e-10,               0.0466
         4.02831e-10,               0.0467
         4.17325e-10,               0.0468
         4.32522e-10,               0.0469
         4.48465e-10,                0.047
         4.65202e-10,               0.0471
         4.82782e-10,               0.0472
         5.01262e-10,               0.0473
           5.207e-10,               0.0474
          5.4116e-10,               0.0475
         5.62712e-10,               0.0476
          5.8543e-10,               0.0477
         6.09396e-10,               0.0478
           6.347e-10,               0.0479
         6.61436e-10,                0.048
         6.89712e-10,               0.0481
         7.19641e-10,               0.0482
         7.51349e-10,               0.0483
         7.84974e-10,               0.0484
         8.20667e-10,               0.0485
         8.58592e-10,               0.0486
         8.98933e-10,               0.0487
         9.41889e-10,               0.0488
         9.87683e-10,               0.0489
         1.03656e-09,                0.049
         1.08879e-09,               0.0491
         1.14468e-09,               0.0492
         1.20456e-09,               0.0493
         1.26881e-09,               0.0494
         1.33784e-09,               0.0495
         1.41213e-09,               0.0496
         1.49221e-09,               0.0497
         1.57866e-09,               0.0498
         1.67217e-09,               0.0499
          1.7735e-09,                 0.05
          1.8835e-09,               0.0501
         2.00318e-09,               0.0502
         2.13365e-09,               0.0503
         2.27623e-09,               0.0504
         2.43241e-09,               0.0505
         2.60391e-09,               0.0506
         2.79277e-09,               0.0507
         3.00133e-09,               0.0508
         3.23236e-09,               0.0509
         3.48912e-09,                0.051
         3.77548e-09,               0.0511
         4.09604e-09,               0.0512
         4.45636e-09,               0.0513
         4.86312e-09,               0.0514
         5.32449e-09,               0.0515
         5.85047e-09,               0.0516
         6.45346e-09,               0.0517
         7.14894e-09,               0.0518
         7.95646e-09,               0.0519
         8.90099e-09,                0.052
         1.00148e-08,               0.0521
         1.13401e-08,               0.0522
         1.29331e-08,               0.0523
         1.48701e-08,               0.0524
         1.72559e-08,               0.0525
         2.02388e-08,               0.0526
          2.4033e-08,               0.0527
          2.8958e-08,               0.0528
         3.55059e-08,               0.0529
         4.44683e-08,                0.053
         5.71821e-08,               0.0531
         7.60517e-08,               0.0532
         1.05758e-07,               0.0533
         1.56431e-07,               0.0534
         2.53475e-07,               0.0535
         4.76519e-07,               0.0536
         1.19307e-06,               0.0537
          6.6814e-06,               0.0538
         5.30264e-05,               0.0539
         2.31616e-06,                0.054
         7.27518e-07,               0.0541
         3.52909e-07,               0.0542
         2.08529e-07,               0.0543
         1.37989e-07,               0.0544
         9.82807e-08,               0.0545
         7.37108e-08,               0.0546
         5.74415e-08,               0.0547
         4.61045e-08,               0.0548
         3.78835e-08,               0.0549
         3.17286e-08,                0.055
          2.6998e-08,               0.0551
         2.32817e-08,               0.0552
         2.03075e-08,               0.0553
         1.78889e-08,               0.0554
         1.58948e-08,               0.0555
         1.42306e-08,               0.0556
         1.28268e-08,               0.0557
         1.16313e-08,               0.0558
         1.06045e-08,               0.0559
         9.71567e-09,                0.056
         8.94102e-09,               0.0561
         8.26156e-09,               0.0562
         7.66214e-09,               0.0563
         7.13053e-09,               0.0564
         6.65674e-09,               0.0565
         6.23258e-09,               0.0566
         5.85127e-09,               0.0567
         5.50715e-09,               0.0568
         5.19547e-09,               0.0569
         4.91223e-09,                0.057
         4.65401e-09,               0.0571
         4.41792e-09,               0.0572
         4.20146e-09,               0.0573
         4.00247e-09,               0.0574
         3.81911e-09,               0.0575
         3.64975e-09,               0.0576
         3.49298e-09,               0.0577
         3.34757e-09,               0.0578
         3.21242e-09,               0.0579
         3.08658e-09,                0.058
          2.9692e-09,               0.0581
         2.85952e-09,               0.0582
         2.75689e-09,               0.0583
         2.66069e-09,               0.0584
         2.57039e-09,               0.0585
         2.48551e-09,               0.0586
         2.40563e-09,               0.0587
         2.33035e-09,               0.0588
         2.25932e-09,               0.0589
         2.19222e-09,                0.059
         2.12876e-09,               0.0591
         2.06868e-09,               0.0592
         2.01175e-09,               0.0593
         1.95774e-09,               0.0594
         1.90646e-09,               0.0595
         1.85772e-09,               0.0596
         1.81135e-09,               0.0597
         1.76721e-09,               0.0598
         1.72516e-09,               0.0599
         1.68505e-09,                 0.06
         1.64678e-09,               0.0601
         1.61023e-09,               0.0602
          1.5753e-09,               0.0603
          1.5419e-09,               0.0604
         1.50994e-09,               0.0605
         1.47934e-09,               0.0606
         1.45001e-09,               0.0607
          1.4219e-09,               0.0608
         1.39494e-09,               0.0609
         1.36906e-09,                0.061
          1.3442e-09,               0.0611
         1.32033e-09,               0.0612
         1.29738e-09,               0.0613
         1.27531e-09,               0.0614
         1.25407e-09,               0.0615
         1.23363e-09,               0.0616
         1.21395e-09,               0.0617
         1.19499e-09,               0.0618
         1.17672e-09,               0.0619
          1.1591e-09,                0.062
         1.14211e-09,               0.0621
         1.12571e-09,               0.0622
         1.10989e-09,               0.0623
         1.09461e-09,               0.0624
         1.07986e-09,               0.0625
          1.0656e-09,               0.0626
         1.05183e-09,               0.0627
         1.03851e-09,               0.0628
         1.02564e-09,               0.0629
         1.01319e-09,                0.063
         1.00114e-09,               0.0631
         9.89483e-10,               0.0632
           9.782e-10,               0.0633
         9.67278e-10,               0.0634
         9.56702e-10,               0.0635
         9.46459e-10,               0.0636
         9.36537e-10,               0.0637
         9.26924e-10,               0.0638
         9.17609e-10,               0.0639
         9.08581e-10,                0.064
         8.99831e-10,               0.0641
         8.91347e-10,               0.0642
         8.83122e-10,               0.0643
         8.75146e-10,               0.0644
         8.67411e-10,               0.0645
         8.59908e-10,               0.0646
         8.52631e-10,               0.0647
         8.45572e-10,               0.0648
         8.38724e-10,               0.0649
         8.32079e-10,                0.065
         8.25633e-10,               0.0651
         8.19377e-10,               0.0652
         8.13308e-10,               0.0653
         8.07419e-10,               0.0654
         8.01704e-10,               0.0655
         7.96159e-10,               0.0656
         7.90779e-10,               0.0657
         7.85558e-10,               0.0658
         7.80493e-10,               0.0659
         7.75579e-10,                0.066
         7.70811e-10,               0.0661
         7.66187e-10,               0.0662
         7.61701e-10,               0.0663
          7.5735e-10,               0.0664
         7.53131e-10,               0.0665
          7.4904e-10,               0.0666
         7.45073e-10,               0.0667
         7.41229e-10,               0.0668
         7.37503e-10,               0.0669
         7.33893e-10,                0.067
         7.30396e-10,               0.0671
         7.27009e-10,               0.0672
         7.23729e-10,               0.0673
         7.20555e-10,               0.0674
         7.17483e-10,               0.0675
         7.14512e-10,               0.0676
         7.11639e-10,               0.0677
         7.08861e-10,               0.0678
         7.06178e-10,               0.0679
         7.03586e-10,                0.068
         7.01084e-10,               0.0681
         6.98671e-10,               0.0682
         6.96343e-10,               0.0683
           6.941e-10,               0.0684
          6.9194e-10,               0.0685
         6.89861e-10,               0.0686
         6.87862e-10,               0.0687
          6.8594e-10,               0.0688
         6.84096e-10,               0.0689
         6.82327e-10,                0.069
         6.80632e-10,               0.0691
         6.79009e-10,               0.0692
         6.77459e-10,               0.0693
         6.75978e-10,               0.0694
         6.74566e-10,               0.0695
         6.73223e-10,               0.0696
         6.71946e-10,               0.0697
         6.70735e-10,               0.0698
         6.69589e-10,               0.0699
         6.68506e-10,                 0.07
         6.67487e-10,               0.0701
          6.6653e-10,               0.0702
         6.65634e-10,               0.0703
         6.64798e-10,               0.0704
         6.64022e-10,               0.0705
         6.63304e-10,               0.0706
         6.62644e-10,               0.0707
         6.62042e-10,               0.0708
         6.61496e-10,               0.0709
         6.61007e-10,                0.071
         6.60572e-10,               0.0711
         6.60192e-10,               0.0712
         6.59867e-10,               0.0713
         6.59594e-10,               0.0714
         6.59375e-10,               0.0715
         6.59208e-10,               0.0716
         6.59093e-10,               0.0717
          6.5903e-10,               0.0718
         6.59017e-10,               0.0719
         6.59056e-10,                0.072
         6.59144e-10,               0.0721
         6.59282e-10,               0.0722
         6.59469e-10,               0.0723
         6.59705e-10,               0.0724
          6.5999e-10,               0.0725
         6.60323e-10,               0.0726
         6.60705e-10,               0.0727
         6.61134e-10,               0.0728
          6.6161e-10,               0.0729
         6.62133e-10,                0.073
         6.62704e-10,               0.0731
         6.63321e-10,               0.0732
         6.63984e-10,               0.0733
         6.64694e-10,               0.0734
         6.65449e-10,               0.0735
         6.66251e-10,               0.0736
         6.67098e-10,               0.0737
          6.6799e-10,               0.0738
         6.68928e-10,               0.0739
         6.69912e-10,                0.074
          6.7094e-10,               0.0741
         6.72014e-10,               0.0742
         6.73132e-10,               0.0743
         6.74295e-10,               0.0744
         6.75503e-10,               0.0745
         6.76756e-10,               0.0746
         6.78054e-10,               0.0747
         6.79396e-10,               0.0748
         6.80783e-10,               0.0749
         6.82214e-10,                0.075
          6.8369e-10,               0.0751
         6.85211e-10,               0.0752
         6.86776e-10,               0.0753
         6.88387e-10,               0.0754
         6.90041e-10,               0.0755
         6.91741e-10,               0.0756
         6.93486e-10,               0.0757
         6.95275e-10,               0.0758
          6.9711e-10,               0.0759
         6.98989e-10,                0.076
         7.00914e-10,               0.0761
         7.02885e-10,               0.0762
           7.049e-10,               0.0763
         7.06962e-10,               0.0764
         7.09069e-10,               0.0765
         7.11222e-10,               0.0766
         7.13421e-10,               0.0767
         7.15666e-10,               0.0768
         7.17958e-10,               0.0769
         7.20296e-10,                0.077
         7.22681e-10,               0.0771
         7.25114e-10,               0.0772
         7.27593e-10,               0.0773
          7.3012e-10,               0.0774
         7.32695e-10,               0.0775
         7.35317e-10,               0.0776
         7.37988e-10,               0.0777
         7.40708e-10,               0.0778
         7.43476e-10,               0.0779
         7.46293e-10,                0.078
          7.4916e-10,               0.0781
         7.52076e-10,               0.0782
         7.55043e-10,               0.0783
          7.5806e-10,               0.0784
         7.61127e-10,               0.0785
         7.64246e-10,               0.0786
         7.67416e-10,               0.0787
         7.70637e-10,               0.0788
         7.73911e-10,               0.0789
         7.77237e-10,                0.079
         7.80616e-10,               0.0791
         7.84049e-10,               0.0792
         7.87535e-10,               0.0793
         7.91076e-10,               0.0794
         7.94671e-10,               0.0795
         7.98321e-10,               0.0796
         8.02027e-10,               0.0797
         8.05789e-10,               0.0798
         8.09607e-10,               0.0799
         8.13483e-10,                 0.08
         8.17415e-10,               0.0801
         8.21406e-10,               0.0802
         8.25456e-10,               0.0803
         8.29564e-10,               0.0804
         8.33732e-10,               0.0805
         8.37961e-10,               0.0806
          8.4225e-10,               0.0807
           8.466e-10,               0.0808
         8.51013e-10,               0.0809
         8.55488e-10,                0.081
         8.60026e-10,               0.0811
         8.64628e-10,               0.0812
         8.69295e-10,               0.0813
         8.74027e-10,               0.0814
         8.78825e-10,               0.0815
         8.83689e-10,               0.0816
          8.8862e-10,               0.0817
          8.9362e-10,               0.0818
         8.98688e-10,               0.0819
         9.03825e-10,                0.082
         9.09033e-10,               0.0821
         9.14312e-10,               0.0822
         9.19662e-10,               0.0823
         9.25085e-10,               0.0824
         9.30582e-10,               0.0825
         9.36152e-10,               0.0826
         9.41798e-10,               0.0827
         9.47519e-10,               0.0828
         9.53318e-10,               0.0829
         9.59194e-10,                0.083
         9.65148e-10,               0.0831
         9.71182e-10,               0.0832
         9.77297e-10,               0.0833
         9.83493e-10,               0.0834
         9.89772e-10,               0.0835
         9.96134e-10,               0.0836
         1.00258e-09,               0.0837
         1.00911e-09,               0.0838
         1.01573e-09,               0.0839
         1.02244e-09,                0.084
         1.02923e-09,               0.0841
         1.03612e-09,               0.0842
         1.04309e-09,               0.0843
         1.05016e-09,               0.0844
         1.05732e-09,               0.0845
         1.06458e-09,               0.0846
         1.07193e-09,               0.0847
         1.07938e-09,               0.0848
         1.08692e-09,               0.0849
         1.09457e-09,                0.085
         1.10232e-09,               0.0851
         1.11016e-09,               0.0852
         1.11812e-09,               0.0853
         1.12617e-09,               0.0854
         1.13434e-09,               0.0855
         1.14261e-09,               0.0856
         1.15099e-09,               0.0857
         1.15948e-09,               0.0858
         1.16808e-09,               0.0859
          1.1768e-09,                0.086
         1.18563e-09,               0.0861
         1.19458e-09,               0.0862
         1.20365e-09,               0.0863
         1.21284e-09,               0.0864
         1.22215e-09,               0.0865
         1.23158e-09,               0.0866
         1.24114e-09,               0.0867
         1.25083e-09,               0.0868
         1.26064e-09,               0.0869
         1.27059e-09,                0.087
         1.28067e-09,               0.0871
         1.29088e-09,               0.0872
         1.30123e-09,               0.0873
         1.31171e-09,               0.0874
         1.32234e-09,               0.0875
         1.33311e-09,               0.0876
         1.34403e-09,               0.0877
         1.35509e-09,               0.0878
          1.3663e-09,               0.0879
         1.37766e-09,                0.088
         1.38918e-09,               0.0881
         1.40085e-09,               0.0882
         1.41268e-09,               0.0883
         1.42466e-09,               0.0884
         1.43682e-09,               0.0885
         1.44913e-09,               0.0886
         1.46162e-09,               0.0887
         1.47427e-09,               0.0888
          1.4871e-09,               0.0889
         1.50011e-09,                0.089
         1.51329e-09,               0.0891
         1.52665e-09,               0.0892
          1.5402e-09,               0.0893
         1.55394e-09,               0.0894
         1.56786e-09,               0.0895
         1.58198e-09,               0.0896
         1.59629e-09,               0.0897
          1.6108e-09,               0.0898
         1.62551e-09,               0.0899
         1.64043e-09,                 0.09
         1.65556e-09,               0.0901
          1.6709e-09,               0.0902
         1.68646e-09,               0.0903
         1.70223e-09,               0.0904
         1.71823e-09,               0.0905
         1.73445e-09,               0.0906
          1.7509e-09,               0.0907
         1.76759e-09,               0.0908
         1.78451e-09,               0.0909
         1.80167e-09,                0.091
         1.81908e-09,               0.0911
         1.83674e-09,               0.0912
         1.85465e-09,               0.0913
         1.87282e-09,               0.0914
         1.89125e-09,               0.0915
         1.90995e-09,               0.0916
         1.92892e-09,               0.0917
         1.94817e-09,               0.0918
         1.96769e-09,               0.0919
          1.9875e-09,                0.092
          2.0076e-09,               0.0921
           2.028e-09,               0.0922
         2.04869e-09,               0.0923
         2.06969e-09,               0.0924
           2.091e-09,               0.0925
         2.11263e-09,               0.0926
         2.13458e-09,               0.0927
         2.15685e-09,               0.0928
         2.17946e-09,               0.0929
         2.20241e-09,                0.093
          2.2257e-09,               0.0931
         2.24935e-09,               0.0932
         2.27335e-09,               0.0933
         2.29771e-09,               0.0934
         2.32245e-09,               0.0935
         2.34756e-09,               0.0936
         2.37305e-09,               0.0937
         2.39894e-09,               0.0938
         2.42522e-09,               0.0939
         2.45191e-09,                0.094
         2.47901e-09,               0.0941
         2.50654e-09,               0.0942
         2.53449e-09,               0.0943
         2.56287e-09,               0.0944
          2.5917e-09,               0.0945
         2.62098e-09,               0.0946
         2.65073e-09,               0.0947
         2.68094e-09,               0.0948
         2.71163e-09,               0.0949
         2.74281e-09,                0.095
         2.77449e-09,               0.0951
         2.80667e-09,               0.0952
         2.83937e-09,               0.0953
          2.8726e-09,               0.0954
         2.90636e-09,               0.0955
         2.94067e-09,               0.0956
         2.97553e-09,               0.0957
         3.01097e-09,               0.0958
         3.04698e-09,               0.0959
         3.08359e-09,                0.096
         3.12079e-09,               0.0961
         3.15862e-09,               0.0962
         3.19706e-09,               0.0963
         3.23615e-09,               0.0964
         3.27589e-09,               0.0965
          3.3163e-09,               0.0966
         3.35738e-09,               0.0967
         3.39916e-09,               0.0968
         3.44164e-09,               0.0969
         3.48485e-09,                0.097
         3.52879e-09,               0.0971
         3.57348e-09,               0.0972
         3.61894e-09,               0.0973
         3.66519e-09,               0.0974
         3.71223e-09,               0.0975
         3.76009e-09,               0.0976
         3.80878e-09,               0.0977
         3.85832e-09,               0.0978
         3.90873e-09,               0.0979
         3.96003e-09,                0.098
         4.01223e-09,               0.0981
         4.06536e-09,               0.0982
         4.11944e-09,               0.0983
         4.17448e-09,               0.0984
         4.23052e-09,               0.0985
         4.28756e-09,               0.0986
         4.34563e-09,               0.0987
         4.40475e-09,               0.0988
         4.46495e-09,               0.0989
         4.52626e-09,                0.099
         4.58869e-09,               0.0991
         4.65227e-09,               0.0992
         4.71703e-09,               0.0993
         4.78299e-09,               0.0994
         4.85018e-09,               0.0995
         4.91863e-09,               0.0996
         4.98837e-09,               0.0997
         5.05943e-09,               0.0998
         5.13184e-09,               0.0999
         5.20562e-09,                  0.1
         5.28082e-09,               0.1001
         5.35746e-09,               0.1002
         5.43558e-09,               0.1003
         5.51521e-09,               0.1004
          5.5964e-09,               0.1005
         5.67917e-09,               0.1006
         5.76357e-09,               0.1007
         5.84963e-09,               0.1008
         5.93739e-09,               0.1009
          6.0269e-09,                0.101
          6.1182e-09,               0.1011
         6.21133e-09,               0.1012
         6.30634e-09,               0.1013
         6.40328e-09,               0.1014
         6.50218e-09,               0.1015
         6.60311e-09,               0.1016
         6.70611e-09,               0.1017
         6.81124e-09,               0.1018
         6.91854e-09,               0.1019
         7.02809e-09,                0.102
         7.13992e-09,               0.1021
          7.2541e-09,               0.1022
          7.3707e-09,               0.1023
         7.48977e-09,               0.1024
         7.61139e-09,               0.1025
         7.73561e-09,               0.1026
         7.86251e-09,               0.1027
         7.99215e-09,               0.1028
         8.12462e-09,               0.1029
         8.25999e-09,                0.103
         8.39833e-09,               0.1031
         8.53973e-09,               0.1032
         8.68427e-09,               0.1033
         8.83204e-09,               0.1034
         8.98312e-09,               0.1035
         9.13761e-09,               0.1036
         9.29561e-09,               0.1037
         9.45721e-09,               0.1038
         9.62252e-09,               0.1039
         9.79163e-09,                0.104
         9.96467e-09,               0.1041
         1.01417e-08,               0.1042
          1.0323e-08,               0.1043
         1.05084e-08,               0.1044
         1.06983e-08,               0.1045
         1.08927e-08,               0.1046
         1.10918e-08,               0.1047
         1.12957e-08,               0.1048
         1.15045e-08,               0.1049
         1.17184e-08,                0.105
         1.19376e-08,               0.1051
         1.21621e-08,               0.1052
         1.23923e-08,               0.1053
         1.26281e-08,               0.1054
           1.287e-08,               0.1055
         1.31179e-08,               0.1056
         1.33721e-08,               0.1057
         1.36329e-08,               0.1058
         1.39003e-08,               0.1059
         1.41747e-08,                0.106
         1.44562e-08,               0.1061
         1.47452e-08,               0.1062
         1.50418e-08,               0.1063
         1.53462e-08,               0.1064
         1.56588e-08,               0.1065
         1.59799e-08,               0.1066
         1.63096e-08,               0.1067
         1.66483e-08,               0.1068
         1.69964e-08,               0.1069
         1.73541e-08,                0.107
         1.77218e-08,               0.1071
         1.80998e-08,               0.1072
         1.84885e-08,               0.1073
         1.88882e-08,               0.1074
         1.92995e-08,               0.1075
         1.97226e-08,               0.1076
          2.0158e-08,               0.1077
         2.06062e-08,               0.1078
         2.10676e-08,               0.1079
         2.15427e-08,                0.108
         2.20322e-08,               0.1081
         2.25363e-08,               0.1082
         2.30559e-08,               0.1083
         2.35914e-08,               0.1084
         2.41435e-08,               0.1085
         2.47127e-08,               0.1086
         2.52999e-08,               0.1087
         2.59057e-08,               0.1088
         2.65309e-08,               0.1089
         2.71762e-08,                0.109
         2.78424e-08,               0.1091
         2.85305e-08,               0.1092
         2.92414e-08,               0.1093
         2.99759e-08,               0.1094
         3.07352e-08,               0.1095
         3.15202e-08,               0.1096
         3.23321e-08,               0.1097
         3.31721e-08,               0.1098
         3.40413e-08,               0.1099
         3.49412e-08,                 0.11
          3.5873e-08,               0.1101
         3.68382e-08,               0.1102
         3.78384e-08,               0.1103
         3.88752e-08,               0.1104
         3.99502e-08,               0.1105
         4.10654e-08,               0.1106
         4.22225e-08,               0.1107
         4.34237e-08,               0.1108
         4.46711e-08,               0.1109
          4.5967e-08,                0.111
         4.73138e-08,               0.1111
          4.8714e-08,               0.1112
         5.01705e-08,               0.1113
          5.1686e-08,               0.1114
         5.32637e-08,               0.1115
         5.49069e-08,               0.1116
         5.66191e-08,               0.1117
          5.8404e-08,               0.1118
         6.02657e-08,               0.1119
         6.22083e-08,                0.112
         6.42364e-08,               0.1121
         6.63549e-08,               0.1122
          6.8569e-08,               0.1123
         7.08844e-08,               0.1124
         7.33069e-08,               0.1125
         7.58431e-08,               0.1126
         7.84999e-08,               0.1127
         8.12847e-08,               0.1128
         8.42056e-08,               0.1129
         8.72711e-08,                0.113
         9.04907e-08,               0.1131
         9.38744e-08,               0.1132
         9.74331e-08,               0.1133
         1.01179e-07,               0.1134
         1.05124e-07,               0.1135
         1.09283e-07,               0.1136
         1.13671e-07,               0.1137
         1.18303e-07,               0.1138
         1.23199e-07,               0.1139
         1.28378e-07,                0.114
         1.33861e-07,               0.1141
         1.39672e-07,               0.1142
         1.45837e-07,               0.1143
         1.52383e-07,               0.1144
         1.59342e-07,               0.1145
         1.66749e-07,               0.1146
         1.74641e-07,               0.1147
          1.8306e-07,               0.1148
         1.92053e-07,               0.1149
         2.01673e-07,                0.115
         2.11976e-07,               0.1151
         2.23027e-07,               0.1152
         2.34899e-07,               0.1153
         2.47672e-07,               0.1154
         2.61437e-07,               0.1155
         2.76298e-07,               0.1156
          2.9237e-07,               0.1157
         3.09786e-07,               0.1158
         3.28697e-07,               0.1159
         3.49273e-07,                0.116
         3.71712e-07,               0.1161
          3.9624e-07,               0.1162
         4.23119e-07,               0.1163
         4.52654e-07,               0.1164
         4.85197e-07,               0.1165
         5.21164e-07,               0.1166
         5.61043e-07,               0.1167
          6.0541e-07,               0.1168
         6.54952e-07,               0.1169
         7.10492e-07,                0.117
         7.73021e-07,               0.1171
         8.43742e-07,               0.1172
         9.24127e-07,               0.1173
         1.01599e-06,               0.1174
         1.12159e-06,               0.1175
         1.24378e-06,               0.1176
         1.38615e-06,               0.1177
         1.55336e-06,               0.1178
         1.75145e-06,               0.1179
         1.98844e-06,                0.118
         2.27507e-06,               0.1181
         2.62608e-06,               0.1182
         3.06209e-06,               0.1183
         3.61263e-06,               0.1184
         4.32119e-06,               0.1185
         5.25399e-06,               0.1186
         6.51581e-06,               0.1187
         8.28032e-06,               0.1188
         1.08525e-05,               0.1189
         1.48086e-05,                0.119
         2.13456e-05,               0.1191
         3.32972e-05,               0.1192
         5.87857e-05,               0.1193
         0.000129648,               0.1194
         0.000483082,               0.1195
           0.0785949,               0.1196
          0.00067878,               0.1197
         0.000156637,               0.1198
         6.81252e-05,               0.1199
         3.80356e-05,                 0.12
          2.4298e-05,               0.1201
         1.68897e-05,               0.1202
         1.24404e-05,               0.1203
         9.55858e-06,               0.1204
         7.58437e-06,               0.1205
          6.1722e-06,               0.1206
         5.12672e-06,               0.1207
         4.33072e-06,               0.1208
          3.7104e-06,               0.1209
         3.21741e-06,                0.121
         2.81898e-06,               0.1211
         2.49226e-06,               0.1212
         2.22093e-06,               0.1213
         1.99306e-06,               0.1214
         1.79977e-06,               0.1215
         1.63437e-06,               0.1216
          1.4917e-06,               0.1217
         1.36774e-06,               0.1218
         1.25932e-06,               0.1219
         1.16395e-06,                0.122
         1.07957e-06,               0.1221
         1.00456e-06,               0.1222
         9.37554e-07,               0.1223
         8.77449e-07,               0.1224
         8.23316e-07,               0.1225
         7.74382e-07,               0.1226
         7.29993e-07,               0.1227
         6.89598e-07,               0.1228
         6.52725e-07,               0.1229
         6.18972e-07,                0.123
         5.87992e-07,               0.1231
         5.59485e-07,               0.1232
         5.33192e-07,               0.1233
         5.08886e-07,               0.1234
         4.86369e-07,               0.1235
         4.65468e-07,               0.1236
         4.46028e-07,               0.1237
         4.27916e-07,               0.1238
         4.11011e-07,               0.1239
         3.95207e-07,                0.124
         3.80408e-07,               0.1241
         3.66531e-07,               0.1242
         3.53498e-07,               0.1243
         3.41242e-07,               0.1244
         3.29702e-07,               0.1245
         3.18821e-07,               0.1246
          3.0855e-07,               0.1247
         2.98843e-07,               0.1248
          2.8966e-07,               0.1249
         2.80962e-07,                0.125
         2.72715e-07,               0.1251
         2.64889e-07,               0.1252
         2.57454e-07,               0.1253
         2.50385e-07,               0.1254
         2.43658e-07,               0.1255
         2.37251e-07,               0.1256
         2.31143e-07,               0.1257
         2.25316e-07,               0.1258
         2.19752e-07,               0.1259
         2.14437e-07,                0.126
         2.09354e-07,               0.1261
         2.04491e-07,               0.1262
         1.99835e-07,               0.1263
         1.95374e-07,               0.1264
         1.91097e-07,               0.1265
         1.86995e-07,               0.1266
         1.83057e-07,               0.1267
         1.79275e-07,               0.1268
         1.75641e-07,               0.1269
         1.72147e-07,                0.127
         1.68786e-07,               0.1271
         1.65551e-07,               0.1272
         1.62436e-07,               0.1273
         1.59435e-07,               0.1274
         1.56543e-07,               0.1275
         1.53754e-07,               0.1276
         1.51063e-07,               0.1277
         1.48467e-07,               0.1278
          1.4596e-07,               0.1279
         1.43538e-07,                0.128
         1.41198e-07,               0.1281
         1.38936e-07,               0.1282
         1.36749e-07,               0.1283
         1.34633e-07,               0.1284
         1.32585e-07,               0.1285
         1.30603e-07,               0.1286
         1.28683e-07,               0.1287
         1.26824e-07,               0.1288
         1.25022e-07,               0.1289
         1.23276e-07,                0.129
         1.21583e-07,               0.1291
         1.19941e-07,               0.1292
         1.18348e-07,               0.1293
         1.16802e-07,               0.1294
         1.15301e-07,               0.1295
         1.13844e-07,               0.1296
         1.12429e-07,               0.1297
         1.11055e-07,               0.1298
         1.09719e-07,               0.1299
         1.08421e-07,                 0.13
          1.0716e-07,               0.1301
         1.05933e-07,               0.1302
          1.0474e-07,               0.1303
          1.0358e-07,               0.1304
         1.02451e-07,               0.1305
         1.01352e-07,               0.1306
         1.00283e-07,               0.1307
         9.92421e-08,               0.1308
         9.82286e-08,               0.1309
         9.72418e-08,                0.131
         9.62806e-08,               0.1311
         9.53442e-08,               0.1312
          9.4432e-08,               0.1313
          9.3543e-08,               0.1314
         9.26767e-08,               0.1315
         9.18323e-08,               0.1316
         9.10091e-08,               0.1317
         9.02065e-08,               0.1318
         8.94238e-08,               0.1319
         8.86606e-08,                0.132
         8.79161e-08,               0.1321
           8.719e-08,               0.1322
         8.64816e-08,               0.1323
         8.57904e-08,               0.1324
          8.5116e-08,               0.1325
         8.44578e-08,               0.1326
         8.38155e-08,               0.1327
         8.31886e-08,               0.1328
         8.25767e-08,               0.1329
         8.19793e-08,                0.133
         8.13962e-08,               0.1331
         8.08268e-08,               0.1332
         8.02709e-08,               0.1333
         7.97281e-08,               0.1334
         7.91981e-08,               0.1335
         7.86805e-08,               0.1336
         7.81751e-08,               0.1337
         7.76815e-08,               0.1338
         7.71994e-08,               0.1339
         7.67285e-08,                0.134
         7.62687e-08,               0.1341
         7.58195e-08,               0.1342
         7.53808e-08,               0.1343
         7.49524e-08,               0.1344
         7.45339e-08,               0.1345
         7.41251e-08,               0.1346
         7.37259e-08,               0.1347
         7.33359e-08,               0.1348
         7.29551e-08,               0.1349
         7.25832e-08,                0.135
         7.22199e-08,               0.1351
         7.18652e-08,               0.1352
         7.15188e-08,               0.1353
         7.11805e-08,               0.1354
         7.08502e-08,               0.1355
         7.05278e-08,               0.1356
         7.02129e-08,               0.1357
         6.99056e-08,               0.1358
         6.96056e-08,               0.1359
         6.93128e-08,                0.136
          6.9027e-08,               0.1361
         6.87481e-08,               0.1362
          6.8476e-08,               0.1363
         6.82106e-08,               0.1364
         6.79517e-08,               0.1365
         6.76991e-08,               0.1366
         6.74529e-08,               0.1367
         6.72128e-08,               0.1368
         6.69787e-08,               0.1369
         6.67506e-08,                0.137
         6.65283e-08,               0.1371
         6.63117e-08,               0.1372
         6.61008e-08,               0.1373
         6.58954e-08,               0.1374
         6.56954e-08,               0.1375
         6.55008e-08,               0.1376
         6.53114e-08,               0.1377
         6.51272e-08,               0.1378
         6.49481e-08,               0.1379
          6.4774e-08,                0.138
         6.46049e-08,               0.1381
         6.44405e-08,               0.1382
          6.4281e-08,               0.1383
         6.41262e-08,               0.1384
         6.39759e-08,               0.1385
         6.38303e-08,               0.1386
         6.36891e-08,               0.1387
         6.35524e-08,               0.1388
           6.342e-08,               0.1389
          6.3292e-08,                0.139
         6.31682e-08,               0.1391
         6.30486e-08,               0.1392
         6.29331e-08,               0.1393
         6.28217e-08,               0.1394
         6.27143e-08,               0.1395
         6.26109e-08,               0.1396
         6.25115e-08,               0.1397
         6.24159e-08,               0.1398
         6.23241e-08,               0.1399
         6.22361e-08,                 0.14
         6.21519e-08,               0.1401
         6.20713e-08,               0.1402
         6.19944e-08,               0.1403
         6.19211e-08,               0.1404
         6.18514e-08,               0.1405
         6.17852e-08,               0.1406
         6.17225e-08,               0.1407
         6.16633e-08,               0.1408
         6.16074e-08,               0.1409
          6.1555e-08,                0.141
         6.15059e-08,               0.1411
         6.14602e-08,               0.1412
         6.14177e-08,               0.1413
         6.13785e-08,               0.1414
         6.13426e-08,               0.1415
         6.13098e-08,               0.1416
         6.12802e-08,               0.1417
         6.12538e-08,               0.1418
         6.12304e-08,               0.1419
         6.12102e-08,                0.142
         6.11931e-08,               0.1421
          6.1179e-08,               0.1422
         6.11679e-08,               0.1423
         6.11598e-08,               0.1424
         6.11547e-08,               0.1425
         6.11526e-08,               0.1426
         6.11534e-08,               0.1427
         6.11571e-08,               0.1428
         6.11638e-08,               0.1429
         6.11733e-08,                0.143
         6.11857e-08,               0.1431
         6.12009e-08,               0.1432
          6.1219e-08,               0.1433
         6.12399e-08,               0.1434
         6.12636e-08,               0.1435
         6.12901e-08,               0.1436
         6.13194e-08,               0.1437
         6.13514e-08,               0.1438
         6.13862e-08,               0.1439
         6.14238e-08,                0.144
          6.1464e-08,               0.1441
          6.1507e-08,               0.1442
         6.15527e-08,               0.1443
         6.16011e-08,               0.1444
         6.16521e-08,               0.1445
         6.17059e-08,               0.1446
         6.17623e-08,               0.1447
         6.18214e-08,               0.1448
         6.18831e-08,               0.1449
         6.19475e-08,                0.145
         6.20146e-08,               0.1451
         6.20843e-08,               0.1452
         6.21566e-08,               0.1453
         6.22315e-08,               0.1454
         6.23091e-08,               0.1455
         6.23892e-08,               0.1456
          6.2472e-08,               0.1457
         6.25574e-08,               0.1458
         6.26455e-08,               0.1459
         6.27361e-08,                0.146
         6.28293e-08,               0.1461
         6.29251e-08,               0.1462
         6.30236e-08,               0.1463
         6.31246e-08,               0.1464
         6.32282e-08,               0.1465
         6.33345e-08,               0.1466
         6.34433e-08,               0.1467
         6.35547e-08,               0.1468
         6.36688e-08,               0.1469
         6.37854e-08,                0.147
         6.39047e-08,               0.1471
         6.40265e-08,               0.1472
          6.4151e-08,               0.1473
         6.42781e-08,               0.1474
         6.44078e-08,               0.1475
         6.45401e-08,               0.1476
         6.46751e-08,               0.1477
         6.48127e-08,               0.1478
         6.49529e-08,               0.1479
         6.50958e-08,                0.148
         6.52413e-08,               0.1481
         6.53895e-08,               0.1482
         6.55403e-08,               0.1483
         6.56938e-08,               0.1484
         6.58499e-08,               0.1485
         6.60088e-08,               0.1486
         6.61703e-08,               0.1487
         6.63345e-08,               0.1488
         6.65015e-08,               0.1489
         6.66711e-08,                0.149
         6.68435e-08,               0.1491
         6.70186e-08,               0.1492
         6.71964e-08,               0.1493
          6.7377e-08,               0.1494
         6.75604e-08,               0.1495
         6.77465e-08,               0.1496
         6.79355e-08,               0.1497
         6.81272e-08,               0.1498
         6.83217e-08,               0.1499
          6.8519e-08,                 0.15
         6.87192e-08,               0.1501
         6.89222e-08,               0.1502
         6.91281e-08,               0.1503
         6.93369e-08,               0.1504
         6.95485e-08,               0.1505
         6.97631e-08,               0.1506
         6.99805e-08,               0.1507
         7.02009e-08,               0.1508
         7.04242e-08,               0.1509
         7.06505e-08,                0.151
         7.08798e-08,               0.1511
         7.11121e-08,               0.1512
         7.13474e-08,               0.1513
         7.15857e-08,               0.1514
         7.18271e-08,               0.1515
         7.20715e-08,               0.1516
          7.2319e-08,               0.1517
         7.25696e-08,               0.1518
         7.28233e-08,               0.1519
         7.30802e-08,                0.152
         7.33402e-08,               0.1521
         7.36034e-08,               0.1522
         7.38699e-08,               0.1523
         7.41395e-08,               0.1524
         7.44124e-08,               0.1525
         7.46885e-08,               0.1526
         7.49679e-08,               0.1527
         7.52507e-08,               0.1528
         7.55367e-08,               0.1529
         7.58262e-08,                0.153
          7.6119e-08,               0.1531
         7.64152e-08,               0.1532
         7.67148e-08,               0.1533
         7.70179e-08,               0.1534
         7.73245e-08,               0.1535
         7.76345e-08,               0.1536
         7.79481e-08,               0.1537
         7.82653e-08,               0.1538
          7.8586e-08,               0.1539
         7.89104e-08,                0.154
         7.92384e-08,               0.1541
           7.957e-08,               0.1542
         7.99054e-08,               0.1543
         8.02444e-08,               0.1544
         8.05873e-08,               0.1545
         8.09339e-08,               0.1546
         8.12843e-08,               0.1547
         8.16386e-08,               0.1548
         8.19967e-08,               0.1549
         8.23588e-08,                0.155
         8.27248e-08,               0.1551
         8.30948e-08,               0.1552
         8.34688e-08,               0.1553
         8.38468e-08,               0.1554
         8.42289e-08,               0.1555
         8.46152e-08,               0.1556
         8.50055e-08,               0.1557
         8.54001e-08,               0.1558
         8.57989e-08,               0.1559
         8.62019e-08,                0.156
         8.66093e-08,               0.1561
         8.70209e-08,               0.1562
          8.7437e-08,               0.1563
         8.78574e-08,               0.1564
         8.82823e-08,               0.1565
         8.87117e-08,               0.1566
         8.91456e-08,               0.1567
         8.95841e-08,               0.1568
         9.00272e-08,               0.1569
          9.0475e-08,                0.157
         9.09275e-08,               0.1571
         9.13847e-08,               0.1572
         9.18467e-08,               0.1573
         9.23136e-08,               0.1574
         9.27853e-08,               0.1575
          9.3262e-08,               0.1576
         9.37436e-08,               0.1577
         9.42303e-08,               0.1578
          9.4722e-08,               0.1579
         9.52188e-08,                0.158
         9.57209e-08,               0.1581
         9.62281e-08,               0.1582
         9.67406e-08,               0.1583
         9.72585e-08,               0.1584
         9.77817e-08,               0.1585
         9.83104e-08,               0.1586
         9.88445e-08,               0.1587
         9.93842e-08,               0.1588
         9.99294e-08,               0.1589
          1.0048e-07,                0.159
         1.01037e-07,               0.1591
         1.01599e-07,               0.1592
         1.02168e-07,               0.1593
         1.02742e-07,               0.1594
         1.03322e-07,               0.1595
         1.03908e-07,               0.1596
           1.045e-07,               0.1597
         1.05098e-07,               0.1598
         1.05703e-07,               0.1599
         1.06313e-07,                 0.16
          1.0693e-07,               0.1601
         1.07554e-07,               0.1602
         1.08184e-07,               0.1603
          1.0882e-07,               0.1604
         1.09463e-07,               0.1605
         1.10113e-07,               0.1606
         1.10769e-07,               0.1607
         1.11433e-07,               0.1608
         1.12103e-07,               0.1609
          1.1278e-07,                0.161
         1.13464e-07,               0.1611
         1.14155e-07,               0.1612
         1.14854e-07,               0.1613
         1.15559e-07,               0.1614
         1.16272e-07,               0.1615
         1.16993e-07,               0.1616
         1.17721e-07,               0.1617
         1.18456e-07,               0.1618
           1.192e-07,               0.1619
         1.19951e-07,                0.162
          1.2071e-07,               0.1621
         1.21476e-07,               0.1622
         1.22251e-07,               0.1623
         1.23034e-07,               0.1624
         1.23825e-07,               0.1625
         1.24625e-07,               0.1626
         1.25433e-07,               0.1627
         1.26249e-07,               0.1628
         1.27074e-07,               0.1629
         1.27907e-07,                0.163
          1.2875e-07,               0.1631
         1.29601e-07,               0.1632
         1.30461e-07,               0.1633
         1.31331e-07,               0.1634
         1.32209e-07,               0.1635
         1.33097e-07,               0.1636
         1.33994e-07,               0.1637
         1.34901e-07,               0.1638
         1.35817e-07,               0.1639
         1.36744e-07,                0.164
          1.3768e-07,               0.1641
         1.38626e-07,               0.1642
         1.39582e-07,               0.1643
         1.40548e-07,               0.1644
         1.41525e-07,               0.1645
         1.42512e-07,               0.1646
         1.43509e-07,               0.1647
         1.44518e-07,               0.1648
         1.45537e-07,               0.1649
         1.46567e-07,                0.165
         1.47609e-07,               0.1651
         1.48661e-07,               0.1652
         1.49725e-07,               0.1653
           1.508e-07,               0.1654
         1.51887e-07,               0.1655
         1.52986e-07,               0.1656
         1.54097e-07,               0.1657
          1.5522e-07,               0.1658
         1.56355e-07,               0.1659
         1.57503e-07,                0.166
         1.58663e-07,               0.1661
         1.59835e-07,               0.1662
         1.61021e-07,               0.1663
          1.6222e-07,               0.1664
         1.63431e-07,               0.1665
         1.64656e-07,               0.1666
         1.65895e-07,               0.1667
         1.67147e-07,               0.1668
         1.68414e-07,               0.1669
         1.69694e-07,                0.167
         1.70988e-07,               0.1671
         1.72297e-07,               0.1672
          1.7362e-07,               0.1673
         1.74958e-07,               0.1674
         1.76311e-07,               0.1675
         1.77679e-07,               0.1676
         1.79063e-07,               0.1677
         1.80462e-07,               0.1678
         1.81876e-07,               0.1679
         1.83307e-07,                0.168
         1.84754e-07,               0.1681
         1.86217e-07,               0.1682
         1.87696e-07,               0.1683
         1.89193e-07,               0.1684
         1.90706e-07,               0.1685
         1.92237e-07,               0.1686
         1.93785e-07,               0.1687
         1.95351e-07,               0.1688
         1.96934e-07,               0.1689
         1.98536e-07,                0.169
         2.00156e-07,               0.1691
         2.01795e-07,               0.1692
         2.03453e-07,               0.1693
          2.0513e-07,               0.1694
         2.06826e-07,               0.1695
         2.08542e-07,               0.1696
         2.10277e-07,               0.1697
         2.12033e-07,               0.1698
          2.1381e-07,               0.1699
         2.15607e-07,                 0.17
         2.17425e-07,               0.1701
         2.19264e-07,               0.1702
         2.21126e-07,               0.1703
         2.23008e-07,               0.1704
         2.24914e-07,               0.1705
         2.26841e-07,               0.1706
         2.28792e-07,               0.1707
         2.30765e-07,               0.1708
         2.32762e-07,               0.1709
         2.34783e-07,                0.171
         2.36828e-07,               0.1711
         2.38897e-07,               0.1712
         2.40991e-07,               0.1713
          2.4311e-07,               0.1714
         2.45255e-07,               0.1715
         2.47426e-07,               0.1716
         2.49622e-07,               0.1717
         2.51846e-07,               0.1718
         2.54096e-07,               0.1719
         2.56373e-07,                0.172
         2.58679e-07,               0.1721
         2.61012e-07,               0.1722
         2.63374e-07,               0.1723
         2.65765e-07,               0.1724
         2.68186e-07,               0.1725
         2.70636e-07,               0.1726
         2.73116e-07,               0.1727
         2.75627e-07,               0.1728
         2.78169e-07,               0.1729
         2.80743e-07,                0.173
         2.83348e-07,               0.1731
         2.85987e-07,               0.1732
         2.88658e-07,               0.1733
         2.91362e-07,               0.1734
         2.94101e-07,               0.1735
         2.96874e-07,               0.1736
         2.99682e-07,               0.1737
         3.02525e-07,               0.1738
         3.05405e-07,               0.1739
         3.08321e-07,                0.174
         3.11274e-07,               0.1741
         3.14265e-07,               0.1742
         3.17294e-07,               0.1743
         3.20361e-07,               0.1744
         3.23469e-07,               0.1745
         3.26616e-07,               0.1746
         3.29804e-07,               0.1747
         3.33033e-07,               0.1748
         3.36304e-07,               0.1749
         3.39617e-07,                0.175
         3.42974e-07,               0.1751
         3.46375e-07,               0.1752
          3.4982e-07,               0.1753
          3.5331e-07,               0.1754
         3.56846e-07,               0.1755
         3.60429e-07,               0.1756
         3.64059e-07,               0.1757
         3.67737e-07,               0.1758
         3.71464e-07,               0.1759
         3.75241e-07,                0.176
         3.79068e-07,               0.1761
         3.82946e-07,               0.1762
         3.86877e-07,               0.1763
          3.9086e-07,               0.1764
         3.94897e-07,               0.1765
         3.98989e-07,               0.1766
         4.03136e-07,               0.1767
         4.07339e-07,               0.1768
           4.116e-07,               0.1769
         4.15919e-07,                0.177
         4.20297e-07,               0.1771
         4.24735e-07,               0.1772
         4.29234e-07,               0.1773
         4.33795e-07,               0.1774
          4.3842e-07,               0.1775
         4.43108e-07,               0.1776
         4.47862e-07,               0.1777
         4.52682e-07,               0.1778
         4.57569e-07,               0.1779
         4.62525e-07,                0.178
         4.67551e-07,               0.1781
         4.72648e-07,               0.1782
         4.77816e-07,               0.1783
         4.83058e-07,               0.1784
         4.88375e-07,               0.1785
         4.93767e-07,               0.1786
         4.99236e-07,               0.1787
         5.04783e-07,               0.1788
         5.10411e-07,               0.1789
         5.16119e-07,                0.179
          5.2191e-07,               0.1791
         5.27785e-07,               0.1792
         5.33745e-07,               0.1793
         5.39792e-07,               0.1794
         5.45927e-07,               0.1795
         5.52153e-07,               0.1796
          5.5847e-07,               0.1797
          5.6488e-07,               0.1798
         5.71384e-07,               0.1799
         5.77985e-07,                 0.18
         5.84685e-07,               0.1801
         5.91484e-07,               0.1802
         5.98385e-07,               0.1803
         6.05389e-07,               0.1804
         6.12499e-07,               0.1805
         6.19716e-07,               0.1806
         6.27043e-07,               0.1807
          6.3448e-07,               0.1808
         6.42031e-07,               0.1809
         6.49697e-07,                0.181
         6.57481e-07,               0.1811
         6.65384e-07,               0.1812
         6.73409e-07,               0.1813
         6.81558e-07,               0.1814
         6.89834e-07,               0.1815
         6.98238e-07,               0.1816
         7.06773e-07,               0.1817
         7.15442e-07,               0.1818
         7.24247e-07,               0.1819
         7.33191e-07,                0.182
         7.42276e-07,               0.1821
         7.51505e-07,               0.1822
         7.60881e-07,               0.1823
         7.70407e-07,               0.1824
         7.80085e-07,               0.1825
         7.89918e-07,               0.1826
          7.9991e-07,               0.1827
         8.10063e-07,               0.1828
         8.20381e-07,               0.1829
         8.30866e-07,                0.183
         8.41523e-07,               0.1831
         8.52355e-07,               0.1832
         8.63364e-07,               0.1833
         8.74555e-07,               0.1834
         8.85931e-07,               0.1835
         8.97496e-07,               0.1836
         9.09253e-07,               0.1837
         9.21207e-07,               0.1838
         9.33361e-07,               0.1839
          9.4572e-07,                0.184
         9.58288e-07,               0.1841
         9.71068e-07,               0.1842
         9.84066e-07,               0.1843
         9.97286e-07,               0.1844
         1.01073e-06,               0.1845
         1.02441e-06,               0.1846
         1.03832e-06,               0.1847
         1.05248e-06,               0.1848
         1.06688e-06,               0.1849
         1.08153e-06,                0.185
         1.09643e-06,               0.1851
          1.1116e-06,               0.1852
         1.12704e-06,               0.1853
         1.14275e-06,               0.1854
         1.15874e-06,               0.1855
         1.17501e-06,               0.1856
         1.19157e-06,               0.1857
         1.20843e-06,               0.1858
          1.2256e-06,               0.1859
         1.24308e-06,                0.186
         1.26087e-06,               0.1861
         1.27899e-06,               0.1862
         1.29744e-06,               0.1863
         1.31623e-06,               0.1864
         1.33536e-06,               0.1865
         1.35485e-06,               0.1866
          1.3747e-06,               0.1867
         1.39493e-06,               0.1868
         1.41553e-06,               0.1869
         1.43652e-06,                0.187
          1.4579e-06,               0.1871
          1.4797e-06,               0.1872
          1.5019e-06,               0.1873
         1.52454e-06,               0.1874
          1.5476e-06,               0.1875
         1.57111e-06,               0.1876
         1.59508e-06,               0.1877
         1.61951e-06,               0.1878
         1.64442e-06,               0.1879
         1.66982e-06,                0.188
         1.69572e-06,               0.1881
         1.72213e-06,               0.1882
         1.74906e-06,               0.1883
         1.77654e-06,               0.1884
         1.80456e-06,               0.1885
         1.83315e-06,               0.1886
         1.86232e-06,               0.1887
         1.89207e-06,               0.1888
         1.92244e-06,               0.1889
         1.95343e-06,                0.189
         1.98505e-06,               0.1891
         2.01733e-06,               0.1892
         2.05028e-06,               0.1893
         2.08392e-06,               0.1894
         2.11826e-06,               0.1895
         2.15333e-06,               0.1896
         2.18914e-06,               0.1897
         2.22571e-06,               0.1898
         2.26306e-06,               0.1899
         2.30122e-06,                 0.19
         2.34019e-06,               0.1901
         2.38002e-06,               0.1902
         2.42071e-06,               0.1903
         2.46229e-06,               0.1904
         2.50478e-06,               0.1905
         2.54822e-06,               0.1906
         2.59262e-06,               0.1907
         2.63801e-06,               0.1908
         2.68442e-06,               0.1909
         2.73188e-06,                0.191
         2.78042e-06,               0.1911
         2.83006e-06,               0.1912
         2.88085e-06,               0.1913
          2.9328e-06,               0.1914
         2.98595e-06,               0.1915
         3.04035e-06,               0.1916
         3.09601e-06,               0.1917
         3.15299e-06,               0.1918
         3.21132e-06,               0.1919
         3.27103e-06,                0.192
         3.33218e-06,               0.1921
          3.3948e-06,               0.1922
         3.45893e-06,               0.1923
         3.52463e-06,               0.1924
         3.59193e-06,               0.1925
         3.66089e-06,               0.1926
         3.73156e-06,               0.1927
         3.80399e-06,               0.1928
         3.87824e-06,               0.1929
         3.95436e-06,                0.193
         4.03241e-06,               0.1931
         4.11245e-06,               0.1932
         4.19455e-06,               0.1933
         4.27877e-06,               0.1934
         4.36518e-06,               0.1935
         4.45384e-06,               0.1936
         4.54485e-06,               0.1937
         4.63826e-06,               0.1938
         4.73417e-06,               0.1939
         4.83265e-06,                0.194
         4.93379e-06,               0.1941
         5.03768e-06,               0.1942
         5.14441e-06,               0.1943
         5.25409e-06,               0.1944
         5.36681e-06,               0.1945
         5.48267e-06,               0.1946
          5.6018e-06,               0.1947
          5.7243e-06,               0.1948
         5.85029e-06,               0.1949
         5.97991e-06,                0.195
         6.11327e-06,               0.1951
         6.25052e-06,               0.1952
          6.3918e-06,               0.1953
         6.53725e-06,               0.1954
         6.68704e-06,               0.1955
         6.84132e-06,               0.1956
         7.00027e-06,               0.1957
         7.16406e-06,               0.1958
         7.33288e-06,               0.1959
         7.50693e-06,                0.196
          7.6864e-06,               0.1961
         7.87152e-06,               0.1962
          8.0625e-06,               0.1963
         8.25959e-06,               0.1964
         8.46302e-06,               0.1965
         8.67306e-06,               0.1966
         8.88998e-06,               0.1967
         9.11407e-06,               0.1968
         9.34562e-06,               0.1969
         9.58495e-06,                0.197
         9.83239e-06,               0.1971
         1.00883e-05,               0.1972
          1.0353e-05,               0.1973
          1.0627e-05,               0.1974
         1.09106e-05,               0.1975
         1.12042e-05,               0.1976
         1.15084e-05,               0.1977
         1.18235e-05,               0.1978
         1.21502e-05,               0.1979
         1.24888e-05,                0.198
         1.28401e-05,               0.1981
         1.32046e-05,               0.1982
         1.35829e-05,               0.1983
         1.39757e-05,               0.1984
         1.43837e-05,               0.1985
         1.48078e-05,               0.1986
         1.52485e-05,               0.1987
          1.5707e-05,               0.1988
         1.61839e-05,               0.1989
         1.66803e-05,                0.199
         1.71973e-05,               0.1991
         1.77359e-05,               0.1992
         1.82972e-05,               0.1993
         1.88826e-05,               0.1994
         1.94933e-05,               0.1995
         2.01308e-05,               0.1996
         2.07965e-05,               0.1997
         2.14922e-05,               0.1998
         2.22194e-05,               0.1999
         2.29802e-05,                  0.2
         2.37764e-05,               0.2001
         2.46102e-05,               0.2002
          2.5484e-05,               0.2003
         2.64002e-05,               0.2004
         2.73615e-05,               0.2005
         2.83708e-05,               0.2006
         2.94312e-05,               0.2007
          3.0546e-05,               0.2008
         3.17189e-05,               0.2009
         3.29539e-05,                0.201
         3.42552e-05,               0.2011
         3.56275e-05,               0.2012
         3.70758e-05,               0.2013
         3.86057e-05,               0.2014
         4.02233e-05,               0.2015
         4.19349e-05,               0.2016
         4.37479e-05,               0.2017
         4.56702e-05,               0.2018
         4.77103e-05,               0.2019
         4.98778e-05,                0.202
         5.21832e-05,               0.2021
          5.4638e-05,               0.2022
         5.72551e-05,               0.2023
         6.00485e-05,               0.2024
         6.30339e-05,               0.2025
          6.6229e-05,               0.2026
         6.96531e-05,               0.2027
          7.3328e-05,               0.2028
         7.72782e-05,               0.2029
         8.15311e-05,                0.203
         8.61175e-05,               0.2031
         9.10723e-05,               0.2032
         9.64349e-05,               0.2033
          0.00010225,               0.2034
          0.00010857,               0.2035
         0.000115451,               0.2036
         0.000122962,               0.2037
          0.00013118,               0.2038
         0.000140194,               0.2039
         0.000150109,                0.204
         0.000161045,               0.2041
         0.000173146,               0.2042
         0.000186578,               0.2043
         0.000201541,               0.2044
         0.000218272,               0.2045
         0.000237056,               0.2046
         0.000258236,               0.2047
         0.000282231,               0.2048
         0.000309553,               0.2049
         0.000340838,                0.205
         0.000376878,               0.2051
         0.000418672,               0.2052
         0.000467496,               0.2053
         0.000524996,               0.2054
         0.000593328,               0.2055
         0.000675356,               0.2056
         0.000774953,               0.2057
         0.000897456,               0.2058
          0.00105039,               0.2059
           0.0012446,                0.206
          0.00149625,               0.2061
          0.00183019,               0.2062
          0.00228626,               0.2063
          0.00293155,               0.2064
          0.00388618,               0.2065
          0.00538263,               0.2066
          0.00791948,               0.2067
           0.0127288,               0.2068
           0.0235664,               0.2069
           0.0566103,                0.207
            0.247652,               0.2071
            0.747638,               0.2072
             0.10695,               0.2073
           0.0358879,               0.2074
           0.0176454,               0.2075
            0.010464,               0.2076
          0.00692804,               0.2077
          0.00493106,               0.2078
           0.0036937,               0.2079
          0.00287399,                0.208
          0.00230282,               0.2081
          0.00188877,               0.2082
          0.00157892,               0.2083
          0.00134093,               0.2084
          0.00115409,               0.2085
          0.00100466,               0.2086
         0.000883242,               0.2087
         0.000783208,               0.2088
         0.000699788,               0.2089
         0.000629473,                0.209
         0.000569637,               0.2091
         0.000518283,               0.2092
         0.000473867,               0.2093
         0.000435183,               0.2094
         0.000401279,               0.2095
          0.00037139,               0.2096
         0.000344901,               0.2097
          0.00032131,               0.2098
         0.000300206,               0.2099
         0.000281246,                 0.21
         0.000264147,               0.2101
          0.00024867,               0.2102
         0.000234614,               0.2103
         0.000221808,               0.2104
         0.000210106,               0.2105
         0.000199384,               0.2106
         0.000189533,               0.2107
         0.000180461,               0.2108
         0.000172086,               0.2109
         0.000164337,                0.211
         0.000157154,               0.2111
         0.000150481,               0.2112
         0.000144271,               0.2113
          0.00013848,               0.2114
         0.000133073,               0.2115
         0.000128014,               0.2116
         0.000123274,               0.2117
         0.000118827,               0.2118
         0.000114649,               0.2119
         0.000110717,                0.212
         0.000107013,               0.2121
         0.000103519,               0.2122
         0.000100219,               0.2123
         9.70996e-05,               0.2124
         9.41467e-05,               0.2125
         9.13488e-05,               0.2126
          8.8695e-05,               0.2127
         8.61754e-05,               0.2128
         8.37811e-05,               0.2129
         8.15037e-05,                0.213
         7.93356e-05,               0.2131
         7.72698e-05,               0.2132
            7.53e-05,               0.2133
         7.34201e-05,               0.2134
         7.16246e-05,               0.2135
         6.99086e-05,               0.2136
         6.82674e-05,               0.2137
         6.66966e-05,               0.2138
         6.51921e-05,               0.2139
         6.37503e-05,                0.214
         6.23677e-05,               0.2141
         6.10411e-05,               0.2142
         5.97673e-05,               0.2143
         5.85437e-05,               0.2144
         5.73677e-05,               0.2145
         5.62366e-05,               0.2146
         5.51484e-05,               0.2147
         5.41007e-05,               0.2148
         5.30917e-05,               0.2149
         5.21194e-05,                0.215
          5.1182e-05,               0.2151
         5.02779e-05,               0.2152
         4.94056e-05,               0.2153
         4.85635e-05,               0.2154
         4.77502e-05,               0.2155
         4.69646e-05,               0.2156
         4.62052e-05,               0.2157
         4.54711e-05,               0.2158
          4.4761e-05,               0.2159
         4.40739e-05,                0.216
          4.3409e-05,               0.2161
         4.27651e-05,               0.2162
         4.21415e-05,               0.2163
         4.15373e-05,               0.2164
         4.09518e-05,               0.2165
         4.03841e-05,               0.2166
         3.98336e-05,               0.2167
         3.92996e-05,               0.2168
         3.87814e-05,               0.2169
         3.82786e-05,                0.217
         3.77903e-05,               0.2171
         3.73162e-05,               0.2172
         3.68557e-05,               0.2173
         3.64083e-05,               0.2174
         3.59735e-05,               0.2175
         3.55509e-05,               0.2176
           3.514e-05,               0.2177
         3.47404e-05,               0.2178
         3.43517e-05,               0.2179
         3.39736e-05,                0.218
         3.36056e-05,               0.2181
         3.32475e-05,               0.2182
          3.2899e-05,               0.2183
         3.25596e-05,               0.2184
          3.2229e-05,               0.2185
         3.19071e-05,               0.2186
         3.15936e-05,               0.2187
          3.1288e-05,               0.2188
         3.09903e-05,               0.2189
         3.07002e-05,                0.219
         3.04173e-05,               0.2191
         3.01416e-05,               0.2192
         2.98728e-05,               0.2193
         2.96106e-05,               0.2194
         2.93549e-05,               0.2195
         2.91055e-05,               0.2196
         2.88623e-05,               0.2197
         2.86249e-05,               0.2198
         2.83933e-05,               0.2199
         2.81673e-05,                 0.22
         2.79467e-05,               0.2201
         2.77314e-05,               0.2202
         2.75213e-05,               0.2203
         2.73162e-05,               0.2204
         2.71159e-05,               0.2205
         2.69203e-05,               0.2206
         2.67294e-05,               0.2207
         2.65429e-05,               0.2208
         2.63608e-05,               0.2209
          2.6183e-05,                0.221
         2.60093e-05,               0.2211
         2.58397e-05,               0.2212
          2.5674e-05,               0.2213
         2.55121e-05,               0.2214
          2.5354e-05,               0.2215
         2.51995e-05,               0.2216
         2.50486e-05,               0.2217
         2.49012e-05,               0.2218
         2.47572e-05,               0.2219
         2.46165e-05,                0.222
          2.4479e-05,               0.2221
         2.43447e-05,               0.2222
         2.42135e-05,               0.2223
         2.40853e-05,               0.2224
         2.39601e-05,               0.2225
         2.38378e-05,               0.2226
         2.37182e-05,               0.2227
         2.36015e-05,               0.2228
         2.34874e-05,               0.2229
          2.3376e-05,                0.223
         2.32672e-05,               0.2231
          2.3161e-05,               0.2232
         2.30572e-05,               0.2233
         2.29558e-05,               0.2234
         2.28568e-05,               0.2235
         2.27602e-05,               0.2236
         2.26658e-05,               0.2237
         2.25737e-05,               0.2238
         2.24838e-05,               0.2239
         2.23961e-05,                0.224
         2.23104e-05,               0.2241
         2.22269e-05,               0.2242
         2.21453e-05,               0.2243
         2.20658e-05,               0.2244
         2.19883e-05,               0.2245
         2.19126e-05,               0.2246
         2.18389e-05,               0.2247
          2.1767e-05,               0.2248
         2.16969e-05,               0.2249
         2.16287e-05,                0.225
         2.15622e-05,               0.2251
         2.14974e-05,               0.2252
         2.14343e-05,               0.2253
         2.13729e-05,               0.2254
         2.13132e-05,               0.2255
         2.12551e-05,               0.2256
         2.11986e-05,               0.2257
         2.11436e-05,               0.2258
         2.10902e-05,               0.2259
         2.10383e-05,                0.226
          2.0988e-05,               0.2261
         2.09391e-05,               0.2262
         2.08916e-05,               0.2263
         2.08456e-05,               0.2264
          2.0801e-05,               0.2265
         2.07578e-05,               0.2266
          2.0716e-05,               0.2267
         2.06755e-05,               0.2268
         2.06364e-05,               0.2269
         2.05986e-05,                0.227
         2.05621e-05,               0.2271
         2.05268e-05,               0.2272
         2.04929e-05,               0.2273
         2.04602e-05,               0.2274
         2.04287e-05,               0.2275
         2.03984e-05,               0.2276
         2.03694e-05,               0.2277
         2.03415e-05,               0.2278
         2.03149e-05,               0.2279
         2.02894e-05,                0.228
          2.0265e-05,               0.2281
         2.02418e-05,               0.2282
         2.02197e-05,               0.2283
         2.01987e-05,               0.2284
         2.01788e-05,               0.2285
         2.01601e-05,               0.2286
         2.01424e-05,               0.2287
         2.01257e-05,               0.2288
         2.01101e-05,               0.2289
         2.00956e-05,                0.229
         2.00821e-05,               0.2291
         2.00697e-05,               0.2292
         2.00582e-05,               0.2293
         2.00478e-05,               0.2294
         2.00384e-05,               0.2295
         2.00299e-05,               0.2296
         2.00225e-05,               0.2297
          2.0016e-05,               0.2298
         2.00105e-05,               0.2299
          2.0006e-05,                 0.23
         2.00024e-05,               0.2301
         1.99998e-05,               0.2302
         1.99981e-05,               0.2303
         1.99973e-05,               0.2304
         1.99975e-05,               0.2305
         1.99986e-05,               0.2306
         2.00006e-05,               0.2307
         2.00035e-05,               0.2308
         2.00073e-05,               0.2309
          2.0012e-05,                0.231
         2.00177e-05,               0.2311
         2.00242e-05,               0.2312
         2.00316e-05,               0.2313
         2.00398e-05,               0.2314
          2.0049e-05,               0.2315
          2.0059e-05,               0.2316
         2.00699e-05,               0.2317
         2.00817e-05,               0.2318
         2.00943e-05,               0.2319
         2.01077e-05,                0.232
         2.01221e-05,               0.2321
         2.01372e-05,               0.2322
         2.01533e-05,               0.2323
         2.01701e-05,               0.2324
         2.01878e-05,               0.2325
         2.02064e-05,               0.2326
         2.02258e-05,               0.2327
          2.0246e-05,               0.2328
         2.02671e-05,               0.2329
         2.02889e-05,                0.233
         2.03116e-05,               0.2331
         2.03352e-05,               0.2332
         2.03595e-05,               0.2333
         2.03847e-05,               0.2334
         2.04107e-05,               0.2335
         2.04376e-05,               0.2336
         2.04652e-05,               0.2337
         2.04937e-05,               0.2338
          2.0523e-05,               0.2339
         2.05531e-05,                0.234
          2.0584e-05,               0.2341
         2.06157e-05,               0.2342
         2.06483e-05,               0.2343
         2.06817e-05,               0.2344
         2.07158e-05,               0.2345
         2.07508e-05,               0.2346
         2.07867e-05,               0.2347
         2.08233e-05,               0.2348
         2.08607e-05,               0.2349
          2.0899e-05,                0.235
         2.09381e-05,               0.2351
          2.0978e-05,               0.2352
         2.10187e-05,               0.2353
         2.10603e-05,               0.2354
         2.11026e-05,               0.2355
         2.11458e-05,               0.2356
         2.11898e-05,               0.2357
         2.12347e-05,               0.2358
         2.12803e-05,               0.2359
         2.13268e-05,                0.236
         2.13742e-05,               0.2361
         2.14223e-05,               0.2362
         2.14713e-05,               0.2363
         2.15211e-05,               0.2364
         2.15718e-05,               0.2365
         2.16233e-05,               0.2366
         2.16756e-05,               0.2367
         2.17288e-05,               0.2368
         2.17829e-05,               0.2369
         2.18377e-05,                0.237
         2.18935e-05,               0.2371
         2.19501e-05,               0.2372
         2.20075e-05,               0.2373
         2.20658e-05,               0.2374
          2.2125e-05,               0.2375
         2.21851e-05,               0.2376
          2.2246e-05,               0.2377
         2.23078e-05,               0.2378
         2.23705e-05,               0.2379
          2.2434e-05,                0.238
         2.24984e-05,               0.2381
         2.25638e-05,               0.2382
           2.263e-05,               0.2383
         2.26971e-05,               0.2384
         2.27651e-05,               0.2385
         2.28341e-05,               0.2386
         2.29039e-05,               0.2387
         2.29747e-05,               0.2388
         2.30464e-05,               0.2389
          2.3119e-05,                0.239
         2.31925e-05,               0.2391
         2.32669e-05,               0.2392
         2.33423e-05,               0.2393
         2.34187e-05,               0.2394
          2.3496e-05,               0.2395
         2.35742e-05,               0.2396
         2.36535e-05,               0.2397
         2.37336e-05,               0.2398
         2.38148e-05,               0.2399
         2.38969e-05,                 0.24
           2.398e-05,               0.2401
         2.40641e-05,               0.2402
         2.41492e-05,               0.2403
         2.42353e-05,               0.2404
         2.43224e-05,               0.2405
         2.44105e-05,               0.2406
         2.44996e-05,               0.2407
         2.45898e-05,               0.2408
          2.4681e-05,               0.2409
         2.47732e-05,                0.241
         2.48665e-05,               0.2411
         2.49609e-05,               0.2412
         2.50563e-05,               0.2413
         2.51528e-05,               0.2414
         2.52503e-05,               0.2415
         2.53489e-05,               0.2416
         2.54487e-05,               0.2417
         2.55495e-05,               0.2418
         2.56514e-05,               0.2419
         2.57545e-05,                0.242
         2.58587e-05,               0.2421
          2.5964e-05,               0.2422
         2.60704e-05,               0.2423
          2.6178e-05,               0.2424
         2.62868e-05,               0.2425
         2.63967e-05,               0.2426
         2.65078e-05,               0.2427
         2.66201e-05,               0.2428
         2.67336e-05,               0.2429
         2.68483e-05,                0.243
         2.69642e-05,               0.2431
         2.70813e-05,               0.2432
         2.71997e-05,               0.2433
         2.73193e-05,               0.2434
         2.74401e-05,               0.2435
         2.75622e-05,               0.2436
         2.76856e-05,               0.2437
         2.78103e-05,               0.2438
         2.79363e-05,               0.2439
         2.80635e-05,                0.244
         2.81921e-05,               0.2441
          2.8322e-05,               0.2442
         2.84533e-05,               0.2443
         2.85859e-05,               0.2444
         2.87199e-05,               0.2445
         2.88552e-05,               0.2446
          2.8992e-05,               0.2447
         2.91301e-05,               0.2448
         2.92696e-05,               0.2449
         2.94106e-05,                0.245
          2.9553e-05,               0.2451
         2.96968e-05,               0.2452
         2.98421e-05,               0.2453
         2.99889e-05,               0.2454
         3.01372e-05,               0.2455
         3.02869e-05,               0.2456
         3.04382e-05,               0.2457
          3.0591e-05,               0.2458
         3.07453e-05,               0.2459
         3.09012e-05,                0.246
         3.10587e-05,               0.2461
         3.12178e-05,               0.2462
         3.13784e-05,               0.2463
         3.15407e-05,               0.2464
         3.17046e-05,               0.2465
         3.18701e-05,               0.2466
         3.20373e-05,               0.2467
         3.22062e-05,               0.2468
         3.23768e-05,               0.2469
         3.25491e-05,                0.247
         3.27231e-05,               0.2471
         3.28988e-05,               0.2472
         3.30763e-05,               0.2473
         3.32556e-05,               0.2474
         3.34367e-05,               0.2475
         3.36196e-05,               0.2476
         3.38043e-05,               0.2477
         3.39908e-05,               0.2478
         3.41792e-05,               0.2479
         3.43695e-05,                0.248
         3.45617e-05,               0.2481
         3.47559e-05,               0.2482
         3.49519e-05,               0.2483
         3.51499e-05,               0.2484
         3.53499e-05,               0.2485
         3.55519e-05,               0.2486
         3.57559e-05,               0.2487
          3.5962e-05,               0.2488
         3.61701e-05,               0.2489
         3.63802e-05,                0.249
         3.65925e-05,               0.2491
         3.68069e-05,               0.2492
         3.70235e-05,               0.2493
         3.72422e-05,               0.2494
         3.74631e-05,               0.2495
         3.76862e-05,               0.2496
         3.79116e-05,               0.2497
         3.81392e-05,               0.2498
         3.83691e-05,               0.2499
         3.86012e-05,                 0.25
         3.88358e-05,               0.2501
         3.90726e-05,               0.2502
         3.93119e-05,               0.2503
         3.95536e-05,               0.2504
         3.97976e-05,               0.2505
         4.00442e-05,               0.2506
         4.02932e-05,               0.2507
         4.05447e-05,               0.2508
         4.07988e-05,               0.2509
         4.10554e-05,                0.251
         4.13146e-05,               0.2511
         4.15765e-05,               0.2512
          4.1841e-05,               0.2513
         4.21081e-05,               0.2514
          4.2378e-05,               0.2515
         4.26506e-05,               0.2516
         4.29259e-05,               0.2517
         4.32041e-05,               0.2518
          4.3485e-05,               0.2519
         4.37689e-05,                0.252
         4.40556e-05,               0.2521
         4.43452e-05,               0.2522
         4.46378e-05,               0.2523
         4.49333e-05,               0.2524
         4.52319e-05,               0.2525
         4.55336e-05,               0.2526
         4.58383e-05,               0.2527
         4.61461e-05,               0.2528
         4.64571e-05,               0.2529
         4.67713e-05,                0.253
         4.70887e-05,               0.2531
         4.74093e-05,               0.2532
         4.77333e-05,               0.2533
         4.80606e-05,               0.2534
         4.83913e-05,               0.2535
         4.87254e-05,               0.2536
         4.90629e-05,               0.2537
         4.94039e-05,               0.2538
         4.97485e-05,               0.2539
         5.00966e-05,                0.254
         5.04484e-05,               0.2541
         5.08038e-05,               0.2542
         5.11629e-05,               0.2543
         5.15257e-05,               0.2544
         5.18924e-05,               0.2545
         5.22628e-05,               0.2546
         5.26372e-05,               0.2547
         5.30154e-05,               0.2548
         5.33976e-05,               0.2549
         5.37838e-05,                0.255
         5.41741e-05,               0.2551
         5.45685e-05,               0.2552
         5.49671e-05,               0.2553
         5.53698e-05,               0.2554
         5.57768e-05,               0.2555
         5.61881e-05,               0.2556
         5.66038e-05,               0.2557
         5.70238e-05,               0.2558
         5.74484e-05,               0.2559
         5.78774e-05,                0.256
          5.8311e-05,               0.2561
         5.87493e-05,               0.2562
         5.91922e-05,               0.2563
         5.96398e-05,               0.2564
         6.00923e-05,               0.2565
         6.05496e-05,               0.2566
         6.10118e-05,               0.2567
         6.14789e-05,               0.2568
         6.19512e-05,               0.2569
         6.24285e-05,                0.257
         6.29109e-05,               0.2571
         6.33986e-05,               0.2572
         6.38916e-05,               0.2573
         6.43899e-05,               0.2574
         6.48936e-05,               0.2575
         6.54028e-05,               0.2576
         6.59176e-05,               0.2577
          6.6438e-05,               0.2578
          6.6964e-05,               0.2579
         6.74958e-05,                0.258
         6.80335e-05,               0.2581
         6.85771e-05,               0.2582
         6.91266e-05,               0.2583
         6.96822e-05,               0.2584
          7.0244e-05,               0.2585
         7.08119e-05,               0.2586
         7.13861e-05,               0.2587
         7.19668e-05,               0.2588
         7.25538e-05,               0.2589
         7.31474e-05,                0.259
         7.37476e-05,               0.2591
         7.43545e-05,               0.2592
         7.49682e-05,               0.2593
         7.55887e-05,               0.2594
         7.62163e-05,               0.2595
         7.68508e-05,               0.2596
         7.74925e-05,               0.2597
         7.81415e-05,               0.2598
         7.87978e-05,               0.2599
         7.94615e-05,                 0.26
         8.01327e-05,               0.2601
         8.08115e-05,               0.2602
         8.14981e-05,               0.2603
         8.21925e-05,               0.2604
         8.28948e-05,               0.2605
         8.36051e-05,               0.2606
         8.43236e-05,               0.2607
         8.50503e-05,               0.2608
         8.57854e-05,               0.2609
         8.65289e-05,                0.261
          8.7281e-05,               0.2611
         8.80418e-05,               0.2612
         8.88114e-05,               0.2613
         8.95899e-05,               0.2614
         9.03774e-05,               0.2615
         9.11742e-05,               0.2616
         9.19802e-05,               0.2617
         9.27956e-05,               0.2618
         9.36205e-05,               0.2619
         9.44552e-05,                0.262
         9.52996e-05,               0.2621
         9.61539e-05,               0.2622
         9.70184e-05,               0.2623
          9.7893e-05,               0.2624
          9.8778e-05,               0.2625
         9.96735e-05,               0.2626
          0.00010058,               0.2627
         0.000101496,               0.2628
         0.000102424,               0.2629
         0.000103363,                0.263
         0.000104313,               0.2631
         0.000105275,               0.2632
         0.000106248,               0.2633
         0.000107233,               0.2634
         0.000108229,               0.2635
         0.000109238,               0.2636
         0.000110259,               0.2637
         0.000111292,               0.2638
         0.000112338,               0.2639
         0.000113396,                0.264
         0.000114468,               0.2641
         0.000115552,               0.2642
          0.00011665,               0.2643
         0.000117761,               0.2644
         0.000118886,               0.2645
         0.000120025,               0.2646
         0.000121178,               0.2647
         0.000122345,               0.2648
         0.000123527,               0.2649
         0.000124723,                0.265
         0.000125934,               0.2651
          0.00012716,               0.2652
         0.000128402,               0.2653
         0.000129659,               0.2654
         0.000130932,               0.2655
         0.000132221,               0.2656
         0.000133526,               0.2657
         0.000134847,               0.2658
         0.000136186,               0.2659
         0.000137541,                0.266
         0.000138913,               0.2661
         0.000140303,               0.2662
         0.000141711,               0.2663
         0.000143136,               0.2664
          0.00014458,               0.2665
         0.000146043,               0.2666
         0.000147524,               0.2667
         0.000149024,               0.2668
         0.000150544,               0.2669
         0.000152083,                0.267
         0.000153642,               0.2671
         0.000155222,               0.2672
         0.000156822,               0.2673
         0.000158443,               0.2674
         0.000160085,               0.2675
         0.000161749,               0.2676
         0.000163435,               0.2677
         0.000165142,               0.2678
         0.000166873,               0.2679
         0.000168626,                0.268
         0.000170402,               0.2681
         0.000172202,               0.2682
         0.000174026,               0.2683
         0.000175875,               0.2684
         0.000177748,               0.2685
         0.000179646,               0.2686
          0.00018157,               0.2687
         0.000183519,               0.2688
         0.000185495,               0.2689
         0.000187497,                0.269
         0.000189527,               0.2691
         0.000191584,               0.2692
          0.00019367,               0.2693
         0.000195783,               0.2694
         0.000197926,               0.2695
         0.000200098,               0.2696
           0.0002023,               0.2697
         0.000204532,               0.2698
         0.000206795,               0.2699
         0.000209089,                 0.27
         0.000211415,               0.2701
         0.000213773,               0.2702
         0.000216165,               0.2703
         0.000218589,               0.2704
         0.000221048,               0.2705
         0.000223541,               0.2706
         0.000226069,               0.2707
         0.000228633,               0.2708
         0.000231232,               0.2709
         0.000233869,                0.271
         0.000236543,               0.2711
         0.000239256,               0.2712
         0.000242007,               0.2713
         0.000244797,               0.2714
         0.000247627,               0.2715
         0.000250498,               0.2716
         0.000253411,               0.2717
         0.000256365,               0.2718
         0.000259362,               0.2719
         0.000262403,                0.272
         0.000265488,               0.2721
         0.000268618,               0.2722
         0.000271793,               0.2723
         0.000275015,               0.2724
         0.000278285,               0.2725
         0.000281602,               0.2726
         0.000284969,               0.2727
         0.000288386,               0.2728
         0.000291853,               0.2729
         0.000295372,                0.273
         0.000298943,               0.2731
         0.000302568,               0.2732
         0.000306247,               0.2733
         0.000309981,               0.2734
         0.000313772,               0.2735
         0.000317619,               0.2736
         0.000321526,               0.2737
         0.000325491,               0.2738
         0.000329517,               0.2739
         0.000333604,                0.274
         0.000337754,               0.2741
         0.000341968,               0.2742
         0.000346247,               0.2743
         0.000350591,               0.2744
         0.000355003,               0.2745
         0.000359483,               0.2746
         0.000364033,               0.2747
         0.000368654,               0.2748
         0.000373347,               0.2749
         0.000378114,                0.275
         0.000382955,               0.2751
         0.000387873,               0.2752
         0.000392869,               0.2753
         0.000397944,               0.2754
           0.0004031,               0.2755
         0.000408338,               0.2756
         0.000413659,               0.2757
         0.000419066,               0.2758
          0.00042456,               0.2759
         0.000430143,                0.276
         0.000435816,               0.2761
          0.00044158,               0.2762
         0.000447439,               0.2763
         0.000453393,               0.2764
         0.000459444,               0.2765
         0.000465595,               0.2766
         0.000471847,               0.2767
         0.000478202,               0.2768
         0.000484662,               0.2769
         0.000491229,                0.277
         0.000497905,               0.2771
         0.000504693,               0.2772
         0.000511595,               0.2773
         0.000518613,               0.2774
         0.000525748,               0.2775
         0.000533004,               0.2776
         0.000540384,               0.2777
         0.000547888,               0.2778
         0.000555521,               0.2779
         0.000563283,                0.278
          0.00057118,               0.2781
         0.000579211,               0.2782
         0.000587382,               0.2783
         0.000595694,               0.2784
          0.00060415,               0.2785
         0.000612753,               0.2786
         0.000621507,               0.2787
         0.000630414,               0.2788
         0.000639478,               0.2789
         0.000648701,                0.279
         0.000658088,               0.2791
         0.000667641,               0.2792
         0.000677365,               0.2793
         0.000687262,               0.2794
         0.000697336,               0.2795
         0.000707592,               0.2796
         0.000718033,               0.2797
         0.000728662,               0.2798
         0.000739485,               0.2799
         0.000750504,                 0.28
         0.000761725,               0.2801
         0.000773152,               0.2802
         0.000784789,               0.2803
         0.000796641,               0.2804
         0.000808713,               0.2805
         0.000821009,               0.2806
         0.000833534,               0.2807
         0.000846294,               0.2808
         0.000859293,               0.2809
         0.000872538,                0.281
         0.000886032,               0.2811
         0.000899783,               0.2812
         0.000913796,               0.2813
         0.000928077,               0.2814
         0.000942631,               0.2815
         0.000957466,               0.2816
         0.000972587,               0.2817
         0.000988001,               0.2818
          0.00100372,               0.2819
          0.00101974,                0.282
          0.00103607,               0.2821
          0.00105273,               0.2822
          0.00106971,               0.2823
          0.00108704,               0.2824
           0.0011047,               0.2825
          0.00112272,               0.2826
           0.0011411,               0.2827
          0.00115985,               0.2828
          0.00117898,               0.2829
           0.0011985,                0.283
          0.00121841,               0.2831
          0.00123873,               0.2832
          0.00125947,               0.2833
          0.00128064,               0.2834
          0.00130224,               0.2835
          0.00132429,               0.2836
           0.0013468,               0.2837
          0.00136978,               0.2838
          0.00139324,               0.2839
           0.0014172,                0.284
          0.00144166,               0.2841
          0.00146665,               0.2842
          0.00149217,               0.2843
          0.00151824,               0.2844
          0.00154486,               0.2845
          0.00157207,               0.2846
          0.00159986,               0.2847
          0.00162826,               0.2848
          0.00165728,               0.2849
          0.00168694,                0.285
          0.00171725,               0.2851
          0.00174824,               0.2852
          0.00177992,               0.2853
           0.0018123,               0.2854
          0.00184541,               0.2855
          0.00187928,               0.2856
           0.0019139,               0.2857
          0.00194932,               0.2858
          0.00198555,               0.2859
          0.00202261,                0.286
          0.00206052,               0.2861
          0.00209932,               0.2862
          0.00213902,               0.2863
          0.00217965,               0.2864
          0.00222123,               0.2865
           0.0022638,               0.2866
          0.00230738,               0.2867
            0.002352,               0.2868
          0.00239769,               0.2869
          0.00244448,                0.287
           0.0024924,               0.2871
          0.00254149,               0.2872
          0.00259178,               0.2873
           0.0026433,               0.2874
           0.0026961,               0.2875
          0.00275021,               0.2876
          0.00280567,               0.2877
          0.00286252,               0.2878
          0.00292081,               0.2879
          0.00298057,                0.288
          0.00304185,               0.2881
          0.00310471,               0.2882
          0.00316918,               0.2883
          0.00323532,               0.2884
          0.00330319,               0.2885
          0.00337283,               0.2886
           0.0034443,               0.2887
          0.00351767,               0.2888
          0.00359298,               0.2889
          0.00367032,                0.289
          0.00374973,               0.2891
           0.0038313,               0.2892
          0.00391508,               0.2893
          0.00400116,               0.2894
          0.00408961,               0.2895
          0.00418051,               0.2896
          0.00427395,               0.2897
          0.00437001,               0.2898
          0.00446877,               0.2899
          0.00457034,                 0.29
          0.00467481,               0.2901
          0.00478228,               0.2902
          0.00489286,               0.2903
          0.00500666,               0.2904
          0.00512379,               0.2905
          0.00524437,               0.2906
          0.00536853,               0.2907
           0.0054964,               0.2908
          0.00562811,               0.2909
           0.0057638,                0.291
          0.00590363,               0.2911
          0.00604775,               0.2912
          0.00619632,               0.2913
           0.0063495,               0.2914
          0.00650748,               0.2915
          0.00667044,               0.2916
          0.00683858,               0.2917
          0.00701209,               0.2918
          0.00719119,               0.2919
           0.0073761,                0.292
          0.00756706,               0.2921
           0.0077643,               0.2922
          0.00796809,               0.2923
          0.00817869,               0.2924
          0.00839638,               0.2925
          0.00862146,               0.2926
          0.00885424,               0.2927
          0.00909505,               0.2928
          0.00934423,               0.2929
          0.00960214,                0.293
          0.00986916,               0.2931
           0.0101457,               0.2932
           0.0104321,               0.2933
            0.010729,               0.2934
           0.0110366,               0.2935
           0.0113556,               0.2936
           0.0116865,               0.2937
           0.0120298,               0.2938
            0.012386,               0.2939
           0.0127558,                0.294
           0.0131399,               0.2941
           0.0135389,               0.2942
           0.0139535,               0.2943
           0.0143845,               0.2944
           0.0148328,               0.2945
           0.0152991,               0.2946
           0.0157845,               0.2947
           0.0162898,               0.2948
           0.0168161,               0.2949
           0.0173645,                0.295
           0.0179361,               0.2951
           0.0185322,               0.2952
           0.0191541,               0.2953
           0.0198032,               0.2954
            0.020481,               0.2955
            0.021189,               0.2956
           0.0219291,               0.2957
           0.0227029,               0.2958
           0.0235125,               0.2959
           0.0243599,                0.296
           0.0252473,               0.2961
           0.0261771,               0.2962
           0.0271519,               0.2963
           0.0281744,               0.2964
           0.0292475,               0.2965
           0.0303745,               0.2966
           0.0315587,               0.2967
           0.0328037,               0.2968
           0.0341136,               0.2969
           0.0354925,                0.297
           0.0369451,               0.2971
           0.0384763,               0.2972
           0.0400915,               0.2973
           0.0417966,               0.2974
           0.0435978,               0.2975
           0.0455019,               0.2976
           0.0475164,               0.2977
           0.0496494,               0.2978
           0.0519096,               0.2979
           0.0543066,                0.298
           0.0568509,               0.2981
           0.0595538,               0.2982
           0.0624277,               0.2983
           0.0654864,               0.2984
           0.0687446,               0.2985
           0.0722189,               0.2986
            0.075927,               0.2987
           0.0798888,               0.2988
           0.0841259,               0.2989
           0.0886622,                0.299
            0.093524,               0.2991
           0.0987404,               0.2992
            0.104343,               0.2993
            0.110368,               0.2994
            0.116855,               0.2995
            0.123845,               0.2996
            0.131388,               0.2997
            0.139537,               0.2998
            0.148349,               0.2999
            0.157891,                  0.3
            0.168234,               0.3001
            0.179457,               0.3002
            0.191647,               0.3003
            0.204901,               0.3004
            0.219323,               0.3005
            0.235029,               0.3006
            0.252142,               0.3007
            0.270797,               0.3008
            0.291135,               0.3009
            0.313304,                0.301
            0.337457,               0.3011
            0.363747,               0.3012
            0.392316,               0.3013
            0.423294,               0.3014
            0.456779,               0.3015
            0.492824,               0.3016
            0.531417,               0.3017
            0.572451,               0.3018
              0.6157,               0.3019
            0.660779,                0.302
            0.707123,               0.3021
            0.753953,               0.3022
             0.80027,               0.3023
            0.844868,               0.3024
            0.886369,               0.3025
            0.923311,               0.3026
            0.954251,               0.3027
            0.977903,               0.3028
            0.993274,               0.3029
            0.999779,                0.303
            0.997305,               0.3031
            0.986214,               0.3032
            0.967293,               0.3033
            0.941643,               0.3034
            0.910554,               0.3035
            0.875377,               0.3036
            0.837415,               0.3037
            0.797849,               0.3038
            0.757686,               0.3039
            0.717745,                0.304
            0.678657,               0.3041
            0.640887,               0.3042
            0.604753,               0.3043
            0.570453,               0.3044
            0.538092,               0.3045
            0.507706,               0.3046
            0.479274,               0.3047
            0.452741,               0.3048
            0.428029,               0.3049
            0.405042,                0.305
            0.383677,               0.3051
            0.363828,               0.3052
            0.345389,               0.3053
            0.328257,               0.3054
            0.312333,               0.3055
            0.297524,               0.3056
            0.283743,               0.3057
            0.270907,               0.3058
            0.258944,               0.3059
            0.247781,                0.306
            0.237358,               0.3061
            0.227613,               0.3062
            0.218495,               0.3063
            0.209954,               0.3064
            0.201946,               0.3065
            0.194429,               0.3066
            0.187366,               0.3067
            0.180724,               0.3068
             0.17447,               0.3069
            0.168577,                0.307
            0.163018,               0.3071
            0.157769,               0.3072
            0.152808,               0.3073
            0.148116,               0.3074
            0.143674,               0.3075
            0.139464,               0.3076
            0.135472,               0.3077
            0.131683,               0.3078
            0.128083,               0.3079
            0.124662,                0.308
            0.121406,               0.3081
            0.118306,               0.3082
            0.115353,               0.3083
            0.112537,               0.3084
            0.109851,               0.3085
            0.107286,               0.3086
            0.104836,               0.3087
            0.102493,               0.3088
            0.100253,               0.3089
           0.0981086,                0.309
           0.0960552,               0.3091
           0.0940876,               0.3092
           0.0922014,               0.3093
           0.0903921,               0.3094
           0.0886559,               0.3095
           0.0869888,               0.3096
           0.0853874,               0.3097
           0.0838485,               0.3098
           0.0823688,               0.3099
           0.0809455,                 0.31
           0.0795758,               0.3101
           0.0782573,               0.3102
           0.0769874,               0.3103
            0.075764,               0.3104
           0.0745849,               0.3105
            0.073448,               0.3106
           0.0723515,               0.3107
           0.0712937,               0.3108
           0.0702727,               0.3109
            0.069287,                0.311
           0.0683352,               0.3111
           0.0674157,               0.3112
           0.0665272,               0.3113
           0.0656685,               0.3114
           0.0648384,               0.3115
           0.0640356,               0.3116
           0.0632592,               0.3117
            0.062508,               0.3118
           0.0617811,               0.3119
           0.0610776,                0.312
           0.0603965,               0.3121
           0.0597371,               0.3122
           0.0590985,               0.3123
             0.05848,               0.3124
           0.0578809,               0.3125
           0.0573004,               0.3126
           0.0567379,               0.3127
           0.0561928,               0.3128
           0.0556645,               0.3129
           0.0551523,                0.313
           0.0546559,               0.3131
           0.0541745,               0.3132
           0.0537078,               0.3133
           0.0532553,               0.3134
           0.0528164,               0.3135
           0.0523909,               0.3136
           0.0519782,               0.3137
            0.051578,               0.3138
           0.0511898,               0.3139
           0.0508134,                0.314
           0.0504483,               0.3141
           0.0500943,               0.3142
            0.049751,               0.3143
           0.0494181,               0.3144
           0.0490953,               0.3145
           0.0487823,               0.3146
           0.0484789,               0.3147
           0.0481847,               0.3148
           0.0478997,               0.3149
           0.0476234,                0.315
           0.0473557,               0.3151
           0.0470963,               0.3152
           0.0468451,               0.3153
           0.0466018,               0.3154
           0.0463662,               0.3155
           0.0461382,               0.3156
           0.0459175,               0.3157
           0.0457041,               0.3158
           0.0454976,               0.3159
            0.045298,                0.316
           0.0451051,               0.3161
           0.0449188,               0.3162
           0.0447389,               0.3163
           0.0445652,               0.3164
           0.0443977,               0.3165
           0.0442361,               0.3166
           0.0440805,               0.3167
           0.0439306,               0.3168
           0.0437863,               0.3169
           0.0436476,                0.317
           0.0435143,               0.3171
           0.0433864,               0.3172
           0.0432636,               0.3173
            0.043146,               0.3174
           0.0430334,               0.3175
           0.0429258,               0.3176
            0.042823,               0.3177
            0.042725,               0.3178
           0.0426317,               0.3179
           0.0425431,                0.318
           0.0424589,               0.3181
           0.0423793,               0.3182
           0.0423041,               0.3183
           0.0422332,               0.3184
           0.0421666,               0.3185
           0.0421042,               0.3186
           0.0420459,               0.3187
           0.0419918,               0.3188
           0.0419417,               0.3189
           0.0418957,                0.319
           0.0418535,               0.3191
           0.0418153,               0.3192
           0.0417809,               0.3193
           0.0417504,               0.3194
           0.0417236,               0.3195
           0.0417005,               0.3196
           0.0416811,               0.3197
           0.0416654,               0.3198
           0.0416533,               0.3199
           0.0416447,                 0.32
           0.0416397,               0.3201
           0.0416383,               0.3202
           0.0416403,               0.3203
           0.0416457,               0.3204
           0.0416546,               0.3205
           0.0416669,               0.3206
           0.0416826,               0.3207
           0.0417017,               0.3208
            0.041724,               0.3209
           0.0417497,                0.321
           0.0417787,               0.3211
            0.041811,               0.3212
           0.0418465,               0.3213
           0.0418852,               0.3214
           0.0419272,               0.3215
           0.0419724,               0.3216
           0.0420208,               0.3217
           0.0420724,               0.3218
           0.0421272,               0.3219
           0.0421851,                0.322
           0.0422462,               0.3221
           0.0423105,               0.3222
           0.0423779,               0.3223
           0.0424484,               0.3224
            0.042522,               0.3225
           0.0425988,               0.3226
           0.0426787,               0.3227
           0.0427618,               0.3228
           0.0428479,               0.3229
           0.0429372,                0.323
           0.0430296,               0.3231
           0.0431251,               0.3232
           0.0432237,               0.3233
           0.0433255,               0.3234
           0.0434304,               0.3235
           0.0435384,               0.3236
           0.0436495,               0.3237
           0.0437638,               0.3238
           0.0438812,               0.3239
           0.0440018,                0.324
           0.0441256,               0.3241
           0.0442525,               0.3242
           0.0443826,               0.3243
           0.0445159,               0.3244
           0.0446523,               0.3245
            0.044792,               0.3246
            0.044935,               0.3247
           0.0450811,               0.3248
           0.0452305,               0.3249
           0.0453832,                0.325
           0.0455391,               0.3251
           0.0456984,               0.3252
           0.0458609,               0.3253
           0.0460268,               0.3254
           0.0461961,               0.3255
           0.0463687,               0.3256
           0.0465447,               0.3257
           0.0467241,               0.3258
           0.0469069,               0.3259
           0.0470931,                0.326
           0.0472829,               0.3261
           0.0474761,               0.3262
           0.0476729,               0.3263
           0.0478731,               0.3264
            0.048077,               0.3265
           0.0482845,               0.3266
           0.0484955,               0.3267
           0.0487102,               0.3268
           0.0489286,               0.3269
           0.0491507,                0.327
           0.0493766,               0.3271
           0.0496062,               0.3272
           0.0498396,               0.3273
           0.0500768,               0.3274
           0.0503179,               0.3275
           0.0505629,               0.3276
           0.0508118,               0.3277
           0.0510646,               0.3278
           0.0513215,               0.3279
           0.0515824,                0.328
           0.0518474,               0.3281
           0.0521165,               0.3282
           0.0523898,               0.3283
           0.0526672,               0.3284
           0.0529489,               0.3285
           0.0532349,               0.3286
           0.0535251,               0.3287
           0.0538198,               0.3288
           0.0541188,               0.3289
           0.0544223,                0.329
           0.0547303,               0.3291
           0.0550428,               0.3292
             0.05536,               0.3293
           0.0556817,               0.3294
           0.0560082,               0.3295
           0.0563394,               0.3296
           0.0566754,               0.3297
           0.0570163,               0.3298
            0.057362,               0.3299
           0.0577127,                 0.33
           0.0580684,               0.3301
           0.0584292,               0.3302
           0.0587951,               0.3303
           0.0591662,               0.3304
           0.0595426,               0.3305
           0.0599242,               0.3306
           0.0603113,               0.3307
           0.0607037,               0.3308
           0.0611017,               0.3309
           0.0615052,                0.331
           0.0619143,               0.3311
           0.0623291,               0.3312
           0.0627497,               0.3313
           0.0631762,               0.3314
           0.0636085,               0.3315
           0.0640468,               0.3316
           0.0644912,               0.3317
           0.0649417,               0.3318
           0.0653984,               0.3319
           0.0658614,                0.332
           0.0663308,               0.3321
           0.0668066,               0.3322
           0.0672889,               0.3323
           0.0677778,               0.3324
           0.0682734,               0.3325
           0.0687758,               0.3326
           0.0692851,               0.3327
           0.0698013,               0.3328
           0.0703245,               0.3329
           0.0708549,                0.333
           0.0713925,               0.3331
           0.0719374,               0.3332
           0.0724897,               0.3333
           0.0730496,               0.3334
           0.0736171,               0.3335
           0.0741923,               0.3336
           0.0747753,               0.3337
           0.0753662,               0.3338
           0.0759651,               0.3339
           0.0765722,                0.334
           0.0771875,               0.3341
           0.0778112,               0.3342
           0.0784434,               0.3343
           0.0790841,               0.3344
           0.0797335,               0.3345
           0.0803918,               0.3346
            0.081059,               0.3347
           0.0817352,               0.3348
           0.0824206,               0.3349
           0.0831154,                0.335
           0.0838195,               0.3351
           0.0845333,               0.3352
           0.0852567,               0.3353
             0.08599,               0.3354
           0.0867332,               0.3355
           0.0874865,               0.3356
           0.0882501,               0.3357
            0.089024,               0.3358
           0.0898085,               0.3359
           0.0906037,                0.336
           0.0914097,               0.3361
           0.0922267,               0.3362
           0.0930548,               0.3363
           0.0938941,               0.3364
            0.094745,               0.3365
           0.0956074,               0.3366
           0.0964816,               0.3367
           0.0973677,               0.3368
            0.098266,               0.3369
           0.0991764,                0.337
            0.100099,               0.3371
            0.101035,               0.3372
            0.101983,               0.3373
            0.102945,               0.3374
            0.103919,               0.3375
            0.104907,               0.3376
            0.105908,               0.3377
            0.106923,               0.3378
            0.107952,               0.3379
            0.108995,                0.338
            0.110053,               0.3381
            0.111125,               0.3382
            0.112211,               0.3383
            0.113313,               0.3384
            0.114429,               0.3385
            0.115561,               0.3386
            0.116709,               0.3387
            0.117872,               0.3388
            0.119052,               0.3389
            0.120247,                0.339
            0.121459,               0.3391
            0.122688,               0.3392
            0.123933,               0.3393
            0.125196,               0.3394
            0.126476,               0.3395
            0.127774,               0.3396
             0.12909,               0.3397
            0.130423,               0.3398
            0.131776,               0.3399
            0.133146,                 0.34
            0.134536,               0.3401
            0.135945,               0.3402
            0.137373,               0.3403
            0.138821,               0.3404
            0.140289,               0.3405
            0.141777,               0.3406
            0.143285,               0.3407
            0.144815,               0.3408
            0.146365,               0.3409
            0.147937,                0.341
             0.14953,               0.3411
            0.151145,               0.3412
            0.152783,               0.3413
            0.154443,               0.3414
            0.156125,               0.3415
            0.157831,               0.3416
             0.15956,               0.3417
            0.161313,               0.3418
             0.16309,               0.3419
            0.164892,                0.342
            0.166718,               0.3421
            0.168569,               0.3422
            0.170445,               0.3423
            0.172347,               0.3424
            0.174275,               0.3425
            0.176229,               0.3426
            0.178209,               0.3427
            0.180217,               0.3428
            0.182252,               0.3429
            0.184314,                0.343
            0.186405,               0.3431
            0.188523,               0.3432
             0.19067,               0.3433
            0.192847,               0.3434
            0.195052,               0.3435
            0.197287,               0.3436
            0.199552,               0.3437
            0.201848,               0.3438
            0.204174,               0.3439
            0.206531,                0.344
            0.208919,               0.3441
            0.211339,               0.3442
            0.213791,               0.3443
            0.216276,               0.3444
            0.218793,               0.3445
            0.221343,               0.3446
            0.223927,               0.3447
            0.226545,               0.3448
            0.229196,               0.3449
            0.231882,                0.345
            0.234603,               0.3451
            0.237359,               0.3452
             0.24015,               0.3453
            0.242977,               0.3454
             0.24584,               0.3455
             0.24874,               0.3456
            0.251676,               0.3457
             0.25465,               0.3458
             0.25766,               0.3459
            0.260709,                0.346
            0.263795,               0.3461
            0.266919,               0.3462
            0.270082,               0.3463
            0.273284,               0.3464
            0.276525,               0.3465
            0.279805,               0.3466
            0.283124,               0.3467
            0.286484,               0.3468
            0.289883,               0.3469
            0.293323,                0.347
            0.296803,               0.3471
            0.300324,               0.3472
            0.303886,               0.3473
            0.307489,               0.3474
            0.311133,               0.3475
            0.314818,               0.3476
            0.318545,               0.3477
            0.322313,               0.3478
            0.326123,               0.3479
            0.329976,                0.348
             0.33387,               0.3481
            0.337806,               0.3482
            0.341784,               0.3483
            0.345804,               0.3484
            0.349866,               0.3485
             0.35397,               0.3486
            0.358116,               0.3487
            0.362304,               0.3488
            0.366535,               0.3489
            0.370806,                0.349
             0.37512,               0.3491
            0.379475,               0.3492
            0.383872,               0.3493
            0.388309,               0.3494
            0.392788,               0.3495
            0.397308,               0.3496
            0.401867,               0.3497
            0.406468,               0.3498
            0.411108,               0.3499
            0.415787,                 0.35
            0.420506,               0.3501
            0.425263,               0.3502
            0.430059,               0.3503
            0.434892,               0.3504
            0.439763,               0.3505
            0.444671,               0.3506
            0.449615,               0.3507
            0.454594,               0.3508
            0.459609,               0.3509
            0.464658,                0.351
             0.46974,               0.3511
            0.474856,               0.3512
            0.480004,               0.3513
            0.485183,               0.3514
            0.490393,               0.3515
            0.495632,               0.3516
            0.500901,               0.3517
            0.506197,               0.3518
             0.51152,               0.3519
            0.516869,                0.352
            0.522243,               0.3521
            0.527641,               0.3522
            0.533062,               0.3523
            0.538505,               0.3524
            0.543968,               0.3525
             0.54945,               0.3526
             0.55495,               0.3527
            0.560468,               0.3528
               0.566,               0.3529
            0.571547,                0.353
            0.577107,               0.3531
            0.582679,               0.3532
            0.588261,               0.3533
            0.593851,               0.3534
            0.599449,               0.3535
            0.605052,               0.3536
             0.61066,               0.3537
            0.616271,               0.3538
            0.621883,               0.3539
            0.627495,                0.354
            0.633105,               0.3541
            0.638712,               0.3542
            0.644313,               0.3543
            0.649909,               0.3544
            0.655496,               0.3545
            0.661073,               0.3546
            0.666639,               0.3547
            0.672191,               0.3548
            0.677729,               0.3549
            0.683251,                0.355
            0.688755,               0.3551
            0.694239,               0.3552
            0.699701,               0.3553
            0.705141,               0.3554
            0.710556,               0.3555
            0.715946,               0.3556
            0.721307,               0.3557
            0.726639,               0.3558
             0.73194,               0.3559
            0.737209,                0.356
            0.742444,               0.3561
            0.747643,               0.3562
            0.752806,               0.3563
            0.757929,               0.3564
            0.763013,               0.3565
            0.768056,               0.3566
            0.773056,               0.3567
            0.778011,               0.3568
            0.782922,               0.3569
            0.787785,                0.357
            0.792601,               0.3571
            0.797368,               0.3572
            0.802084,               0.3573
            0.806749,               0.3574
            0.811361,               0.3575
             0.81592,               0.3576
            0.820424,               0.3577
            0.824873,               0.3578
            0.829265,               0.3579
              0.8336,                0.358
            0.837876,               0.3581
            0.842094,               0.3582
            0.846252,               0.3583
            0.850349,               0.3584
            0.854386,               0.3585
            0.858361,               0.3586
            0.862273,               0.3587
            0.866124,               0.3588
            0.869911,               0.3589
            0.873634,                0.359
            0.877294,               0.3591
             0.88089,               0.3592
            0.884422,               0.3593
            0.887889,               0.3594
            0.891292,               0.3595
            0.894629,               0.3596
            0.897902,               0.3597
            0.901111,               0.3598
            0.904254,               0.3599
            0.907333,                 0.36
            0.910347,               0.3601
            0.913297,               0.3602
            0.916183,               0.3603
            0.919005,               0.3604
            0.921763,               0.3605
            0.924458,               0.3606
            0.927091,               0.3607
             0.92966,               0.3608
            0.932168,               0.3609
            0.934614,                0.361
            0.936999,               0.3611
            0.939324,               0.3612
            0.941589,               0.3613
            0.943794,               0.3614
            0.945941,               0.3615
             0.94803,               0.3616
            0.950061,               0.3617
            0.952036,               0.3618
            0.953955,               0.3619
            0.955818,                0.362
            0.957628,               0.3621
            0.959383,               0.3622
            0.961086,               0.3623
            0.962737,               0.3624
            0.964337,               0.3625
            0.965886,               0.3626
            0.967386,               0.3627
            0.968838,               0.3628
            0.970241,               0.3629
            0.971598,                0.363
            0.972909,               0.3631
            0.974175,               0.3632
            0.975397,               0.3633
            0.976576,               0.3634
            0.977713,               0.3635
            0.978808,               0.3636
            0.979863,               0.3637
            0.980878,               0.3638
            0.981855,               0.3639
            0.982794,                0.364
            0.983696,               0.3641
            0.984563,               0.3642
            0.985394,               0.3643
            0.986192,               0.3644
            0.986957,               0.3645
            0.987689,               0.3646
             0.98839,               0.3647
            0.989061,               0.3648
            0.989702,               0.3649
            0.990314,                0.365
            0.990899,               0.3651
            0.991457,               0.3652
            0.991988,               0.3653
            0.992494,               0.3654
            0.992976,               0.3655
            0.993434,               0.3656
            0.993869,               0.3657
            0.994282,               0.3658
            0.994673,               0.3659
            0.995044,                0.366
            0.995395,               0.3661
            0.995727,               0.3662
            0.996041,               0.3663
            0.996337,               0.3664
            0.996616,               0.3665
            0.996878,               0.3666
            0.997125,               0.3667
            0.997357,               0.3668
            0.997574,               0.3669
            0.997778,                0.367
            0.997968,               0.3671
            0.998146,               0.3672
            0.998312,               0.3673
            0.998466,               0.3674
             0.99861,               0.3675
            0.998743,               0.3676
            0.998867,               0.3677
            0.998981,               0.3678
            0.999086,               0.3679
            0.999183,                0.368
            0.999272,               0.3681
            0.999353,               0.3682
            0.999428,               0.3683
            0.999496,               0.3684
            0.999557,               0.3685
            0.999613,               0.3686
            0.999664,               0.3687
            0.999709,               0.3688
             0.99975,               0.3689
            0.999786,                0.369
            0.999819,               0.3691
            0.999847,               0.3692
            0.999873,               0.3693
            0.999895,               0.3694
            0.999914,               0.3695
             0.99993,               0.3696
            0.999944,               0.3697
            0.999956,               0.3698
            0.999966,               0.3699
            0.999974,                 0.37
            0.999981,               0.3701
            0.999987,               0.3702
            0.999991,               0.3703
            0.999994,               0.3704
            0.999996,               0.3705
            0.999998,               0.3706
            0.999999,               0.3707
                   1,               0.3708
                   1,               0.3709
                   1,                0.371
                   1,               0.3711
            0.999999,               0.3712
            0.999999,               0.3713
            0.999999,               0.3714
            0.999998,               0.3715
            0.999998,               0.3716
            0.999998,               0.3717
            0.999998,               0.3718
            0.999998,               0.3719
            0.999998,                0.372
            0.999998,               0.3721
            0.999998,               0.3722
            0.999999,               0.3723
            0.999999,               0.3724
                   1,               0.3725
                   1,               0.3726
                   1,               0.3727
                   1,               0.3728
                   1,               0.3729
            0.999999,                0.373
            0.999998,               0.3731
            0.999996,               0.3732
            0.999993,               0.3733
             0.99999,               0.3734
            0.999986,               0.3735
             0.99998,               0.3736
            0.999974,               0.3737
            0.999966,               0.3738
            0.999957,               0.3739
            0.999946,                0.374
            0.999933,               0.3741
            0.999919,               0.3742
            0.999902,               0.3743
            0.999883,               0.3744
            0.999861,               0.3745
            0.999837,               0.3746
             0.99981,               0.3747
             0.99978,               0.3748
            0.999747,               0.3749
             0.99971,                0.375
            0.999669,               0.3751
            0.999625,               0.3752
            0.999576,               0.3753
            0.999524,               0.3754
            0.999466,               0.3755
            0.999404,               0.3756
            0.999337,               0.3757
            0.999264,               0.3758
            0.999186,               0.3759
            0.999103,                0.376
            0.999013,               0.3761
            0.998917,               0.3762
            0.998815,               0.3763
            0.998706,               0.3764
             0.99859,               0.3765
            0.998466,               0.3766
            0.998336,               0.3767
            0.998197,               0.3768
            0.998051,               0.3769
            0.997896,                0.377
            0.997732,               0.3771
             0.99756,               0.3772
            0.997379,               0.3773
            0.997188,               0.3774
            0.996988,               0.3775
            0.996778,               0.3776
            0.996557,               0.3777
            0.996326,               0.3778
            0.996085,               0.3779
            0.995833,                0.378
            0.995569,               0.3781
            0.995294,               0.3782
            0.995007,               0.3783
            0.994708,               0.3784
            0.994397,               0.3785
            0.994073,               0.3786
            0.993737,               0.3787
            0.993387,               0.3788
            0.993025,               0.3789
            0.992648,                0.379
            0.992258,               0.3791
            0.991854,               0.3792
            0.991435,               0.3793
            0.991002,               0.3794
            0.990554,               0.3795
            0.990091,               0.3796
            0.989612,               0.3797
            0.989118,               0.3798
            0.988609,               0.3799
            0.988083,                 0.38
            0.987541,               0.3801
            0.986983,               0.3802
            0.986408,               0.3803
            0.985817,               0.3804
            0.985208,               0.3805
            0.984582,               0.3806
            0.983939,               0.3807
            0.983278,               0.3808
            0.982599,               0.3809
            0.981903,                0.381
            0.981188,               0.3811
            0.980455,               0.3812
            0.979703,               0.3813
            0.978933,               0.3814
            0.978143,               0.3815
            0.977335,               0.3816
            0.976508,               0.3817
            0.975662,               0.3818
            0.974796,               0.3819
            0.973911,                0.382
            0.973006,               0.3821
            0.972081,               0.3822
            0.971137,               0.3823
            0.970173,               0.3824
            0.969189,               0.3825
            0.968184,               0.3826
             0.96716,               0.3827
            0.966115,               0.3828
             0.96505,               0.3829
            0.963965,                0.383
            0.962859,               0.3831
            0.961733,               0.3832
            0.960586,               0.3833
            0.959419,               0.3834
            0.958232,               0.3835
            0.957024,               0.3836
            0.955795,               0.3837
            0.954546,               0.3838
            0.953276,               0.3839
            0.951986,                0.384
            0.950676,               0.3841
            0.949345,               0.3842
            0.947993,               0.3843
            0.946621,               0.3844
            0.945229,               0.3845
            0.943817,               0.3846
            0.942384,               0.3847
            0.940932,               0.3848
            0.939459,               0.3849
            0.937967,                0.385
            0.936454,               0.3851
            0.934922,               0.3852
             0.93337,               0.3853
            0.931799,               0.3854
            0.930208,               0.3855
            0.928599,               0.3856
            0.926969,               0.3857
            0.925321,               0.3858
            0.923655,               0.3859
            0.921969,                0.386
            0.920265,               0.3861
            0.918543,               0.3862
            0.916802,               0.3863
            0.915044,               0.3864
            0.913267,               0.3865
            0.911473,               0.3866
            0.909662,               0.3867
            0.907833,               0.3868
            0.905988,               0.3869
            0.904125,                0.387
            0.902246,               0.3871
            0.900351,               0.3872
             0.89844,               0.3873
            0.896512,               0.3874
            0.894569,               0.3875
            0.892611,               0.3876
            0.890637,               0.3877
            0.888648,               0.3878
            0.886645,               0.3879
            0.884627,                0.388
            0.882595,               0.3881
             0.88055,               0.3882
             0.87849,               0.3883
            0.876417,               0.3884
            0.874331,               0.3885
            0.872233,               0.3886
            0.870121,               0.3887
            0.867998,               0.3888
            0.865862,               0.3889
            0.863715,                0.389
            0.861556,               0.3891
            0.859387,               0.3892
            0.857206,               0.3893
            0.855015,               0.3894
            0.852813,               0.3895
            0.850602,               0.3896
            0.848381,               0.3897
            0.846151,               0.3898
            0.843911,               0.3899
            0.841663,                 0.39
            0.839407,               0.3901
            0.837142,               0.3902
            0.834869,               0.3903
            0.832589,               0.3904
            0.830302,               0.3905
            0.828007,               0.3906
            0.825706,               0.3907
            0.823399,               0.3908
            0.821085,               0.3909
            0.818766,                0.391
            0.816441,               0.3911
            0.814111,               0.3912
            0.811777,               0.3913
            0.809437,               0.3914
            0.807094,               0.3915
            0.804746,               0.3916
            0.802395,               0.3917
            0.800041,               0.3918
            0.797683,               0.3919
            0.795322,                0.392
            0.792959,               0.3921
            0.790594,               0.3922
            0.788227,               0.3923
            0.785858,               0.3924
            0.783487,               0.3925
            0.781116,               0.3926
            0.778743,               0.3927
            0.776371,               0.3928
            0.773997,               0.3929
            0.771624,                0.393
            0.769251,               0.3931
            0.766878,               0.3932
            0.764506,               0.3933
            0.762135,               0.3934
            0.759765,               0.3935
            0.757397,               0.3936
             0.75503,               0.3937
            0.752666,               0.3938
            0.750303,               0.3939
            0.747944,                0.394
            0.745586,               0.3941
            0.743232,               0.3942
            0.740881,               0.3943
            0.738533,               0.3944
            0.736189,               0.3945
            0.733848,               0.3946
            0.731512,               0.3947
             0.72918,               0.3948
            0.726852,               0.3949
            0.724529,                0.395
            0.722211,               0.3951
            0.719897,               0.3952
             0.71759,               0.3953
            0.715287,               0.3954
             0.71299,               0.3955
            0.710699,               0.3956
            0.708414,               0.3957
            0.706135,               0.3958
            0.703863,               0.3959
            0.701597,                0.396
            0.699337,               0.3961
            0.697085,               0.3962
            0.694839,               0.3963
            0.692601,               0.3964
             0.69037,               0.3965
            0.688147,               0.3966
            0.685931,               0.3967
            0.683723,               0.3968
            0.681523,               0.3969
            0.679331,                0.397
            0.677147,               0.3971
            0.674971,               0.3972
            0.672804,               0.3973
            0.670645,               0.3974
            0.668496,               0.3975
            0.666355,               0.3976
            0.664223,               0.3977
              0.6621,               0.3978
            0.659986,               0.3979
            0.657881,                0.398
            0.655786,               0.3981
            0.653701,               0.3982
            0.651625,               0.3983
            0.649558,               0.3984
            0.647502,               0.3985
            0.645455,               0.3986
            0.643418,               0.3987
            0.641391,               0.3988
            0.639375,               0.3989
            0.637368,                0.399
            0.635372,               0.3991
            0.633386,               0.3992
            0.631411,               0.3993
            0.629446,               0.3994
            0.627492,               0.3995
            0.625548,               0.3996
            0.623615,               0.3997
            0.621693,               0.3998
            0.619782,               0.3999
            0.617881,                  0.4
            0.615991,               0.4001
            0.614113,               0.4002
            0.612245,               0.4003
            0.610388,               0.4004
            0.608543,               0.4005
            0.606709,               0.4006
            0.604886,               0.4007
            0.603074,               0.4008
            0.601273,               0.4009
            0.599484,                0.401
            0.597706,               0.4011
            0.595939,               0.4012
            0.594184,               0.4013
             0.59244,               0.4014
            0.590708,               0.4015
            0.588987,               0.4016
            0.587278,               0.4017
             0.58558,               0.4018
            0.583894,               0.4019
            0.582219,                0.402
            0.580556,               0.4021
            0.578904,               0.4022
            0.577264,               0.4023
            0.575636,               0.4024
            0.574019,               0.4025
            0.572414,               0.4026
             0.57082,               0.4027
            0.569238,               0.4028
            0.567668,               0.4029
            0.566109,                0.403
            0.564562,               0.4031
            0.563027,               0.4032
            0.561503,               0.4033
            0.559991,               0.4034
            0.558491,               0.4035
            0.557002,               0.4036
            0.555525,               0.4037
             0.55406,               0.4038
            0.552606,               0.4039
            0.551164,                0.404
            0.549733,               0.4041
            0.548314,               0.4042
            0.546907,               0.4043
            0.545511,               0.4044
            0.544127,               0.4045
            0.542754,               0.4046
            0.541393,               0.4047
            0.540043,               0.4048
            0.538705,               0.4049
            0.537379,                0.405
            0.536064,               0.4051
             0.53476,               0.4052
            0.533468,               0.4053
            0.532187,               0.4054
            0.530918,               0.4055
             0.52966,               0.4056
            0.528413,               0.4057
            0.527178,               0.4058
            0.525954,               0.4059
            0.524742,                0.406
            0.523541,               0.4061
            0.522351,               0.4062
            0.521172,               0.4063
            0.520004,               0.4064
            0.518848,               0.4065
            0.517703,               0.4066
            0.516569,               0.4067
            0.515446,               0.4068
            0.514335,               0.4069
            0.513234,                0.407
            0.512144,               0.4071
            0.511066,               0.4072
            0.509999,               0.4073
            0.508942,               0.4074
            0.507896,               0.4075
            0.506862,               0.4076
            0.505838,               0.4077
            0.504825,               0.4078
            0.503823,               0.4079
            0.502832,                0.408
            0.501852,               0.4081
            0.500882,               0.4082
            0.499924,               0.4083
            0.498976,               0.4084
            0.498038,               0.4085
            0.497111,               0.4086
            0.496195,               0.4087
             0.49529,               0.4088
            0.494395,               0.4089
            0.493511,                0.409
            0.492637,               0.4091
            0.491774,               0.4092
            0.490921,               0.4093
            0.490078,               0.4094
            0.489246,               0.4095
            0.488425,               0.4096
            0.487614,               0.4097
            0.486813,               0.4098
            0.486022,               0.4099
            0.485242,                 0.41
            0.484472,               0.4101
            0.483712,               0.4102
            0.482963,               0.4103
            0.482223,               0.4104
            0.481494,               0.4105
            0.480775,               0.4106
            0.480066,               0.4107
            0.479367,               0.4108
            0.478678,               0.4109
               0.478,                0.411
            0.477331,               0.4111
            0.476672,               0.4112
            0.476023,               0.4113
            0.475384,               0.4114
            0.474755,               0.4115
            0.474136,               0.4116
            0.473526,               0.4117
            0.472927,               0.4118
            0.472337,               0.4119
            0.471757,                0.412
            0.471187,               0.4121
            0.470626,               0.4122
            0.470075,               0.4123
            0.469534,               0.4124
            0.469003,               0.4125
            0.468481,               0.4126
            0.467969,               0.4127
            0.467466,               0.4128
            0.466973,               0.4129
             0.46649,                0.413
            0.466016,               0.4131
            0.465551,               0.4132
            0.465096,               0.4133
            0.464651,               0.4134
            0.464215,               0.4135
            0.463788,               0.4136
            0.463371,               0.4137
            0.462963,               0.4138
            0.462564,               0.4139
            0.462175,                0.414
            0.461795,               0.4141
            0.461425,               0.4142
            0.461064,               0.4143
            0.460712,               0.4144
            0.460369,               0.4145
            0.460036,               0.4146
            0.459712,               0.4147
            0.459397,               0.4148
            0.459091,               0.4149
            0.458794,                0.415
            0.458507,               0.4151
            0.458228,               0.4152
            0.457959,               0.4153
            0.457699,               0.4154
            0.457448,               0.4155
            0.457206,               0.4156
            0.456974,               0.4157
             0.45675,               0.4158
            0.456535,               0.4159
             0.45633,                0.416
            0.456133,               0.4161
            0.455945,               0.4162
            0.455767,               0.4163
            0.455597,               0.4164
            0.455436,               0.4165
            0.455285,               0.4166
            0.455142,               0.4167
            0.455008,               0.4168
            0.454883,               0.4169
            0.454767,                0.417
             0.45466,               0.4171
            0.454562,               0.4172
            0.454473,               0.4173
            0.454393,               0.4174
            0.454321,               0.4175
            0.454259,               0.4176
            0.454205,               0.4177
             0.45416,               0.4178
            0.454124,               0.4179
            0.454097,                0.418
            0.454079,               0.4181
             0.45407,               0.4182
            0.454069,               0.4183
            0.454077,               0.4184
            0.454094,               0.4185
             0.45412,               0.4186
            0.454155,               0.4187
            0.454198,               0.4188
            0.454251,               0.4189
            0.454312,                0.419
            0.454382,               0.4191
            0.454461,               0.4192
            0.454548,               0.4193
            0.454645,               0.4194
             0.45475,               0.4195
            0.454864,               0.4196
            0.454986,               0.4197
            0.455118,               0.4198
            0.455258,               0.4199
            0.455407,                 0.42
            0.455565,               0.4201
            0.455732,               0.4202
            0.455908,               0.4203
            0.456092,               0.4204
            0.456285,               0.4205
            0.456487,               0.4206
            0.456698,               0.4207
            0.456917,               0.4208
            0.457146,               0.4209
            0.457383,                0.421
            0.457629,               0.4211
            0.457884,               0.4212
            0.458148,               0.4213
             0.45842,               0.4214
            0.458701,               0.4215
            0.458992,               0.4216
            0.459291,               0.4217
            0.459599,               0.4218
            0.459916,               0.4219
            0.460241,                0.422
            0.460576,               0.4221
            0.460919,               0.4222
            0.461272,               0.4223
            0.461633,               0.4224
            0.462003,               0.4225
            0.462382,               0.4226
             0.46277,               0.4227
            0.463167,               0.4228
            0.463573,               0.4229
            0.463988,                0.423
            0.464412,               0.4231
            0.464845,               0.4232
            0.465287,               0.4233
            0.465737,               0.4234
            0.466197,               0.4235
            0.466666,               0.4236
            0.467144,               0.4237
            0.467631,               0.4238
            0.468127,               0.4239
            0.468632,                0.424
            0.469146,               0.4241
            0.469669,               0.4242
            0.470202,               0.4243
            0.470743,               0.4244
            0.471294,               0.4245
            0.471854,               0.4246
            0.472423,               0.4247
            0.473001,               0.4248
            0.473588,               0.4249
            0.474185,                0.425
             0.47479,               0.4251
            0.475405,               0.4252
             0.47603,               0.4253
            0.476663,               0.4254
            0.477306,               0.4255
            0.477958,               0.4256
            0.478619,               0.4257
             0.47929,               0.4258
             0.47997,               0.4259
             0.48066,                0.426
            0.481359,               0.4261
            0.482067,               0.4262
            0.482785,               0.4263
            0.483512,               0.4264
            0.484248,               0.4265
            0.484994,               0.4266
             0.48575,               0.4267
            0.486515,               0.4268
             0.48729,               0.4269
            0.488074,                0.427
            0.488867,               0.4271
            0.489671,               0.4272
            0.490484,               0.4273
            0.491306,               0.4274
            0.492138,               0.4275
             0.49298,               0.4276
            0.493832,               0.4277
            0.494693,               0.4278
            0.495564,               0.4279
            0.496444,                0.428
            0.497335,               0.4281
            0.498235,               0.4282
            0.499145,               0.4283
            0.500065,               0.4284
            0.500994,               0.4285
            0.501934,               0.4286
            0.502883,               0.4287
            0.503842,               0.4288
            0.504812,               0.4289
            0.505791,                0.429
             0.50678,               0.4291
            0.507779,               0.4292
            0.508788,               0.4293
            0.509807,               0.4294
            0.510836,               0.4295
            0.511875,               0.4296
            0.512924,               0.4297
            0.513984,               0.4298
            0.515053,               0.4299
            0.516133,                 0.43
            0.517222,               0.4301
            0.518322,               0.4302
            0.519432,               0.4303
            0.520552,               0.4304
            0.521683,               0.4305
            0.522824,               0.4306
            0.523975,               0.4307
            0.525136,               0.4308
            0.526307,               0.4309
            0.527489,                0.431
            0.528682,               0.4311
            0.529884,               0.4312
            0.531097,               0.4313
             0.53232,               0.4314
            0.533554,               0.4315
            0.534798,               0.4316
            0.536053,               0.4317
            0.537318,               0.4318
            0.538593,               0.4319
            0.539879,                0.432
            0.541176,               0.4321
            0.542483,               0.4322
              0.5438,               0.4323
            0.545128,               0.4324
            0.546467,               0.4325
            0.547816,               0.4326
            0.549175,               0.4327
            0.550546,               0.4328
            0.551927,               0.4329
            0.553318,                0.433
             0.55472,               0.4331
            0.556133,               0.4332
            0.557556,               0.4333
             0.55899,               0.4334
            0.560435,               0.4335
             0.56189,               0.4336
            0.563356,               0.4337
            0.564833,               0.4338
             0.56632,               0.4339
            0.567818,                0.434
            0.569326,               0.4341
            0.570846,               0.4342
            0.572376,               0.4343
            0.573917,               0.4344
            0.575468,               0.4345
             0.57703,               0.4346
            0.578603,               0.4347
            0.580186,               0.4348
             0.58178,               0.4349
            0.583385,                0.435
            0.585001,               0.4351
            0.586627,               0.4352
            0.588264,               0.4353
            0.589911,               0.4354
            0.591569,               0.4355
            0.593238,               0.4356
            0.594917,               0.4357
            0.596607,               0.4358
            0.598308,               0.4359
            0.600019,                0.436
            0.601741,               0.4361
            0.603473,               0.4362
            0.605216,               0.4363
             0.60697,               0.4364
            0.608733,               0.4365
            0.610508,               0.4366
            0.612293,               0.4367
            0.614088,               0.4368
            0.615893,               0.4369
            0.617709,                0.437
            0.619536,               0.4371
            0.621372,               0.4372
            0.623219,               0.4373
            0.625077,               0.4374
            0.626944,               0.4375
            0.628822,               0.4376
            0.630709,               0.4377
            0.632607,               0.4378
            0.634515,               0.4379
            0.636433,                0.438
            0.638361,               0.4381
            0.640299,               0.4382
            0.642247,               0.4383
            0.644204,               0.4384
            0.646172,               0.4385
            0.648149,               0.4386
            0.650135,               0.4387
            0.652132,               0.4388
            0.654138,               0.4389
            0.656153,                0.439
            0.658178,               0.4391
            0.660212,               0.4392
            0.662255,               0.4393
            0.664308,               0.4394
             0.66637,               0.4395
            0.668441,               0.4396
             0.67052,               0.4397
            0.672609,               0.4398
            0.674707,               0.4399
            0.676813,                 0.44
            0.678928,               0.4401
            0.681052,               0.4402
            0.683184,               0.4403
            0.685324,               0.4404
            0.687473,               0.4405
            0.689629,               0.4406
            0.691794,               0.4407
            0.693967,               0.4408
            0.696148,               0.4409
            0.698337,                0.441
            0.700533,               0.4411
            0.702737,               0.4412
            0.704948,               0.4413
            0.707166,               0.4414
            0.709392,               0.4415
            0.711625,               0.4416
            0.713864,               0.4417
            0.716111,               0.4418
            0.718364,               0.4419
            0.720623,                0.442
            0.722889,               0.4421
            0.725161,               0.4422
             0.72744,               0.4423
            0.729724,               0.4424
            0.732014,               0.4425
            0.734309,               0.4426
             0.73661,               0.4427
            0.738917,               0.4428
            0.741228,               0.4429
            0.743545,                0.443
            0.745866,               0.4431
            0.748192,               0.4432
            0.750522,               0.4433
            0.752857,               0.4434
            0.755196,               0.4435
            0.757538,               0.4436
            0.759884,               0.4437
            0.762234,               0.4438
            0.764587,               0.4439
            0.766944,                0.444
            0.769303,               0.4441
            0.771665,               0.4442
            0.774029,               0.4443
            0.776396,               0.4444
            0.778764,               0.4445
            0.781135,               0.4446
            0.783507,               0.4447
             0.78588,               0.4448
            0.788255,               0.4449
            0.790631,                0.445
            0.793007,               0.4451
            0.795384,               0.4452
            0.797761,               0.4453
            0.800138,               0.4454
            0.802515,               0.4455
            0.804891,               0.4456
            0.807267,               0.4457
            0.809641,               0.4458
            0.812014,               0.4459
            0.814386,                0.446
            0.816755,               0.4461
            0.819123,               0.4462
            0.821488,               0.4463
            0.823851,               0.4464
            0.826211,               0.4465
            0.828567,               0.4466
             0.83092,               0.4467
             0.83327,               0.4468
            0.835615,               0.4469
            0.837956,                0.447
            0.840292,               0.4471
            0.842624,               0.4472
             0.84495,               0.4473
             0.84727,               0.4474
            0.849585,               0.4475
            0.851894,               0.4476
            0.854196,               0.4477
            0.856492,               0.4478
             0.85878,               0.4479
            0.861061,                0.448
            0.863335,               0.4481
              0.8656,               0.4482
            0.867857,               0.4483
            0.870105,               0.4484
            0.872345,               0.4485
            0.874575,               0.4486
            0.876796,               0.4487
            0.879007,               0.4488
            0.881207,               0.4489
            0.883397,                0.449
            0.885576,               0.4491
            0.887744,               0.4492
              0.8899,               0.4493
            0.892044,               0.4494
            0.894176,               0.4495
            0.896296,               0.4496
            0.898402,               0.4497
            0.900496,               0.4498
            0.902576,               0.4499
            0.904642,                 0.45
            0.906694,               0.4501
            0.908731,               0.4502
            0.910753,               0.4503
            0.912761,               0.4504
            0.914752,               0.4505
            0.916728,               0.4506
            0.918688,               0.4507
            0.920631,               0.4508
            0.922558,               0.4509
            0.924467,                0.451
            0.926359,               0.4511
            0.928233,               0.4512
            0.930089,               0.4513
            0.931926,               0.4514
            0.933745,               0.4515
            0.935545,               0.4516
            0.937325,               0.4517
            0.939086,               0.4518
            0.940827,               0.4519
            0.942547,                0.452
            0.944247,               0.4521
            0.945926,               0.4522
            0.947584,               0.4523
             0.94922,               0.4524
            0.950835,               0.4525
            0.952428,               0.4526
            0.953998,               0.4527
            0.955546,               0.4528
            0.957071,               0.4529
            0.958573,                0.453
            0.960051,               0.4531
            0.961506,               0.4532
            0.962937,               0.4533
            0.964344,               0.4534
            0.965726,               0.4535
            0.967084,               0.4536
            0.968417,               0.4537
            0.969725,               0.4538
            0.971007,               0.4539
            0.972264,                0.454
            0.973495,               0.4541
            0.974701,               0.4542
             0.97588,               0.4543
            0.977032,               0.4544
            0.978158,               0.4545
            0.979258,               0.4546
             0.98033,               0.4547
            0.981375,               0.4548
            0.982393,               0.4549
            0.983384,                0.455
            0.984347,               0.4551
            0.985282,               0.4552
            0.986189,               0.4553
            0.987068,               0.4554
            0.987919,               0.4555
            0.988742,               0.4556
            0.989536,               0.4557
            0.990302,               0.4558
            0.991039,               0.4559
            0.991748,                0.456
            0.992427,               0.4561
            0.993078,               0.4562
              0.9937,               0.4563
            0.994293,               0.4564
            0.994856,               0.4565
             0.99539,               0.4566
            0.995896,               0.4567
            0.996372,               0.4568
            0.996818,               0.4569
            0.997235,                0.457
            0.997623,               0.4571
            0.997982,               0.4572
            0.998311,               0.4573
            0.998611,               0.4574
            0.998881,               0.4575
            0.999123,               0.4576
            0.999334,               0.4577
            0.999517,               0.4578
             0.99967,               0.4579
            0.999794,                0.458
            0.999889,               0.4581
            0.999955,               0.4582
            0.999991,               0.4583
            0.999999,               0.4584
            0.999978,               0.4585
            0.999928,               0.4586
            0.999849,               0.4587
            0.999742,               0.4588
            0.999606,               0.4589
            0.999442,                0.459
            0.999249,               0.4591
            0.999029,               0.4592
             0.99878,               0.4593
            0.998503,               0.4594
            0.998199,               0.4595
            0.997867,               0.4596
            0.997507,               0.4597
             0.99712,               0.4598
            0.996706,               0.4599
            0.996265,                 0.46
            0.995797,               0.4601
            0.995303,               0.4602
            0.994782,               0.4603
            0.994234,               0.4604
            0.993661,               0.4605
            0.993062,               0.4606
            0.992437,               0.4607
            0.991787,               0.4608
            0.991112,               0.4609
            0.990411,                0.461
            0.989686,               0.4611
            0.988936,               0.4612
            0.988162,               0.4613
            0.987364,               0.4614
            0.986542,               0.4615
            0.985696,               0.4616
            0.984827,               0.4617
            0.983935,               0.4618
             0.98302,               0.4619
            0.982083,                0.462
            0.981123,               0.4621
            0.980141,               0.4622
            0.979137,               0.4623
            0.978112,               0.4624
            0.977065,               0.4625
            0.975998,               0.4626
             0.97491,               0.4627
            0.973801,               0.4628
            0.972672,               0.4629
            0.971523,                0.463
            0.970355,               0.4631
            0.969167,               0.4632
            0.967961,               0.4633
            0.966735,               0.4634
            0.965491,               0.4635
             0.96423,               0.4636
             0.96295,               0.4637
            0.961652,               0.4638
            0.960338,               0.4639
            0.959006,                0.464
            0.957658,               0.4641
            0.956293,               0.4642
            0.954913,               0.4643
            0.953516,               0.4644
            0.952105,               0.4645
            0.950677,               0.4646
            0.949236,               0.4647
            0.947779,               0.4648
            0.946308,               0.4649
            0.944823,                0.465
            0.943325,               0.4651
            0.941813,               0.4652
            0.940288,               0.4653
            0.938751,               0.4654
              0.9372,               0.4655
            0.935638,               0.4656
            0.934064,               0.4657
            0.932478,               0.4658
            0.930881,               0.4659
            0.929272,                0.466
            0.927653,               0.4661
            0.926024,               0.4662
            0.924384,               0.4663
            0.922735,               0.4664
            0.921076,               0.4665
            0.919407,               0.4666
             0.91773,               0.4667
            0.916044,               0.4668
            0.914349,               0.4669
            0.912646,                0.467
            0.910935,               0.4671
            0.909217,               0.4672
            0.907491,               0.4673
            0.905758,               0.4674
            0.904018,               0.4675
            0.902272,               0.4676
            0.900519,               0.4677
            0.898761,               0.4678
            0.896996,               0.4679
            0.895226,                0.468
             0.89345,               0.4681
             0.89167,               0.4682
            0.889885,               0.4683
            0.888095,               0.4684
            0.886301,               0.4685
            0.884502,               0.4686
              0.8827,               0.4687
            0.880895,               0.4688
            0.879086,               0.4689
            0.877274,                0.469
            0.875458,               0.4691
            0.873641,               0.4692
             0.87182,               0.4693
            0.869998,               0.4694
            0.868174,               0.4695
            0.866347,               0.4696
            0.864519,               0.4697
             0.86269,               0.4698
             0.86086,               0.4699
            0.859028,                 0.47
            0.857196,               0.4701
            0.855363,               0.4702
             0.85353,               0.4703
            0.851696,               0.4704
            0.849863,               0.4705
             0.84803,               0.4706
            0.846197,               0.4707
            0.844364,               0.4708
            0.842533,               0.4709
            0.840702,                0.471
            0.838873,               0.4711
            0.837044,               0.4712
            0.835217,               0.4713
            0.833392,               0.4714
            0.831568,               0.4715
            0.829747,               0.4716
            0.827927,               0.4717
             0.82611,               0.4718
            0.824295,               0.4719
            0.822482,                0.472
            0.820672,               0.4721
            0.818865,               0.4722
            0.817061,               0.4723
             0.81526,               0.4724
            0.813463,               0.4725
            0.811668,               0.4726
            0.809877,               0.4727
             0.80809,               0.4728
            0.806307,               0.4729
            0.804527,                0.473
            0.802752,               0.4731
             0.80098,               0.4732
            0.799213,               0.4733
             0.79745,               0.4734
            0.795692,               0.4735
            0.793938,               0.4736
            0.792189,               0.4737
            0.790445,               0.4738
            0.788706,               0.4739
            0.786971,                0.474
            0.785242,               0.4741
            0.783518,               0.4742
            0.781799,               0.4743
            0.780086,               0.4744
            0.778378,               0.4745
            0.776676,               0.4746
            0.774979,               0.4747
            0.773288,               0.4748
            0.771603,               0.4749
            0.769924,                0.475
            0.768251,               0.4751
            0.766584,               0.4752
            0.764923,               0.4753
            0.763268,               0.4754
             0.76162,               0.4755
            0.759978,               0.4756
            0.758342,               0.4757
            0.756713,               0.4758
             0.75509,               0.4759
            0.753474,                0.476
            0.751865,               0.4761
            0.750262,               0.4762
            0.748667,               0.4763
            0.747078,               0.4764
            0.745496,               0.4765
             0.74392,               0.4766
            0.742352,               0.4767
            0.740791,               0.4768
            0.739237,               0.4769
            0.737691,                0.477
            0.736151,               0.4771
            0.734619,               0.4772
            0.733094,               0.4773
            0.731576,               0.4774
            0.730066,               0.4775
            0.728563,               0.4776
            0.727067,               0.4777
            0.725579,               0.4778
            0.724099,               0.4779
            0.722626,                0.478
             0.72116,               0.4781
            0.719702,               0.4782
            0.718252,               0.4783
             0.71681,               0.4784
            0.715375,               0.4785
            0.713948,               0.4786
            0.712529,               0.4787
            0.711117,               0.4788
            0.709713,               0.4789
            0.708317,                0.479
            0.706929,               0.4791
            0.705549,               0.4792
            0.704176,               0.4793
            0.702812,               0.4794
            0.701455,               0.4795
            0.700106,               0.4796
            0.698765,               0.4797
            0.697433,               0.4798
            0.696108,               0.4799
            0.694791,                 0.48
            0.693482,               0.4801
            0.692181,               0.4802
            0.690888,               0.4803
            0.689603,               0.4804
            0.688326,               0.4805
            0.687057,               0.4806
            0.685796,               0.4807
            0.684544,               0.4808
            0.683299,               0.4809
            0.682062,                0.481
            0.680833,               0.4811
            0.679613,               0.4812
              0.6784,               0.4813
            0.677196,               0.4814
            0.675999,               0.4815
            0.674811,               0.4816
            0.673631,               0.4817
            0.672459,               0.4818
            0.671294,               0.4819
            0.670138,                0.482
             0.66899,               0.4821
             0.66785,               0.4822
            0.666718,               0.4823
            0.665594,               0.4824
            0.664479,               0.4825
            0.663371,               0.4826
            0.662271,               0.4827
            0.661179,               0.4828
            0.660096,               0.4829
             0.65902,                0.483
            0.657952,               0.4831
            0.656892,               0.4832
            0.655841,               0.4833
            0.654797,               0.4834
            0.653761,               0.4835
            0.652734,               0.4836
            0.651714,               0.4837
            0.650702,               0.4838
            0.649698,               0.4839
            0.648702,                0.484
            0.647714,               0.4841
            0.646734,               0.4842
            0.645762,               0.4843
            0.644797,               0.4844
            0.643841,               0.4845
            0.642892,               0.4846
            0.641952,               0.4847
            0.641019,               0.4848
            0.640094,               0.4849
            0.639176,                0.485
            0.638267,               0.4851
            0.637365,               0.4852
            0.636471,               0.4853
            0.635585,               0.4854
            0.634707,               0.4855
            0.633836,               0.4856
            0.632973,               0.4857
            0.632118,               0.4858
             0.63127,               0.4859
             0.63043,                0.486
            0.629598,               0.4861
            0.628773,               0.4862
            0.627956,               0.4863
            0.627147,               0.4864
            0.626345,               0.4865
            0.625551,               0.4866
            0.624765,               0.4867
            0.623986,               0.4868
            0.623214,               0.4869
             0.62245,                0.487
            0.621694,               0.4871
            0.620945,               0.4872
            0.620203,               0.4873
            0.619469,               0.4874
            0.618742,               0.4875
            0.618023,               0.4876
            0.617311,               0.4877
            0.616607,               0.4878
             0.61591,               0.4879
             0.61522,                0.488
            0.614538,               0.4881
            0.613863,               0.4882
            0.613195,               0.4883
            0.612534,               0.4884
            0.611881,               0.4885
            0.611235,               0.4886
            0.610597,               0.4887
            0.609965,               0.4888
            0.609341,               0.4889
            0.608724,                0.489
            0.608114,               0.4891
            0.607511,               0.4892
            0.606915,               0.4893
            0.606327,               0.4894
            0.605745,               0.4895
            0.605171,               0.4896
            0.604604,               0.4897
            0.604043,               0.4898
             0.60349,               0.4899
            0.602944,                 0.49
            0.602405,               0.4901
            0.601872,               0.4902
            0.601347,               0.4903
            0.600829,               0.4904
            0.600317,               0.4905
            0.599813,               0.4906
            0.599315,               0.4907
            0.598824,               0.4908
            0.598341,               0.4909
            0.597864,                0.491
            0.597393,               0.4911
             0.59693,               0.4912
            0.596473,               0.4913
            0.596023,               0.4914
             0.59558,               0.4915
            0.595144,               0.4916
            0.594714,               0.4917
            0.594291,               0.4918
            0.593875,               0.4919
            0.593465,                0.492
            0.593063,               0.4921
            0.592666,               0.4922
            0.592277,               0.4923
            0.591894,               0.4924
            0.591517,               0.4925
            0.591147,               0.4926
            0.590784,               0.4927
            0.590427,               0.4928
            0.590077,               0.4929
            0.589733,                0.493
            0.589396,               0.4931
            0.589065,               0.4932
            0.588741,               0.4933
            0.588423,               0.4934
            0.588112,               0.4935
            0.587807,               0.4936
            0.587508,               0.4937
            0.587216,               0.4938
             0.58693,               0.4939
             0.58665,                0.494
            0.586377,               0.4941
             0.58611,               0.4942
             0.58585,               0.4943
            0.585596,               0.4944
            0.585348,               0.4945
            0.585106,               0.4946
            0.584871,               0.4947
            0.584642,               0.4948
            0.584419,               0.4949
            0.584202,                0.495
            0.583991,               0.4951
            0.583787,               0.4952
            0.583589,               0.4953
            0.583397,               0.4954
            0.583211,               0.4955
            0.583031,               0.4956
            0.582857,               0.4957
             0.58269,               0.4958
            0.582528,               0.4959
            0.582373,                0.496
            0.582223,               0.4961
             0.58208,               0.4962
            0.581943,               0.4963
            0.581811,               0.4964
            0.581686,               0.4965
            0.581567,               0.4966
            0.581453,               0.4967
            0.581346,               0.4968
            0.581245,               0.4969
            0.581149,                0.497
             0.58106,               0.4971
            0.580976,               0.4972
            0.580898,               0.4973
            0.580826,               0.4974
             0.58076,               0.4975
              0.5807,               0.4976
            0.580646,               0.4977
            0.580597,               0.4978
            0.580555,               0.4979
            0.580518,                0.498
            0.580487,               0.4981
            0.580461,               0.4982
            0.580442,               0.4983
            0.580428,               0.4984
             0.58042,               0.4985
            0.580418,               0.4986
            0.580421,               0.4987
            0.580431,               0.4988
            0.580445,               0.4989
            0.580466,                0.499
            0.580492,               0.4991
            0.580524,               0.4992
            0.580562,               0.4993
            0.580605,               0.4994
            0.580654,               0.4995
            0.580708,               0.4996
            0.580768,               0.4997
            0.580834,               0.4998
            0.580905,               0.4999
            0.580982,                  0.5

