------------------------------------------------------------
 Transmission Coefficient on refined energy grid using transfer matrices
------------------------------------------------------------
Transmission Coefficient, Energy (eV)
          5.6063e-15,               0.0001
          1.1292e-14,               0.0002
          1.7058e-14,               0.0003
         2.29052e-14,               0.0004
         2.88345e-14,               0.0005
         3.48469e-14,               0.0006
         4.09433e-14,               0.0007
         4.71246e-14,               0.0008
         5.33918e-14,               0.0009
         5.97459e-14,                0.001
         6.61879e-14,               0.0011
         7.27186e-14,               0.0012
         7.93392e-14,               0.0013
         8.60507e-14,               0.0014
          9.2854e-14,               0.0015
         9.97502e-14,               0.0016
          1.0674e-13,               0.0017
         1.13825e-13,               0.0018
         1.21007e-13,               0.0019
         1.28285e-13,                0.002
         1.35662e-13,               0.0021
         1.43138e-13,               0.0022
         1.50714e-13,               0.0023
         1.58392e-13,               0.0024
         1.66172e-13,               0.0025
         1.74057e-13,               0.0026
         1.82046e-13,               0.0027
         1.90142e-13,               0.0028
         1.98345e-13,               0.0029
         2.06657e-13,                0.003
         2.15078e-13,               0.0031
         2.23611e-13,               0.0032
         2.32255e-13,               0.0033
         2.41013e-13,               0.0034
         2.49886e-13,               0.0035
         2.58875e-13,               0.0036
         2.67982e-13,               0.0037
         2.77207e-13,               0.0038
         2.86552e-13,               0.0039
         2.96018e-13,                0.004
         3.05607e-13,               0.0041
          3.1532e-13,               0.0042
         3.25158e-13,               0.0043
         3.35123e-13,               0.0044
         3.45216e-13,               0.0045
         3.55439e-13,               0.0046
         3.65793e-13,               0.0047
          3.7628e-13,               0.0048
           3.869e-13,               0.0049
         3.97656e-13,                0.005
         4.08549e-13,               0.0051
          4.1958e-13,               0.0052
         4.30752e-13,               0.0053
         4.42065e-13,               0.0054
         4.53521e-13,               0.0055
         4.65122e-13,               0.0056
         4.76869e-13,               0.0057
         4.88764e-13,               0.0058
         5.00809e-13,               0.0059
         5.13005e-13,                0.006
         5.25354e-13,               0.0061
         5.37858e-13,               0.0062
         5.50517e-13,               0.0063
         5.63335e-13,               0.0064
         5.76313e-13,               0.0065
         5.89452e-13,               0.0066
         6.02755e-13,               0.0067
         6.16223e-13,               0.0068
         6.29858e-13,               0.0069
         6.43661e-13,                0.007
         6.57636e-13,               0.0071
         6.71782e-13,               0.0072
         6.86104e-13,               0.0073
         7.00602e-13,               0.0074
         7.15278e-13,               0.0075
         7.30134e-13,               0.0076
         7.45173e-13,               0.0077
         7.60396e-13,               0.0078
         7.75805e-13,               0.0079
         7.91403e-13,                0.008
         8.07191e-13,               0.0081
         8.23172e-13,               0.0082
         8.39347e-13,               0.0083
          8.5572e-13,               0.0084
         8.72291e-13,               0.0085
         8.89064e-13,               0.0086
          9.0604e-13,               0.0087
         9.23221e-13,               0.0088
         9.40611e-13,               0.0089
         9.58211e-13,                0.009
         9.76023e-13,               0.0091
          9.9405e-13,               0.0092
         1.01229e-12,               0.0093
         1.03076e-12,               0.0094
         1.04944e-12,               0.0095
         1.06836e-12,               0.0096
         1.08749e-12,               0.0097
         1.10686e-12,               0.0098
         1.12646e-12,               0.0099
         1.14629e-12,                 0.01
         1.16636e-12,               0.0101
         1.18667e-12,               0.0102
         1.20723e-12,               0.0103
         1.22802e-12,               0.0104
         1.24907e-12,               0.0105
         1.27036e-12,               0.0106
         1.29191e-12,               0.0107
         1.31372e-12,               0.0108
         1.33578e-12,               0.0109
         1.35811e-12,                0.011
          1.3807e-12,               0.0111
         1.40355e-12,               0.0112
         1.42668e-12,               0.0113
         1.45008e-12,               0.0114
         1.47376e-12,               0.0115
         1.49772e-12,               0.0116
         1.52196e-12,               0.0117
         1.54648e-12,               0.0118
          1.5713e-12,               0.0119
          1.5964e-12,                0.012
          1.6218e-12,               0.0121
          1.6475e-12,               0.0122
          1.6735e-12,               0.0123
         1.69981e-12,               0.0124
         1.72642e-12,               0.0125
         1.75334e-12,               0.0126
         1.78059e-12,               0.0127
         1.80814e-12,               0.0128
         1.83603e-12,               0.0129
         1.86423e-12,                0.013
         1.89277e-12,               0.0131
         1.92164e-12,               0.0132
         1.95084e-12,               0.0133
         1.98039e-12,               0.0134
         2.01028e-12,               0.0135
         2.04051e-12,               0.0136
          2.0711e-12,               0.0137
         2.10205e-12,               0.0138
         2.13335e-12,               0.0139
         2.16502e-12,                0.014
         2.19705e-12,               0.0141
         2.22946e-12,               0.0142
         2.26224e-12,               0.0143
          2.2954e-12,               0.0144
         2.32894e-12,               0.0145
         2.36287e-12,               0.0146
          2.3972e-12,               0.0147
         2.43192e-12,               0.0148
         2.46704e-12,               0.0149
         2.50257e-12,                0.015
          2.5385e-12,               0.0151
         2.57486e-12,               0.0152
         2.61163e-12,               0.0153
         2.64882e-12,               0.0154
         2.68644e-12,               0.0155
          2.7245e-12,               0.0156
         2.76299e-12,               0.0157
         2.80193e-12,               0.0158
         2.84131e-12,               0.0159
         2.88114e-12,                0.016
         2.92144e-12,               0.0161
         2.96219e-12,               0.0162
         3.00341e-12,               0.0163
         3.04511e-12,               0.0164
         3.08728e-12,               0.0165
         3.12994e-12,               0.0166
         3.17308e-12,               0.0167
         3.21672e-12,               0.0168
         3.26086e-12,               0.0169
          3.3055e-12,                0.017
         3.35065e-12,               0.0171
         3.39632e-12,               0.0172
         3.44252e-12,               0.0173
         3.48924e-12,               0.0174
         3.53649e-12,               0.0175
         3.58428e-12,               0.0176
         3.63262e-12,               0.0177
         3.68151e-12,               0.0178
         3.73095e-12,               0.0179
         3.78096e-12,                0.018
         3.83154e-12,               0.0181
          3.8827e-12,               0.0182
         3.93444e-12,               0.0183
         3.98677e-12,               0.0184
         4.03969e-12,               0.0185
         4.09321e-12,               0.0186
         4.14735e-12,               0.0187
          4.2021e-12,               0.0188
         4.25747e-12,               0.0189
         4.31348e-12,                0.019
         4.37011e-12,               0.0191
          4.4274e-12,               0.0192
         4.48533e-12,               0.0193
         4.54392e-12,               0.0194
         4.60318e-12,               0.0195
         4.66311e-12,               0.0196
         4.72372e-12,               0.0197
         4.78501e-12,               0.0198
         4.84701e-12,               0.0199
          4.9097e-12,                 0.02
         4.97311e-12,               0.0201
         5.03723e-12,               0.0202
         5.10209e-12,               0.0203
         5.16767e-12,               0.0204
           5.234e-12,               0.0205
         5.30109e-12,               0.0206
         5.36893e-12,               0.0207
         5.43754e-12,               0.0208
         5.50693e-12,               0.0209
          5.5771e-12,                0.021
         5.64807e-12,               0.0211
         5.71984e-12,               0.0212
         5.79242e-12,               0.0213
         5.86583e-12,               0.0214
         5.94006e-12,               0.0215
         6.01514e-12,               0.0216
         6.09106e-12,               0.0217
         6.16785e-12,               0.0218
          6.2455e-12,               0.0219
         6.32403e-12,                0.022
         6.40345e-12,               0.0221
         6.48376e-12,               0.0222
         6.56499e-12,               0.0223
         6.64713e-12,               0.0224
          6.7302e-12,               0.0225
         6.81421e-12,               0.0226
         6.89917e-12,               0.0227
         6.98509e-12,               0.0228
         7.07198e-12,               0.0229
         7.15986e-12,                0.023
         7.24872e-12,               0.0231
          7.3386e-12,               0.0232
         7.42948e-12,               0.0233
          7.5214e-12,               0.0234
         7.61435e-12,               0.0235
         7.70835e-12,               0.0236
         7.80342e-12,               0.0237
         7.89956e-12,               0.0238
         7.99678e-12,               0.0239
         8.09511e-12,                0.024
         8.19454e-12,               0.0241
          8.2951e-12,               0.0242
          8.3968e-12,               0.0243
         8.49964e-12,               0.0244
         8.60365e-12,               0.0245
         8.70883e-12,               0.0246
          8.8152e-12,               0.0247
         8.92278e-12,               0.0248
         9.03157e-12,               0.0249
         9.14159e-12,                0.025
         9.25285e-12,               0.0251
         9.36537e-12,               0.0252
         9.47916e-12,               0.0253
         9.59424e-12,               0.0254
         9.71062e-12,               0.0255
         9.82832e-12,               0.0256
         9.94735e-12,               0.0257
         1.00677e-11,               0.0258
         1.01895e-11,               0.0259
         1.03126e-11,                0.026
         1.04371e-11,               0.0261
          1.0563e-11,               0.0262
         1.06903e-11,               0.0263
         1.08191e-11,               0.0264
         1.09493e-11,               0.0265
         1.10811e-11,               0.0266
         1.12143e-11,               0.0267
          1.1349e-11,               0.0268
         1.14852e-11,               0.0269
          1.1623e-11,                0.027
         1.17623e-11,               0.0271
         1.19032e-11,               0.0272
         1.20458e-11,               0.0273
         1.21899e-11,               0.0274
         1.23356e-11,               0.0275
         1.24831e-11,               0.0276
         1.26322e-11,               0.0277
         1.27829e-11,               0.0278
         1.29354e-11,               0.0279
         1.30896e-11,                0.028
         1.32456e-11,               0.0281
         1.34033e-11,               0.0282
         1.35629e-11,               0.0283
         1.37242e-11,               0.0284
         1.38874e-11,               0.0285
         1.40524e-11,               0.0286
         1.42193e-11,               0.0287
         1.43881e-11,               0.0288
         1.45588e-11,               0.0289
         1.47315e-11,                0.029
         1.49061e-11,               0.0291
         1.50827e-11,               0.0292
         1.52613e-11,               0.0293
         1.54419e-11,               0.0294
         1.56246e-11,               0.0295
         1.58094e-11,               0.0296
         1.59963e-11,               0.0297
         1.61853e-11,               0.0298
         1.63765e-11,               0.0299
         1.65698e-11,                 0.03
         1.67654e-11,               0.0301
         1.69631e-11,               0.0302
         1.71632e-11,               0.0303
         1.73655e-11,               0.0304
         1.75701e-11,               0.0305
         1.77771e-11,               0.0306
         1.79864e-11,               0.0307
         1.81981e-11,               0.0308
         1.84122e-11,               0.0309
         1.86288e-11,                0.031
         1.88479e-11,               0.0311
         1.90694e-11,               0.0312
         1.92935e-11,               0.0313
         1.95202e-11,               0.0314
         1.97494e-11,               0.0315
         1.99813e-11,               0.0316
         2.02158e-11,               0.0317
          2.0453e-11,               0.0318
          2.0693e-11,               0.0319
         2.09357e-11,                0.032
         2.11812e-11,               0.0321
         2.14294e-11,               0.0322
         2.16806e-11,               0.0323
         2.19346e-11,               0.0324
         2.21915e-11,               0.0325
         2.24514e-11,               0.0326
         2.27143e-11,               0.0327
         2.29802e-11,               0.0328
         2.32492e-11,               0.0329
         2.35212e-11,                0.033
         2.37964e-11,               0.0331
         2.40748e-11,               0.0332
         2.43564e-11,               0.0333
         2.46412e-11,               0.0334
         2.49293e-11,               0.0335
         2.52207e-11,               0.0336
         2.55155e-11,               0.0337
         2.58136e-11,               0.0338
         2.61153e-11,               0.0339
         2.64204e-11,                0.034
          2.6729e-11,               0.0341
         2.70412e-11,               0.0342
         2.73571e-11,               0.0343
         2.76765e-11,               0.0344
         2.79997e-11,               0.0345
         2.83267e-11,               0.0346
         2.86574e-11,               0.0347
         2.89919e-11,               0.0348
         2.93303e-11,               0.0349
         2.96727e-11,                0.035
          3.0019e-11,               0.0351
         3.03694e-11,               0.0352
         3.07238e-11,               0.0353
         3.10824e-11,               0.0354
         3.14451e-11,               0.0355
          3.1812e-11,               0.0356
         3.21833e-11,               0.0357
         3.25588e-11,               0.0358
         3.29387e-11,               0.0359
         3.33231e-11,                0.036
         3.37119e-11,               0.0361
         3.41053e-11,               0.0362
         3.45033e-11,               0.0363
         3.49059e-11,               0.0364
         3.53133e-11,               0.0365
         3.57254e-11,               0.0366
         3.61423e-11,               0.0367
         3.65641e-11,               0.0368
         3.69909e-11,               0.0369
         3.74226e-11,                0.037
         3.78594e-11,               0.0371
         3.83014e-11,               0.0372
         3.87485e-11,               0.0373
         3.92009e-11,               0.0374
         3.96587e-11,               0.0375
         4.01218e-11,               0.0376
         4.05903e-11,               0.0377
         4.10644e-11,               0.0378
         4.15441e-11,               0.0379
         4.20294e-11,                0.038
         4.25204e-11,               0.0381
         4.30173e-11,               0.0382
           4.352e-11,               0.0383
         4.40286e-11,               0.0384
         4.45433e-11,               0.0385
         4.50641e-11,               0.0386
          4.5591e-11,               0.0387
         4.61242e-11,               0.0388
         4.66637e-11,               0.0389
         4.72096e-11,                0.039
          4.7762e-11,               0.0391
          4.8321e-11,               0.0392
         4.88866e-11,               0.0393
         4.94589e-11,               0.0394
          5.0038e-11,               0.0395
         5.06241e-11,               0.0396
         5.12171e-11,               0.0397
         5.18172e-11,               0.0398
         5.24244e-11,               0.0399
         5.30389e-11,                 0.04
         5.36608e-11,               0.0401
         5.42901e-11,               0.0402
         5.49269e-11,               0.0403
         5.55714e-11,               0.0404
         5.62236e-11,               0.0405
         5.68836e-11,               0.0406
         5.75515e-11,               0.0407
         5.82274e-11,               0.0408
         5.89115e-11,               0.0409
         5.96038e-11,                0.041
         6.03044e-11,               0.0411
         6.10135e-11,               0.0412
         6.17311e-11,               0.0413
         6.24574e-11,               0.0414
         6.31924e-11,               0.0415
         6.39363e-11,               0.0416
         6.46892e-11,               0.0417
         6.54512e-11,               0.0418
         6.62225e-11,               0.0419
         6.70031e-11,                0.042
         6.77931e-11,               0.0421
         6.85928e-11,               0.0422
         6.94022e-11,               0.0423
         7.02214e-11,               0.0424
         7.10505e-11,               0.0425
         7.18898e-11,               0.0426
         7.27393e-11,               0.0427
         7.35991e-11,               0.0428
         7.44694e-11,               0.0429
         7.53504e-11,                0.043
         7.62421e-11,               0.0431
         7.71448e-11,               0.0432
         7.80585e-11,               0.0433
         7.89833e-11,               0.0434
         7.99196e-11,               0.0435
         8.08673e-11,               0.0436
         8.18266e-11,               0.0437
         8.27978e-11,               0.0438
         8.37809e-11,               0.0439
         8.47761e-11,                0.044
         8.57836e-11,               0.0441
         8.68035e-11,               0.0442
          8.7836e-11,               0.0443
         8.88813e-11,               0.0444
         8.99395e-11,               0.0445
         9.10107e-11,               0.0446
         9.20953e-11,               0.0447
         9.31933e-11,               0.0448
          9.4305e-11,               0.0449
         9.54304e-11,                0.045
         9.65699e-11,               0.0451
         9.77235e-11,               0.0452
         9.88915e-11,               0.0453
         1.00074e-10,               0.0454
         1.01271e-10,               0.0455
         1.02484e-10,               0.0456
         1.03711e-10,               0.0457
         1.04954e-10,               0.0458
         1.06212e-10,               0.0459
         1.07486e-10,                0.046
         1.08777e-10,               0.0461
         1.10083e-10,               0.0462
         1.11406e-10,               0.0463
         1.12745e-10,               0.0464
         1.14102e-10,               0.0465
         1.15475e-10,               0.0466
         1.16866e-10,               0.0467
         1.18274e-10,               0.0468
           1.197e-10,               0.0469
         1.21145e-10,                0.047
         1.22607e-10,               0.0471
         1.24088e-10,               0.0472
         1.25588e-10,               0.0473
         1.27107e-10,               0.0474
         1.28645e-10,               0.0475
         1.30203e-10,               0.0476
         1.31781e-10,               0.0477
         1.33379e-10,               0.0478
         1.34997e-10,               0.0479
         1.36636e-10,                0.048
         1.38296e-10,               0.0481
         1.39978e-10,               0.0482
         1.41681e-10,               0.0483
         1.43405e-10,               0.0484
         1.45152e-10,               0.0485
         1.46922e-10,               0.0486
         1.48714e-10,               0.0487
          1.5053e-10,               0.0488
         1.52369e-10,               0.0489
         1.54231e-10,                0.049
         1.56118e-10,               0.0491
         1.58029e-10,               0.0492
         1.59965e-10,               0.0493
         1.61926e-10,               0.0494
         1.63913e-10,               0.0495
         1.65926e-10,               0.0496
         1.67965e-10,               0.0497
          1.7003e-10,               0.0498
         1.72123e-10,               0.0499
         1.74242e-10,                 0.05
          1.7639e-10,               0.0501
         1.78566e-10,               0.0502
          1.8077e-10,               0.0503
         1.83003e-10,               0.0504
         1.85266e-10,               0.0505
         1.87558e-10,               0.0506
         1.89881e-10,               0.0507
         1.92235e-10,               0.0508
         1.94619e-10,               0.0509
         1.97035e-10,                0.051
         1.99484e-10,               0.0511
         2.01964e-10,               0.0512
         2.04478e-10,               0.0513
         2.07025e-10,               0.0514
         2.09606e-10,               0.0515
         2.12221e-10,               0.0516
         2.14872e-10,               0.0517
         2.17558e-10,               0.0518
         2.20279e-10,               0.0519
         2.23038e-10,                0.052
         2.25833e-10,               0.0521
         2.28666e-10,               0.0522
         2.31537e-10,               0.0523
         2.34447e-10,               0.0524
         2.37396e-10,               0.0525
         2.40385e-10,               0.0526
         2.43414e-10,               0.0527
         2.46485e-10,               0.0528
         2.49597e-10,               0.0529
         2.52751e-10,                0.053
         2.55949e-10,               0.0531
          2.5919e-10,               0.0532
         2.62475e-10,               0.0533
         2.65805e-10,               0.0534
          2.6918e-10,               0.0535
         2.72602e-10,               0.0536
         2.76071e-10,               0.0537
         2.79588e-10,               0.0538
         2.83153e-10,               0.0539
         2.86767e-10,                0.054
          2.9043e-10,               0.0541
         2.94145e-10,               0.0542
         2.97911e-10,               0.0543
         3.01729e-10,               0.0544
           3.056e-10,               0.0545
         3.09525e-10,               0.0546
         3.13505e-10,               0.0547
          3.1754e-10,               0.0548
         3.21631e-10,               0.0549
          3.2578e-10,                0.055
         3.29987e-10,               0.0551
         3.34253e-10,               0.0552
         3.38578e-10,               0.0553
         3.42965e-10,               0.0554
         3.47413e-10,               0.0555
         3.51925e-10,               0.0556
           3.565e-10,               0.0557
         3.61139e-10,               0.0558
         3.65845e-10,               0.0559
         3.70617e-10,                0.056
         3.75458e-10,               0.0561
         3.80367e-10,               0.0562
         3.85346e-10,               0.0563
         3.90397e-10,               0.0564
          3.9552e-10,               0.0565
         4.00716e-10,               0.0566
         4.05987e-10,               0.0567
         4.11334e-10,               0.0568
         4.16758e-10,               0.0569
          4.2226e-10,                0.057
         4.27842e-10,               0.0571
         4.33504e-10,               0.0572
         4.39249e-10,               0.0573
         4.45077e-10,               0.0574
          4.5099e-10,               0.0575
          4.5699e-10,               0.0576
         4.63077e-10,               0.0577
         4.69253e-10,               0.0578
          4.7552e-10,               0.0579
         4.81878e-10,                0.058
         4.88331e-10,               0.0581
         4.94878e-10,               0.0582
         5.01522e-10,               0.0583
         5.08264e-10,               0.0584
         5.15107e-10,               0.0585
          5.2205e-10,               0.0586
         5.29097e-10,               0.0587
         5.36249e-10,               0.0588
         5.43508e-10,               0.0589
         5.50876e-10,                0.059
         5.58353e-10,               0.0591
         5.65943e-10,               0.0592
         5.73648e-10,               0.0593
         5.81468e-10,               0.0594
         5.89406e-10,               0.0595
         5.97465e-10,               0.0596
         6.05645e-10,               0.0597
          6.1395e-10,               0.0598
         6.22381e-10,               0.0599
          6.3094e-10,                 0.06
         6.39631e-10,               0.0601
         6.48454e-10,               0.0602
         6.57412e-10,               0.0603
         6.66508e-10,               0.0604
         6.75745e-10,               0.0605
         6.85123e-10,               0.0606
         6.94647e-10,               0.0607
         7.04318e-10,               0.0608
         7.14139e-10,               0.0609
         7.24113e-10,                0.061
         7.34242e-10,               0.0611
          7.4453e-10,               0.0612
         7.54979e-10,               0.0613
         7.65591e-10,               0.0614
          7.7637e-10,               0.0615
         7.87319e-10,               0.0616
         7.98441e-10,               0.0617
         8.09738e-10,               0.0618
         8.21215e-10,               0.0619
         8.32874e-10,                0.062
         8.44719e-10,               0.0621
         8.56752e-10,               0.0622
         8.68978e-10,               0.0623
           8.814e-10,               0.0624
         8.94022e-10,               0.0625
         9.06846e-10,               0.0626
         9.19878e-10,               0.0627
          9.3312e-10,               0.0628
         9.46577e-10,               0.0629
         9.60253e-10,                0.063
         9.74151e-10,               0.0631
         9.88276e-10,               0.0632
         1.00263e-09,               0.0633
         1.01722e-09,               0.0634
         1.03206e-09,               0.0635
         1.04713e-09,               0.0636
         1.06246e-09,               0.0637
         1.07803e-09,               0.0638
         1.09387e-09,               0.0639
         1.10997e-09,                0.064
         1.12634e-09,               0.0641
         1.14298e-09,               0.0642
          1.1599e-09,               0.0643
         1.17711e-09,               0.0644
          1.1946e-09,               0.0645
          1.2124e-09,               0.0646
         1.23049e-09,               0.0647
         1.24889e-09,               0.0648
          1.2676e-09,               0.0649
         1.28663e-09,                0.065
         1.30599e-09,               0.0651
         1.32568e-09,               0.0652
          1.3457e-09,               0.0653
         1.36608e-09,               0.0654
          1.3868e-09,               0.0655
         1.40788e-09,               0.0656
         1.42933e-09,               0.0657
         1.45116e-09,               0.0658
         1.47336e-09,               0.0659
         1.49596e-09,                0.066
         1.51895e-09,               0.0661
         1.54234e-09,               0.0662
         1.56615e-09,               0.0663
         1.59039e-09,               0.0664
         1.61505e-09,               0.0665
         1.64015e-09,               0.0666
          1.6657e-09,               0.0667
         1.69171e-09,               0.0668
         1.71818e-09,               0.0669
         1.74513e-09,                0.067
         1.77257e-09,               0.0671
         1.80051e-09,               0.0672
         1.82895e-09,               0.0673
         1.85792e-09,               0.0674
         1.88741e-09,               0.0675
         1.91744e-09,               0.0676
         1.94803e-09,               0.0677
         1.97918e-09,               0.0678
         2.01091e-09,               0.0679
         2.04323e-09,                0.068
         2.07615e-09,               0.0681
         2.10968e-09,               0.0682
         2.14385e-09,               0.0683
         2.17865e-09,               0.0684
         2.21412e-09,               0.0685
         2.25025e-09,               0.0686
         2.28707e-09,               0.0687
          2.3246e-09,               0.0688
         2.36284e-09,               0.0689
         2.40181e-09,                0.069
         2.44154e-09,               0.0691
         2.48203e-09,               0.0692
          2.5233e-09,               0.0693
         2.56538e-09,               0.0694
         2.60828e-09,               0.0695
         2.65202e-09,               0.0696
         2.69662e-09,               0.0697
         2.74209e-09,               0.0698
         2.78847e-09,               0.0699
         2.83577e-09,                 0.07
         2.88401e-09,               0.0701
         2.93321e-09,               0.0702
          2.9834e-09,               0.0703
          3.0346e-09,               0.0704
         3.08684e-09,               0.0705
         3.14014e-09,               0.0706
         3.19452e-09,               0.0707
         3.25001e-09,               0.0708
         3.30665e-09,               0.0709
         3.36445e-09,                0.071
         3.42344e-09,               0.0711
         3.48366e-09,               0.0712
         3.54513e-09,               0.0713
         3.60789e-09,               0.0714
         3.67197e-09,               0.0715
          3.7374e-09,               0.0716
         3.80421e-09,               0.0717
         3.87244e-09,               0.0718
         3.94213e-09,               0.0719
         4.01331e-09,                0.072
         4.08602e-09,               0.0721
         4.16031e-09,               0.0722
          4.2362e-09,               0.0723
         4.31375e-09,               0.0724
           4.393e-09,               0.0725
         4.47399e-09,               0.0726
         4.55676e-09,               0.0727
         4.64137e-09,               0.0728
         4.72786e-09,               0.0729
         4.81628e-09,                0.073
         4.90669e-09,               0.0731
         4.99914e-09,               0.0732
         5.09369e-09,               0.0733
         5.19039e-09,               0.0734
         5.28929e-09,               0.0735
         5.39048e-09,               0.0736
         5.49399e-09,               0.0737
         5.59991e-09,               0.0738
         5.70829e-09,               0.0739
         5.81921e-09,                0.074
         5.93274e-09,               0.0741
         6.04895e-09,               0.0742
         6.16792e-09,               0.0743
         6.28973e-09,               0.0744
         6.41447e-09,               0.0745
         6.54221e-09,               0.0746
         6.67304e-09,               0.0747
         6.80707e-09,               0.0748
         6.94437e-09,               0.0749
         7.08505e-09,                0.075
         7.22921e-09,               0.0751
         7.37695e-09,               0.0752
         7.52839e-09,               0.0753
         7.68363e-09,               0.0754
         7.84279e-09,               0.0755
           8.006e-09,               0.0756
         8.17338e-09,               0.0757
         8.34505e-09,               0.0758
         8.52116e-09,               0.0759
         8.70185e-09,                0.076
         8.88725e-09,               0.0761
         9.07752e-09,               0.0762
         9.27283e-09,               0.0763
         9.47332e-09,               0.0764
         9.67918e-09,               0.0765
         9.89057e-09,               0.0766
         1.01077e-08,               0.0767
         1.03307e-08,               0.0768
         1.05598e-08,               0.0769
         1.07953e-08,                0.077
         1.10373e-08,               0.0771
          1.1286e-08,               0.0772
         1.15417e-08,               0.0773
         1.18047e-08,               0.0774
         1.20751e-08,               0.0775
         1.23533e-08,               0.0776
         1.26394e-08,               0.0777
         1.29339e-08,               0.0778
         1.32371e-08,               0.0779
         1.35491e-08,                0.078
         1.38703e-08,               0.0781
         1.42012e-08,               0.0782
          1.4542e-08,               0.0783
         1.48931e-08,               0.0784
         1.52548e-08,               0.0785
         1.56277e-08,               0.0786
         1.60122e-08,               0.0787
         1.64086e-08,               0.0788
         1.68174e-08,               0.0789
         1.72392e-08,                0.079
         1.76744e-08,               0.0791
         1.81235e-08,               0.0792
         1.85873e-08,               0.0793
         1.90661e-08,               0.0794
         1.95607e-08,               0.0795
         2.00717e-08,               0.0796
         2.05997e-08,               0.0797
         2.11455e-08,               0.0798
         2.17099e-08,               0.0799
         2.22937e-08,                 0.08
         2.28976e-08,               0.0801
         2.35225e-08,               0.0802
         2.41695e-08,               0.0803
         2.48394e-08,               0.0804
         2.55333e-08,               0.0805
         2.62522e-08,               0.0806
         2.69974e-08,               0.0807
           2.777e-08,               0.0808
         2.85713e-08,               0.0809
         2.94026e-08,                0.081
         3.02654e-08,               0.0811
         3.11613e-08,               0.0812
         3.20917e-08,               0.0813
         3.30585e-08,               0.0814
         3.40634e-08,               0.0815
         3.51083e-08,               0.0816
         3.61952e-08,               0.0817
         3.73264e-08,               0.0818
         3.85041e-08,               0.0819
         3.97307e-08,                0.082
         4.10089e-08,               0.0821
         4.23415e-08,               0.0822
         4.37313e-08,               0.0823
         4.51816e-08,               0.0824
         4.66958e-08,               0.0825
         4.82773e-08,               0.0826
         4.99302e-08,               0.0827
         5.16585e-08,               0.0828
         5.34667e-08,               0.0829
         5.53596e-08,                0.083
         5.73421e-08,               0.0831
         5.94199e-08,               0.0832
         6.15988e-08,               0.0833
         6.38853e-08,               0.0834
         6.62861e-08,               0.0835
         6.88087e-08,               0.0836
         7.14611e-08,               0.0837
          7.4252e-08,               0.0838
         7.71907e-08,               0.0839
         8.02875e-08,                0.084
         8.35534e-08,               0.0841
         8.70004e-08,               0.0842
         9.06417e-08,               0.0843
         9.44916e-08,               0.0844
         9.85655e-08,               0.0845
         1.02881e-07,               0.0846
         1.07456e-07,               0.0847
         1.12311e-07,               0.0848
          1.1747e-07,               0.0849
         1.22956e-07,                0.085
         1.28798e-07,               0.0851
         1.35025e-07,               0.0852
         1.41671e-07,               0.0853
         1.48773e-07,               0.0854
         1.56373e-07,               0.0855
         1.64516e-07,               0.0856
         1.73254e-07,               0.0857
         1.82645e-07,               0.0858
         1.92754e-07,               0.0859
         2.03652e-07,                0.086
         2.15423e-07,               0.0861
         2.28159e-07,               0.0862
         2.41967e-07,               0.0863
         2.56965e-07,               0.0864
         2.73292e-07,               0.0865
         2.91105e-07,               0.0866
         3.10585e-07,               0.0867
         3.31944e-07,               0.0868
         3.55423e-07,               0.0869
         3.81306e-07,                0.087
         4.09927e-07,               0.0871
         4.41677e-07,               0.0872
         4.77019e-07,               0.0873
         5.16505e-07,               0.0874
         5.60796e-07,               0.0875
         6.10689e-07,               0.0876
         6.67153e-07,               0.0877
         7.31374e-07,               0.0878
         8.04814e-07,               0.0879
         8.89297e-07,                0.088
         9.87116e-07,               0.0881
         1.10119e-06,               0.0882
         1.23528e-06,               0.0883
         1.39428e-06,               0.0884
         1.58468e-06,               0.0885
         1.81522e-06,               0.0886
         2.09789e-06,               0.0887
         2.26378e-06,              0.08875
         2.44949e-06,               0.0888
         2.65828e-06,              0.08885
         2.89412e-06,               0.0889
         3.16183e-06,              0.08895
         3.46739e-06,                0.089
         3.81821e-06,              0.08905
         4.22363e-06,               0.0891
         4.69552e-06,              0.08915
         5.24912e-06,               0.0892
         5.90432e-06,              0.08925
         6.68743e-06,               0.0893
          7.6338e-06,              0.08935
         8.79192e-06,               0.0894
         9.47059e-06,             0.089425
         1.02296e-05,              0.08945
         1.10822e-05,             0.089475
         1.20442e-05,               0.0895
         1.31352e-05,             0.089525
         1.43792e-05,              0.08955
         1.58061e-05,             0.089575
         1.74534e-05,               0.0896
         1.93688e-05,             0.089625
         2.16136e-05,              0.08965
         2.42676e-05,             0.089675
         2.74364e-05,               0.0897
         3.12618e-05,             0.089725
          3.5938e-05,              0.08975
          3.8676e-05,            0.0897625
         4.17366e-05,             0.089775
         4.51722e-05,            0.0897875
         4.90467e-05,               0.0898
          5.3438e-05,            0.0898125
          5.8442e-05,             0.089825
          6.4178e-05,            0.0898375
         7.07958e-05,              0.08985
         7.84855e-05,            0.0898625
         8.74913e-05,             0.089875
         9.81311e-05,            0.0898875
         0.000110825,               0.0899
         0.000126136,            0.0899125
         0.000144837,             0.089925
          0.00015578,            0.0899313
         0.000168005,            0.0899375
         0.000181722,            0.0899438
         0.000197184,              0.08995
         0.000214697,            0.0899563
         0.000234643,            0.0899625
         0.000257492,            0.0899688
         0.000283836,             0.089975
         0.000314426,            0.0899812
         0.000350224,            0.0899875
         0.000392482,            0.0899938
         0.000442851,                 0.09
         0.000503548,            0.0900063
         0.000577598,            0.0900125
         0.000620888,            0.0900156
         0.000669222,            0.0900188
         0.000723413,            0.0900219
         0.000784448,             0.090025
         0.000853529,            0.0900281
         0.000932131,            0.0900313
          0.00102209,            0.0900344
           0.0011257,            0.0900375
          0.00124586,            0.0900406
          0.00138631,            0.0900438
          0.00155186,            0.0900469
          0.00174887,              0.09005
          0.00198585,            0.0900531
          0.00227436,            0.0900563
          0.00244273,            0.0900578
          0.00263048,            0.0900594
          0.00284069,            0.0900609
          0.00307709,            0.0900625
          0.00334421,            0.0900641
           0.0036476,            0.0900656
          0.00399413,            0.0900672
          0.00439238,            0.0900688
          0.00485313,            0.0900703
          0.00539017,            0.0900719
          0.00602127,            0.0900734
           0.0067697,             0.090075
          0.00766634,            0.0900766
          0.00875296,            0.0900781
            0.010087,            0.0900797
            0.010871,            0.0900805
           0.0117495,            0.0900813
           0.0127385,             0.090082
           0.0138571,            0.0900828
           0.0151288,            0.0900836
           0.0165829,            0.0900844
           0.0182556,            0.0900852
           0.0201928,            0.0900859
           0.0224527,            0.0900867
           0.0251107,            0.0900875
           0.0282648,            0.0900883
           0.0320452,            0.0900891
           0.0366269,            0.0900898
           0.0422494,            0.0900906
           0.0455507,             0.090091
           0.0492473,            0.0900914
           0.0534036,            0.0900918
           0.0580973,            0.0900922
           0.0634229,            0.0900926
           0.0694959,             0.090093
           0.0764584,            0.0900934
           0.0844868,            0.0900938
           0.0938014,            0.0900941
             0.10468,            0.0900945
            0.117474,            0.0900949
            0.132632,            0.0900953
            0.150735,            0.0900957
            0.172527,            0.0900961
            0.198979,            0.0900965
            0.231345,            0.0900969
             0.27123,            0.0900973
            0.320647,            0.0900977
            0.381983,             0.090098
            0.457755,            0.0900984
            0.549859,            0.0900988
            0.657834,            0.0900992
            0.775769,            0.0900996
            0.834186,            0.0900998
             0.88861,               0.0901
            0.935643,            0.0901002
            0.971756,            0.0901004
            0.993844,            0.0901006
            0.999829,            0.0901008
            0.989124,             0.090101
            0.962772,            0.0901012
            0.923202,            0.0901014
            0.873706,            0.0901016
            0.817823,            0.0901018
            0.758834,             0.090102
            0.641665,            0.0901023
            0.535777,            0.0901027
            0.446067,            0.0901031
            0.372503,            0.0901035
            0.313026,            0.0901039
            0.265108,            0.0901043
            0.226408,            0.0901047
            0.194973,            0.0901051
            0.169252,            0.0901055
            0.148036,            0.0901059
            0.130392,            0.0901063
            0.115599,            0.0901066
              0.1031,             0.090107
           0.0924616,            0.0901074
            0.083343,            0.0901078
           0.0754762,            0.0901082
           0.0686479,            0.0901086
            0.062687,             0.090109
           0.0574557,            0.0901094
           0.0528417,            0.0901098
           0.0487533,            0.0901102
           0.0451148,            0.0901105
           0.0418635,            0.0901109
           0.0363215,            0.0901117
           0.0318009,            0.0901125
           0.0280676,            0.0901133
           0.0249502,            0.0901141
           0.0223214,            0.0901148
           0.0200847,            0.0901156
           0.0181663,            0.0901164
           0.0165088,            0.0901172
           0.0150673,             0.090118
           0.0138059,            0.0901188
            0.012696,            0.0901195
           0.0117143,            0.0901203
           0.0108418,            0.0901211
           0.0100631,            0.0901219
          0.00873712,            0.0901234
          0.00765648,             0.090125
          0.00676428,            0.0901266
           0.0060192,            0.0901281
          0.00539063,            0.0901297
          0.00485553,            0.0901313
          0.00439626,            0.0901328
          0.00399916,            0.0901344
           0.0036535,            0.0901359
          0.00335078,            0.0901375
          0.00308418,            0.0901391
          0.00284816,            0.0901406
          0.00263824,            0.0901422
           0.0024507,            0.0901438
          0.00213099,            0.0901469
             0.00187,              0.09015
          0.00165421,            0.0901531
          0.00147374,            0.0901563
          0.00132128,            0.0901594
          0.00119134,            0.0901625
          0.00107967,            0.0901656
         0.000983017,            0.0901688
         0.000898797,            0.0901719
         0.000824966,             0.090175
         0.000759883,            0.0901781
         0.000702219,            0.0901813
         0.000650887,            0.0901844
         0.000604992,            0.0901875
         0.000526671,            0.0901938
         0.000462653,               0.0902
         0.000409654,            0.0902063
         0.000365283,            0.0902125
         0.000327764,            0.0902188
         0.000295753,             0.090225
         0.000268224,            0.0902312
         0.000244375,            0.0902375
          0.00022358,            0.0902437
         0.000205338,              0.09025
         0.000189246,            0.0902562
         0.000174981,            0.0902625
         0.000162274,            0.0902687
         0.000150908,             0.090275
         0.000131496,            0.0902875
         0.000115615,               0.0903
         0.000102456,            0.0903125
         9.14311e-05,             0.090325
         8.21017e-05,            0.0903375
         7.41369e-05,              0.09035
         6.72828e-05,            0.0903625
         6.13417e-05,             0.090375
         5.61583e-05,            0.0903875
         5.16088e-05,               0.0904
         4.75938e-05,            0.0904125
         4.40326e-05,             0.090425
         4.08592e-05,            0.0904375
         3.80192e-05,              0.09045
          3.3166e-05,             0.090475
         2.91923e-05,               0.0905
         2.58973e-05,             0.090525
         2.31347e-05,              0.09055
         2.07953e-05,             0.090575
         1.87968e-05,               0.0906
         1.70759e-05,             0.090625
         1.55833e-05,              0.09065
         1.42803e-05,             0.090675
          1.3136e-05,               0.0907
         1.21256e-05,             0.090725
         1.12289e-05,              0.09075
         1.04294e-05,             0.090775
         9.71348e-06,               0.0908
         8.48918e-06,              0.09085
         7.48572e-06,               0.0909
         6.65284e-06,              0.09095
         5.95384e-06,                0.091
         5.36138e-06,              0.09105
         4.85477e-06,               0.0911
         4.41813e-06,              0.09115
         4.03909e-06,               0.0912
         3.70789e-06,              0.09125
         3.41677e-06,               0.0913
         3.15948e-06,              0.09135
         2.93095e-06,               0.0914
         2.72702e-06,              0.09145
         2.54427e-06,               0.0915
         2.23133e-06,               0.0916
         1.97442e-06,               0.0917
         1.76082e-06,               0.0918
         1.58127e-06,               0.0919
         1.42884e-06,                0.092
          1.2983e-06,               0.0921
          1.1856e-06,               0.0922
         1.08762e-06,               0.0923
         1.00187e-06,               0.0924
         9.26391e-07,               0.0925
         8.59578e-07,               0.0926
         8.00144e-07,               0.0927
         7.47029e-07,               0.0928
         6.99359e-07,               0.0929
         6.56405e-07,                0.093
         6.17558e-07,               0.0931
         5.82304e-07,               0.0932
         5.50207e-07,               0.0933
         5.20897e-07,               0.0934
         4.94056e-07,               0.0935
          4.6941e-07,               0.0936
         4.46724e-07,               0.0937
          4.2579e-07,               0.0938
         4.06432e-07,               0.0939
         3.88492e-07,                0.094
         3.71832e-07,               0.0941
         3.56333e-07,               0.0942
         3.41886e-07,               0.0943
         3.28398e-07,               0.0944
         3.15783e-07,               0.0945
         3.03968e-07,               0.0946
         2.92883e-07,               0.0947
          2.8247e-07,               0.0948
         2.72674e-07,               0.0949
         2.63447e-07,                0.095
         2.54744e-07,               0.0951
         2.46525e-07,               0.0952
         2.38756e-07,               0.0953
         2.31403e-07,               0.0954
         2.24436e-07,               0.0955
         2.17828e-07,               0.0956
         2.11555e-07,               0.0957
         2.05593e-07,               0.0958
         1.99923e-07,               0.0959
         1.94525e-07,                0.096
         1.89381e-07,               0.0961
         1.84476e-07,               0.0962
         1.79795e-07,               0.0963
         1.75324e-07,               0.0964
          1.7105e-07,               0.0965
         1.66962e-07,               0.0966
         1.63049e-07,               0.0967
           1.593e-07,               0.0968
         1.55708e-07,               0.0969
         1.52262e-07,                0.097
         1.48955e-07,               0.0971
          1.4578e-07,               0.0972
         1.42729e-07,               0.0973
         1.39795e-07,               0.0974
         1.36974e-07,               0.0975
         1.34258e-07,               0.0976
         1.31644e-07,               0.0977
         1.29124e-07,               0.0978
         1.26696e-07,               0.0979
         1.24355e-07,                0.098
         1.22096e-07,               0.0981
         1.19915e-07,               0.0982
         1.17809e-07,               0.0983
         1.15775e-07,               0.0984
         1.13809e-07,               0.0985
         1.11908e-07,               0.0986
          1.1007e-07,               0.0987
         1.08291e-07,               0.0988
         1.06568e-07,               0.0989
         1.04901e-07,                0.099
         1.03285e-07,               0.0991
          1.0172e-07,               0.0992
         1.00203e-07,               0.0993
         9.87312e-08,               0.0994
          9.7304e-08,               0.0995
         9.59191e-08,               0.0996
         9.45749e-08,               0.0997
         9.32698e-08,               0.0998
         9.20023e-08,               0.0999
          9.0771e-08,                  0.1
         8.95745e-08,               0.1001
         8.84115e-08,               0.1002
         8.72807e-08,               0.1003
          8.6181e-08,               0.1004
         8.51112e-08,               0.1005
         8.40703e-08,               0.1006
         8.30572e-08,               0.1007
         8.20709e-08,               0.1008
         8.11106e-08,               0.1009
         8.01753e-08,                0.101
         7.92641e-08,               0.1011
         7.83763e-08,               0.1012
          7.7511e-08,               0.1013
         7.66676e-08,               0.1014
         7.58452e-08,               0.1015
         7.50432e-08,               0.1016
          7.4261e-08,               0.1017
         7.34979e-08,               0.1018
         7.27533e-08,               0.1019
         7.20266e-08,                0.102
         7.13173e-08,               0.1021
         7.06248e-08,               0.1022
         6.99486e-08,               0.1023
         6.92882e-08,               0.1024
         6.86432e-08,               0.1025
          6.8013e-08,               0.1026
         6.73973e-08,               0.1027
         6.67956e-08,               0.1028
         6.62076e-08,               0.1029
         6.56327e-08,                0.103
         6.50707e-08,               0.1031
         6.45211e-08,               0.1032
         6.39837e-08,               0.1033
         6.34581e-08,               0.1034
         6.29439e-08,               0.1035
         6.24409e-08,               0.1036
         6.19488e-08,               0.1037
         6.14672e-08,               0.1038
         6.09958e-08,               0.1039
         6.05345e-08,                0.104
         6.00829e-08,               0.1041
         5.96408e-08,               0.1042
         5.92079e-08,               0.1043
          5.8784e-08,               0.1044
         5.83689e-08,               0.1045
         5.79624e-08,               0.1046
         5.75642e-08,               0.1047
         5.71741e-08,               0.1048
         5.67919e-08,               0.1049
         5.64175e-08,                0.105
         5.60507e-08,               0.1051
         5.56911e-08,               0.1052
         5.53388e-08,               0.1053
         5.49935e-08,               0.1054
         5.46551e-08,               0.1055
         5.43233e-08,               0.1056
         5.39981e-08,               0.1057
         5.36793e-08,               0.1058
         5.33667e-08,               0.1059
         5.30602e-08,                0.106
         5.27597e-08,               0.1061
          5.2465e-08,               0.1062
          5.2176e-08,               0.1063
         5.18925e-08,               0.1064
         5.16146e-08,               0.1065
         5.13419e-08,               0.1066
         5.10745e-08,               0.1067
         5.08122e-08,               0.1068
         5.05549e-08,               0.1069
         5.03025e-08,                0.107
         5.00549e-08,               0.1071
          4.9812e-08,               0.1072
         4.95737e-08,               0.1073
         4.93398e-08,               0.1074
         4.91104e-08,               0.1075
         4.88854e-08,               0.1076
         4.86645e-08,               0.1077
         4.84478e-08,               0.1078
         4.82352e-08,               0.1079
         4.80266e-08,                0.108
         4.78219e-08,               0.1081
          4.7621e-08,               0.1082
         4.74239e-08,               0.1083
         4.72305e-08,               0.1084
         4.70407e-08,               0.1085
         4.68545e-08,               0.1086
         4.66718e-08,               0.1087
         4.64925e-08,               0.1088
         4.63166e-08,               0.1089
         4.61439e-08,                0.109
         4.59746e-08,               0.1091
         4.58084e-08,               0.1092
         4.56453e-08,               0.1093
         4.54853e-08,               0.1094
         4.53284e-08,               0.1095
         4.51744e-08,               0.1096
         4.50233e-08,               0.1097
         4.48751e-08,               0.1098
         4.47298e-08,               0.1099
         4.45872e-08,                 0.11
         4.44473e-08,               0.1101
         4.43101e-08,               0.1102
         4.41755e-08,               0.1103
         4.40436e-08,               0.1104
         4.39142e-08,               0.1105
         4.37873e-08,               0.1106
         4.36629e-08,               0.1107
         4.35409e-08,               0.1108
         4.34213e-08,               0.1109
         4.33041e-08,                0.111
         4.31892e-08,               0.1111
         4.30766e-08,               0.1112
         4.29662e-08,               0.1113
         4.28581e-08,               0.1114
         4.27521e-08,               0.1115
         4.26483e-08,               0.1116
         4.25466e-08,               0.1117
         4.24471e-08,               0.1118
         4.23495e-08,               0.1119
          4.2254e-08,                0.112
         4.21605e-08,               0.1121
          4.2069e-08,               0.1122
         4.19795e-08,               0.1123
         4.18918e-08,               0.1124
         4.18061e-08,               0.1125
         4.17222e-08,               0.1126
         4.16401e-08,               0.1127
         4.15599e-08,               0.1128
         4.14815e-08,               0.1129
         4.14048e-08,                0.113
         4.13299e-08,               0.1131
         4.12567e-08,               0.1132
         4.11852e-08,               0.1133
         4.11154e-08,               0.1134
         4.10473e-08,               0.1135
         4.09808e-08,               0.1136
         4.09159e-08,               0.1137
         4.08526e-08,               0.1138
         4.07909e-08,               0.1139
         4.07308e-08,                0.114
         4.06722e-08,               0.1141
         4.06151e-08,               0.1142
         4.05596e-08,               0.1143
         4.05055e-08,               0.1144
         4.04529e-08,               0.1145
         4.04017e-08,               0.1146
          4.0352e-08,               0.1147
         4.03038e-08,               0.1148
         4.02569e-08,               0.1149
         4.02114e-08,                0.115
         4.01673e-08,               0.1151
         4.01246e-08,               0.1152
         4.00832e-08,               0.1153
         4.00431e-08,               0.1154
         4.00044e-08,               0.1155
          3.9967e-08,               0.1156
         3.99309e-08,               0.1157
          3.9896e-08,               0.1158
         3.98624e-08,               0.1159
         3.98301e-08,                0.116
          3.9799e-08,               0.1161
         3.97692e-08,               0.1162
         3.97406e-08,               0.1163
         3.97132e-08,               0.1164
          3.9687e-08,               0.1165
         3.96619e-08,               0.1166
         3.96381e-08,               0.1167
         3.96154e-08,               0.1168
         3.95939e-08,               0.1169
         3.95735e-08,                0.117
         3.95543e-08,               0.1171
         3.95362e-08,               0.1172
         3.95192e-08,               0.1173
         3.95033e-08,               0.1174
         3.94885e-08,               0.1175
         3.94748e-08,               0.1176
         3.94622e-08,               0.1177
         3.94506e-08,               0.1178
         3.94401e-08,               0.1179
         3.94307e-08,                0.118
         3.94223e-08,               0.1181
          3.9415e-08,               0.1182
         3.94087e-08,               0.1183
         3.94034e-08,               0.1184
         3.93992e-08,               0.1185
         3.93959e-08,               0.1186
         3.93937e-08,               0.1187
         3.93925e-08,               0.1188
         3.93922e-08,               0.1189
         3.93929e-08,                0.119
         3.93946e-08,               0.1191
         3.93973e-08,               0.1192
          3.9401e-08,               0.1193
         3.94056e-08,               0.1194
         3.94111e-08,               0.1195
         3.94177e-08,               0.1196
         3.94251e-08,               0.1197
         3.94335e-08,               0.1198
         3.94428e-08,               0.1199
         3.94531e-08,                 0.12
         3.94642e-08,               0.1201
         3.94763e-08,               0.1202
         3.94893e-08,               0.1203
         3.95032e-08,               0.1204
          3.9518e-08,               0.1205
         3.95337e-08,               0.1206
         3.95503e-08,               0.1207
         3.95678e-08,               0.1208
         3.95861e-08,               0.1209
         3.96054e-08,                0.121
         3.96255e-08,               0.1211
         3.96465e-08,               0.1212
         3.96684e-08,               0.1213
         3.96911e-08,               0.1214
         3.97147e-08,               0.1215
         3.97391e-08,               0.1216
         3.97644e-08,               0.1217
         3.97906e-08,               0.1218
         3.98176e-08,               0.1219
         3.98454e-08,                0.122
         3.98741e-08,               0.1221
         3.99036e-08,               0.1222
          3.9934e-08,               0.1223
         3.99652e-08,               0.1224
         3.99972e-08,               0.1225
           4.003e-08,               0.1226
         4.00637e-08,               0.1227
         4.00982e-08,               0.1228
         4.01335e-08,               0.1229
         4.01696e-08,                0.123
         4.02066e-08,               0.1231
         4.02443e-08,               0.1232
         4.02829e-08,               0.1233
         4.03223e-08,               0.1234
         4.03624e-08,               0.1235
         4.04034e-08,               0.1236
         4.04452e-08,               0.1237
         4.04878e-08,               0.1238
         4.05312e-08,               0.1239
         4.05754e-08,                0.124
         4.06204e-08,               0.1241
         4.06661e-08,               0.1242
         4.07127e-08,               0.1243
         4.07601e-08,               0.1244
         4.08082e-08,               0.1245
         4.08571e-08,               0.1246
         4.09069e-08,               0.1247
         4.09574e-08,               0.1248
         4.10087e-08,               0.1249
         4.10607e-08,                0.125
         4.11136e-08,               0.1251
         4.11673e-08,               0.1252
         4.12217e-08,               0.1253
         4.12769e-08,               0.1254
         4.13329e-08,               0.1255
         4.13897e-08,               0.1256
         4.14472e-08,               0.1257
         4.15055e-08,               0.1258
         4.15646e-08,               0.1259
         4.16245e-08,                0.126
         4.16852e-08,               0.1261
         4.17466e-08,               0.1262
         4.18088e-08,               0.1263
         4.18718e-08,               0.1264
         4.19356e-08,               0.1265
         4.20001e-08,               0.1266
         4.20654e-08,               0.1267
         4.21315e-08,               0.1268
         4.21984e-08,               0.1269
          4.2266e-08,                0.127
         4.23344e-08,               0.1271
         4.24036e-08,               0.1272
         4.24736e-08,               0.1273
         4.25443e-08,               0.1274
         4.26159e-08,               0.1275
         4.26882e-08,               0.1276
         4.27612e-08,               0.1277
         4.28351e-08,               0.1278
         4.29097e-08,               0.1279
         4.29851e-08,                0.128
         4.30613e-08,               0.1281
         4.31383e-08,               0.1282
         4.32161e-08,               0.1283
         4.32946e-08,               0.1284
         4.33739e-08,               0.1285
          4.3454e-08,               0.1286
         4.35349e-08,               0.1287
         4.36166e-08,               0.1288
          4.3699e-08,               0.1289
         4.37823e-08,                0.129
         4.38663e-08,               0.1291
         4.39511e-08,               0.1292
         4.40367e-08,               0.1293
         4.41231e-08,               0.1294
         4.42103e-08,               0.1295
         4.42983e-08,               0.1296
         4.43871e-08,               0.1297
         4.44766e-08,               0.1298
          4.4567e-08,               0.1299
         4.46582e-08,                 0.13
         4.47501e-08,               0.1301
         4.48429e-08,               0.1302
         4.49365e-08,               0.1303
         4.50309e-08,               0.1304
         4.51261e-08,               0.1305
         4.52221e-08,               0.1306
         4.53189e-08,               0.1307
         4.54165e-08,               0.1308
         4.55149e-08,               0.1309
         4.56141e-08,                0.131
         4.57142e-08,               0.1311
         4.58151e-08,               0.1312
         4.59168e-08,               0.1313
         4.60193e-08,               0.1314
         4.61226e-08,               0.1315
         4.62268e-08,               0.1316
         4.63318e-08,               0.1317
         4.64376e-08,               0.1318
         4.65443e-08,               0.1319
         4.66518e-08,                0.132
         4.67601e-08,               0.1321
         4.68693e-08,               0.1322
         4.69793e-08,               0.1323
         4.70902e-08,               0.1324
         4.72019e-08,               0.1325
         4.73144e-08,               0.1326
         4.74278e-08,               0.1327
         4.75421e-08,               0.1328
         4.76572e-08,               0.1329
         4.77732e-08,                0.133
           4.789e-08,               0.1331
         4.80077e-08,               0.1332
         4.81263e-08,               0.1333
         4.82457e-08,               0.1334
          4.8366e-08,               0.1335
         4.84872e-08,               0.1336
         4.86093e-08,               0.1337
         4.87322e-08,               0.1338
          4.8856e-08,               0.1339
         4.89807e-08,                0.134
         4.91063e-08,               0.1341
         4.92328e-08,               0.1342
         4.93602e-08,               0.1343
         4.94885e-08,               0.1344
         4.96177e-08,               0.1345
         4.97478e-08,               0.1346
         4.98788e-08,               0.1347
         5.00107e-08,               0.1348
         5.01435e-08,               0.1349
         5.02773e-08,                0.135
         5.04119e-08,               0.1351
         5.05475e-08,               0.1352
          5.0684e-08,               0.1353
         5.08215e-08,               0.1354
         5.09599e-08,               0.1355
         5.10992e-08,               0.1356
         5.12394e-08,               0.1357
         5.13806e-08,               0.1358
         5.15228e-08,               0.1359
         5.16659e-08,                0.136
           5.181e-08,               0.1361
          5.1955e-08,               0.1362
          5.2101e-08,               0.1363
         5.22479e-08,               0.1364
         5.23959e-08,               0.1365
         5.25448e-08,               0.1366
         5.26947e-08,               0.1367
         5.28455e-08,               0.1368
         5.29974e-08,               0.1369
         5.31503e-08,                0.137
         5.33041e-08,               0.1371
         5.34589e-08,               0.1372
         5.36148e-08,               0.1373
         5.37717e-08,               0.1374
         5.39295e-08,               0.1375
         5.40884e-08,               0.1376
         5.42483e-08,               0.1377
         5.44093e-08,               0.1378
         5.45712e-08,               0.1379
         5.47342e-08,                0.138
         5.48983e-08,               0.1381
         5.50634e-08,               0.1382
         5.52295e-08,               0.1383
         5.53967e-08,               0.1384
         5.55649e-08,               0.1385
         5.57343e-08,               0.1386
         5.59046e-08,               0.1387
         5.60761e-08,               0.1388
         5.62486e-08,               0.1389
         5.64222e-08,                0.139
         5.65969e-08,               0.1391
         5.67727e-08,               0.1392
         5.69496e-08,               0.1393
         5.71276e-08,               0.1394
         5.73067e-08,               0.1395
         5.74869e-08,               0.1396
         5.76682e-08,               0.1397
         5.78506e-08,               0.1398
         5.80342e-08,               0.1399
         5.82189e-08,                 0.14
         5.84048e-08,               0.1401
         5.85918e-08,               0.1402
         5.87799e-08,               0.1403
         5.89692e-08,               0.1404
         5.91597e-08,               0.1405
         5.93513e-08,               0.1406
         5.95441e-08,               0.1407
         5.97381e-08,               0.1408
         5.99332e-08,               0.1409
         6.01296e-08,                0.141
         6.03271e-08,               0.1411
         6.05258e-08,               0.1412
         6.07258e-08,               0.1413
          6.0927e-08,               0.1414
         6.11293e-08,               0.1415
         6.13329e-08,               0.1416
         6.15378e-08,               0.1417
         6.17439e-08,               0.1418
         6.19512e-08,               0.1419
         6.21597e-08,                0.142
         6.23696e-08,               0.1421
         6.25806e-08,               0.1422
          6.2793e-08,               0.1423
         6.30066e-08,               0.1424
         6.32215e-08,               0.1425
         6.34377e-08,               0.1426
         6.36552e-08,               0.1427
          6.3874e-08,               0.1428
         6.40941e-08,               0.1429
         6.43155e-08,                0.143
         6.45383e-08,               0.1431
         6.47623e-08,               0.1432
         6.49877e-08,               0.1433
         6.52145e-08,               0.1434
         6.54426e-08,               0.1435
          6.5672e-08,               0.1436
         6.59028e-08,               0.1437
          6.6135e-08,               0.1438
         6.63686e-08,               0.1439
         6.66035e-08,                0.144
         6.68399e-08,               0.1441
         6.70776e-08,               0.1442
         6.73167e-08,               0.1443
         6.75573e-08,               0.1444
         6.77993e-08,               0.1445
         6.80427e-08,               0.1446
         6.82875e-08,               0.1447
         6.85338e-08,               0.1448
         6.87816e-08,               0.1449
         6.90308e-08,                0.145
         6.92815e-08,               0.1451
         6.95336e-08,               0.1452
         6.97873e-08,               0.1453
         7.00424e-08,               0.1454
          7.0299e-08,               0.1455
         7.05572e-08,               0.1456
         7.08168e-08,               0.1457
          7.1078e-08,               0.1458
         7.13407e-08,               0.1459
          7.1605e-08,                0.146
         7.18708e-08,               0.1461
         7.21382e-08,               0.1462
         7.24071e-08,               0.1463
         7.26776e-08,               0.1464
         7.29497e-08,               0.1465
         7.32234e-08,               0.1466
         7.34987e-08,               0.1467
         7.37756e-08,               0.1468
         7.40542e-08,               0.1469
         7.43343e-08,                0.147
         7.46161e-08,               0.1471
         7.48996e-08,               0.1472
         7.51847e-08,               0.1473
         7.54715e-08,               0.1474
         7.57599e-08,               0.1475
         7.60501e-08,               0.1476
         7.63419e-08,               0.1477
         7.66354e-08,               0.1478
         7.69307e-08,               0.1479
         7.72276e-08,                0.148
         7.75264e-08,               0.1481
         7.78268e-08,               0.1482
          7.8129e-08,               0.1483
          7.8433e-08,               0.1484
         7.87387e-08,               0.1485
         7.90462e-08,               0.1486
         7.93556e-08,               0.1487
         7.96667e-08,               0.1488
         7.99796e-08,               0.1489
         8.02944e-08,                0.149
          8.0611e-08,               0.1491
         8.09294e-08,               0.1492
         8.12497e-08,               0.1493
         8.15719e-08,               0.1494
          8.1896e-08,               0.1495
         8.22219e-08,               0.1496
         8.25497e-08,               0.1497
         8.28795e-08,               0.1498
         8.32112e-08,               0.1499
         8.35448e-08,                 0.15
         8.38803e-08,               0.1501
         8.42178e-08,               0.1502
         8.45573e-08,               0.1503
         8.48987e-08,               0.1504
         8.52422e-08,               0.1505
         8.55876e-08,               0.1506
         8.59351e-08,               0.1507
         8.62846e-08,               0.1508
         8.66361e-08,               0.1509
         8.69897e-08,                0.151
         8.73453e-08,               0.1511
          8.7703e-08,               0.1512
         8.80628e-08,               0.1513
         8.84247e-08,               0.1514
         8.87887e-08,               0.1515
         8.91549e-08,               0.1516
         8.95231e-08,               0.1517
         8.98935e-08,               0.1518
         9.02661e-08,               0.1519
         9.06409e-08,                0.152
         9.10178e-08,               0.1521
          9.1397e-08,               0.1522
         9.17783e-08,               0.1523
         9.21619e-08,               0.1524
         9.25477e-08,               0.1525
         9.29358e-08,               0.1526
         9.33261e-08,               0.1527
         9.37188e-08,               0.1528
         9.41137e-08,               0.1529
         9.45109e-08,                0.153
         9.49105e-08,               0.1531
         9.53124e-08,               0.1532
         9.57166e-08,               0.1533
         9.61232e-08,               0.1534
         9.65322e-08,               0.1535
         9.69436e-08,               0.1536
         9.73574e-08,               0.1537
         9.77736e-08,               0.1538
         9.81922e-08,               0.1539
         9.86133e-08,                0.154
         9.90369e-08,               0.1541
         9.94629e-08,               0.1542
         9.98915e-08,               0.1543
         1.00323e-07,               0.1544
         1.00756e-07,               0.1545
         1.01192e-07,               0.1546
         1.01631e-07,               0.1547
         1.02072e-07,               0.1548
         1.02516e-07,               0.1549
         1.02963e-07,                0.155
         1.03412e-07,               0.1551
         1.03863e-07,               0.1552
         1.04318e-07,               0.1553
         1.04775e-07,               0.1554
         1.05234e-07,               0.1555
         1.05697e-07,               0.1556
         1.06162e-07,               0.1557
          1.0663e-07,               0.1558
         1.07101e-07,               0.1559
         1.07574e-07,                0.156
          1.0805e-07,               0.1561
         1.08529e-07,               0.1562
         1.09011e-07,               0.1563
         1.09496e-07,               0.1564
         1.09983e-07,               0.1565
         1.10474e-07,               0.1566
         1.10967e-07,               0.1567
         1.11463e-07,               0.1568
         1.11963e-07,               0.1569
         1.12465e-07,                0.157
          1.1297e-07,               0.1571
         1.13478e-07,               0.1572
         1.13989e-07,               0.1573
         1.14503e-07,               0.1574
          1.1502e-07,               0.1575
          1.1554e-07,               0.1576
         1.16064e-07,               0.1577
          1.1659e-07,               0.1578
         1.17119e-07,               0.1579
         1.17652e-07,                0.158
         1.18188e-07,               0.1581
         1.18727e-07,               0.1582
         1.19269e-07,               0.1583
         1.19814e-07,               0.1584
         1.20363e-07,               0.1585
         1.20915e-07,               0.1586
          1.2147e-07,               0.1587
         1.22029e-07,               0.1588
          1.2259e-07,               0.1589
         1.23156e-07,                0.159
         1.23724e-07,               0.1591
         1.24296e-07,               0.1592
         1.24871e-07,               0.1593
          1.2545e-07,               0.1594
         1.26032e-07,               0.1595
         1.26618e-07,               0.1596
         1.27207e-07,               0.1597
           1.278e-07,               0.1598
         1.28396e-07,               0.1599
         1.28996e-07,                 0.16
         1.29599e-07,               0.1601
         1.30206e-07,               0.1602
         1.30817e-07,               0.1603
         1.31431e-07,               0.1604
         1.32049e-07,               0.1605
         1.32671e-07,               0.1606
         1.33296e-07,               0.1607
         1.33925e-07,               0.1608
         1.34558e-07,               0.1609
         1.35195e-07,                0.161
         1.35835e-07,               0.1611
          1.3648e-07,               0.1612
         1.37128e-07,               0.1613
          1.3778e-07,               0.1614
         1.38436e-07,               0.1615
         1.39096e-07,               0.1616
          1.3976e-07,               0.1617
         1.40428e-07,               0.1618
           1.411e-07,               0.1619
         1.41776e-07,                0.162
         1.42456e-07,               0.1621
          1.4314e-07,               0.1622
         1.43829e-07,               0.1623
         1.44521e-07,               0.1624
         1.45218e-07,               0.1625
         1.45919e-07,               0.1626
         1.46624e-07,               0.1627
         1.47334e-07,               0.1628
         1.48047e-07,               0.1629
         1.48766e-07,                0.163
         1.49488e-07,               0.1631
         1.50215e-07,               0.1632
         1.50946e-07,               0.1633
         1.51682e-07,               0.1634
         1.52422e-07,               0.1635
         1.53166e-07,               0.1636
         1.53916e-07,               0.1637
         1.54669e-07,               0.1638
         1.55428e-07,               0.1639
          1.5619e-07,                0.164
         1.56958e-07,               0.1641
          1.5773e-07,               0.1642
         1.58507e-07,               0.1643
         1.59289e-07,               0.1644
         1.60075e-07,               0.1645
         1.60867e-07,               0.1646
         1.61663e-07,               0.1647
         1.62464e-07,               0.1648
          1.6327e-07,               0.1649
          1.6408e-07,                0.165
         1.64896e-07,               0.1651
         1.65717e-07,               0.1652
         1.66543e-07,               0.1653
         1.67373e-07,               0.1654
         1.68209e-07,               0.1655
         1.69051e-07,               0.1656
         1.69897e-07,               0.1657
         1.70748e-07,               0.1658
         1.71605e-07,               0.1659
         1.72467e-07,                0.166
         1.73334e-07,               0.1661
         1.74207e-07,               0.1662
         1.75085e-07,               0.1663
         1.75968e-07,               0.1664
         1.76857e-07,               0.1665
         1.77751e-07,               0.1666
         1.78651e-07,               0.1667
         1.79556e-07,               0.1668
         1.80467e-07,               0.1669
         1.81384e-07,                0.167
         1.82306e-07,               0.1671
         1.83234e-07,               0.1672
         1.84168e-07,               0.1673
         1.85108e-07,               0.1674
         1.86053e-07,               0.1675
         1.87004e-07,               0.1676
         1.87961e-07,               0.1677
         1.88924e-07,               0.1678
         1.89893e-07,               0.1679
         1.90869e-07,                0.168
          1.9185e-07,               0.1681
         1.92837e-07,               0.1682
          1.9383e-07,               0.1683
          1.9483e-07,               0.1684
         1.95836e-07,               0.1685
         1.96848e-07,               0.1686
         1.97866e-07,               0.1687
         1.98891e-07,               0.1688
         1.99922e-07,               0.1689
          2.0096e-07,                0.169
         2.02004e-07,               0.1691
         2.03055e-07,               0.1692
         2.04112e-07,               0.1693
         2.05176e-07,               0.1694
         2.06246e-07,               0.1695
         2.07324e-07,               0.1696
         2.08408e-07,               0.1697
         2.09499e-07,               0.1698
         2.10596e-07,               0.1699
         2.11701e-07,                 0.17
         2.12812e-07,               0.1701
         2.13931e-07,               0.1702
         2.15056e-07,               0.1703
         2.16189e-07,               0.1704
         2.17329e-07,               0.1705
         2.18476e-07,               0.1706
          2.1963e-07,               0.1707
         2.20792e-07,               0.1708
         2.21961e-07,               0.1709
         2.23137e-07,                0.171
          2.2432e-07,               0.1711
         2.25512e-07,               0.1712
          2.2671e-07,               0.1713
         2.27917e-07,               0.1714
         2.29131e-07,               0.1715
         2.30352e-07,               0.1716
         2.31582e-07,               0.1717
         2.32819e-07,               0.1718
         2.34064e-07,               0.1719
         2.35317e-07,                0.172
         2.36578e-07,               0.1721
         2.37847e-07,               0.1722
         2.39125e-07,               0.1723
          2.4041e-07,               0.1724
         2.41703e-07,               0.1725
         2.43005e-07,               0.1726
         2.44315e-07,               0.1727
         2.45633e-07,               0.1728
          2.4696e-07,               0.1729
         2.48296e-07,                0.173
          2.4964e-07,               0.1731
         2.50992e-07,               0.1732
         2.52353e-07,               0.1733
         2.53723e-07,               0.1734
         2.55102e-07,               0.1735
         2.56489e-07,               0.1736
         2.57886e-07,               0.1737
         2.59291e-07,               0.1738
         2.60706e-07,               0.1739
         2.62129e-07,                0.174
         2.63562e-07,               0.1741
         2.65004e-07,               0.1742
         2.66455e-07,               0.1743
         2.67916e-07,               0.1744
         2.69386e-07,               0.1745
         2.70865e-07,               0.1746
         2.72354e-07,               0.1747
         2.73853e-07,               0.1748
         2.75362e-07,               0.1749
          2.7688e-07,                0.175
         2.78408e-07,               0.1751
         2.79946e-07,               0.1752
         2.81494e-07,               0.1753
         2.83052e-07,               0.1754
          2.8462e-07,               0.1755
         2.86198e-07,               0.1756
         2.87786e-07,               0.1757
         2.89385e-07,               0.1758
         2.90995e-07,               0.1759
         2.92614e-07,                0.176
         2.94245e-07,               0.1761
         2.95886e-07,               0.1762
         2.97537e-07,               0.1763
           2.992e-07,               0.1764
         3.00873e-07,               0.1765
         3.02557e-07,               0.1766
         3.04252e-07,               0.1767
         3.05959e-07,               0.1768
         3.07676e-07,               0.1769
         3.09405e-07,                0.177
         3.11145e-07,               0.1771
         3.12897e-07,               0.1772
          3.1466e-07,               0.1773
         3.16434e-07,               0.1774
         3.18221e-07,               0.1775
         3.20019e-07,               0.1776
         3.21828e-07,               0.1777
          3.2365e-07,               0.1778
         3.25484e-07,               0.1779
          3.2733e-07,                0.178
         3.29188e-07,               0.1781
         3.31058e-07,               0.1782
         3.32941e-07,               0.1783
         3.34836e-07,               0.1784
         3.36744e-07,               0.1785
         3.38664e-07,               0.1786
         3.40597e-07,               0.1787
         3.42543e-07,               0.1788
         3.44502e-07,               0.1789
         3.46473e-07,                0.179
         3.48458e-07,               0.1791
         3.50456e-07,               0.1792
         3.52467e-07,               0.1793
         3.54492e-07,               0.1794
          3.5653e-07,               0.1795
         3.58582e-07,               0.1796
         3.60647e-07,               0.1797
         3.62726e-07,               0.1798
         3.64819e-07,               0.1799
         3.66926e-07,                 0.18
         3.69047e-07,               0.1801
         3.71182e-07,               0.1802
         3.73332e-07,               0.1803
         3.75496e-07,               0.1804
         3.77674e-07,               0.1805
         3.79867e-07,               0.1806
         3.82075e-07,               0.1807
         3.84298e-07,               0.1808
         3.86535e-07,               0.1809
         3.88787e-07,                0.181
         3.91055e-07,               0.1811
         3.93338e-07,               0.1812
         3.95636e-07,               0.1813
          3.9795e-07,               0.1814
         4.00279e-07,               0.1815
         4.02624e-07,               0.1816
         4.04985e-07,               0.1817
         4.07362e-07,               0.1818
         4.09755e-07,               0.1819
         4.12164e-07,                0.182
         4.14589e-07,               0.1821
         4.17031e-07,               0.1822
         4.19489e-07,               0.1823
         4.21964e-07,               0.1824
         4.24456e-07,               0.1825
         4.26964e-07,               0.1826
          4.2949e-07,               0.1827
         4.32033e-07,               0.1828
         4.34593e-07,               0.1829
         4.37171e-07,                0.183
         4.39766e-07,               0.1831
         4.42379e-07,               0.1832
         4.45009e-07,               0.1833
         4.47658e-07,               0.1834
         4.50325e-07,               0.1835
         4.53009e-07,               0.1836
         4.55713e-07,               0.1837
         4.58434e-07,               0.1838
         4.61175e-07,               0.1839
         4.63934e-07,                0.184
         4.66712e-07,               0.1841
         4.69509e-07,               0.1842
         4.72325e-07,               0.1843
         4.75161e-07,               0.1844
         4.78016e-07,               0.1845
          4.8089e-07,               0.1846
         4.83785e-07,               0.1847
         4.86699e-07,               0.1848
         4.89634e-07,               0.1849
         4.92588e-07,                0.185
         4.95563e-07,               0.1851
         4.98559e-07,               0.1852
         5.01575e-07,               0.1853
         5.04613e-07,               0.1854
         5.07671e-07,               0.1855
          5.1075e-07,               0.1856
         5.13851e-07,               0.1857
         5.16973e-07,               0.1858
         5.20117e-07,               0.1859
         5.23282e-07,                0.186
          5.2647e-07,               0.1861
         5.29679e-07,               0.1862
         5.32911e-07,               0.1863
         5.36166e-07,               0.1864
         5.39443e-07,               0.1865
         5.42743e-07,               0.1866
         5.46066e-07,               0.1867
         5.49412e-07,               0.1868
         5.52782e-07,               0.1869
         5.56175e-07,                0.187
         5.59591e-07,               0.1871
         5.63032e-07,               0.1872
         5.66497e-07,               0.1873
         5.69986e-07,               0.1874
         5.73499e-07,               0.1875
         5.77037e-07,               0.1876
           5.806e-07,               0.1877
         5.84188e-07,               0.1878
         5.87801e-07,               0.1879
         5.91439e-07,                0.188
         5.95103e-07,               0.1881
         5.98793e-07,               0.1882
         6.02509e-07,               0.1883
         6.06251e-07,               0.1884
          6.1002e-07,               0.1885
         6.13815e-07,               0.1886
         6.17636e-07,               0.1887
         6.21485e-07,               0.1888
         6.25361e-07,               0.1889
         6.29265e-07,                0.189
         6.33196e-07,               0.1891
         6.37155e-07,               0.1892
         6.41142e-07,               0.1893
         6.45157e-07,               0.1894
         6.49201e-07,               0.1895
         6.53274e-07,               0.1896
         6.57375e-07,               0.1897
         6.61506e-07,               0.1898
         6.65666e-07,               0.1899
         6.69856e-07,                 0.19
         6.74075e-07,               0.1901
         6.78325e-07,               0.1902
         6.82605e-07,               0.1903
         6.86916e-07,               0.1904
         6.91257e-07,               0.1905
          6.9563e-07,               0.1906
         7.00033e-07,               0.1907
         7.04469e-07,               0.1908
         7.08936e-07,               0.1909
         7.13435e-07,                0.191
         7.17966e-07,               0.1911
          7.2253e-07,               0.1912
         7.27127e-07,               0.1913
         7.31757e-07,               0.1914
          7.3642e-07,               0.1915
         7.41117e-07,               0.1916
         7.45847e-07,               0.1917
         7.50612e-07,               0.1918
         7.55411e-07,               0.1919
         7.60244e-07,                0.192
         7.65113e-07,               0.1921
         7.70017e-07,               0.1922
         7.74956e-07,               0.1923
         7.79931e-07,               0.1924
         7.84942e-07,               0.1925
         7.89989e-07,               0.1926
         7.95073e-07,               0.1927
         8.00194e-07,               0.1928
         8.05352e-07,               0.1929
         8.10548e-07,                0.193
         8.15781e-07,               0.1931
         8.21053e-07,               0.1932
         8.26363e-07,               0.1933
         8.31711e-07,               0.1934
         8.37099e-07,               0.1935
         8.42526e-07,               0.1936
         8.47992e-07,               0.1937
         8.53499e-07,               0.1938
         8.59045e-07,               0.1939
         8.64633e-07,                0.194
         8.70261e-07,               0.1941
         8.75931e-07,               0.1942
         8.81642e-07,               0.1943
         8.87395e-07,               0.1944
          8.9319e-07,               0.1945
         8.99028e-07,               0.1946
         9.04909e-07,               0.1947
         9.10833e-07,               0.1948
           9.168e-07,               0.1949
         9.22812e-07,                0.195
         9.28868e-07,               0.1951
         9.34969e-07,               0.1952
         9.41114e-07,               0.1953
         9.47305e-07,               0.1954
         9.53542e-07,               0.1955
         9.59825e-07,               0.1956
         9.66155e-07,               0.1957
         9.72531e-07,               0.1958
         9.78955e-07,               0.1959
         9.85427e-07,                0.196
         9.91946e-07,               0.1961
         9.98514e-07,               0.1962
         1.00513e-06,               0.1963
          1.0118e-06,               0.1964
         1.01851e-06,               0.1965
         1.02528e-06,               0.1966
         1.03209e-06,               0.1967
         1.03896e-06,               0.1968
         1.04588e-06,               0.1969
         1.05285e-06,                0.197
         1.05987e-06,               0.1971
         1.06695e-06,               0.1972
         1.07407e-06,               0.1973
         1.08125e-06,               0.1974
         1.08849e-06,               0.1975
         1.09578e-06,               0.1976
         1.10312e-06,               0.1977
         1.11052e-06,               0.1978
         1.11798e-06,               0.1979
         1.12549e-06,                0.198
         1.13305e-06,               0.1981
         1.14068e-06,               0.1982
         1.14836e-06,               0.1983
          1.1561e-06,               0.1984
          1.1639e-06,               0.1985
         1.17176e-06,               0.1986
         1.17967e-06,               0.1987
         1.18765e-06,               0.1988
         1.19569e-06,               0.1989
         1.20378e-06,                0.199
         1.21194e-06,               0.1991
         1.22016e-06,               0.1992
         1.22845e-06,               0.1993
         1.23679e-06,               0.1994
          1.2452e-06,               0.1995
         1.25368e-06,               0.1996
         1.26222e-06,               0.1997
         1.27082e-06,               0.1998
         1.27949e-06,               0.1999
         1.28822e-06,                  0.2
         1.29702e-06,               0.2001
         1.30589e-06,               0.2002
         1.31483e-06,               0.2003
         1.32384e-06,               0.2004
         1.33291e-06,               0.2005
         1.34205e-06,               0.2006
         1.35127e-06,               0.2007
         1.36055e-06,               0.2008
         1.36991e-06,               0.2009
         1.37934e-06,                0.201
         1.38884e-06,               0.2011
         1.39841e-06,               0.2012
         1.40806e-06,               0.2013
         1.41778e-06,               0.2014
         1.42758e-06,               0.2015
         1.43745e-06,               0.2016
          1.4474e-06,               0.2017
         1.45743e-06,               0.2018
         1.46753e-06,               0.2019
         1.47771e-06,                0.202
         1.48797e-06,               0.2021
         1.49831e-06,               0.2022
         1.50873e-06,               0.2023
         1.51923e-06,               0.2024
         1.52981e-06,               0.2025
         1.54048e-06,               0.2026
         1.55123e-06,               0.2027
         1.56206e-06,               0.2028
         1.57297e-06,               0.2029
         1.58397e-06,                0.203
         1.59506e-06,               0.2031
         1.60623e-06,               0.2032
         1.61749e-06,               0.2033
         1.62884e-06,               0.2034
         1.64028e-06,               0.2035
         1.65181e-06,               0.2036
         1.66343e-06,               0.2037
         1.67513e-06,               0.2038
         1.68694e-06,               0.2039
         1.69883e-06,                0.204
         1.71082e-06,               0.2041
          1.7229e-06,               0.2042
         1.73507e-06,               0.2043
         1.74734e-06,               0.2044
         1.75971e-06,               0.2045
         1.77218e-06,               0.2046
         1.78474e-06,               0.2047
         1.79741e-06,               0.2048
         1.81017e-06,               0.2049
         1.82304e-06,                0.205
         1.83601e-06,               0.2051
         1.84908e-06,               0.2052
         1.86225e-06,               0.2053
         1.87553e-06,               0.2054
         1.88891e-06,               0.2055
          1.9024e-06,               0.2056
           1.916e-06,               0.2057
          1.9297e-06,               0.2058
         1.94352e-06,               0.2059
         1.95744e-06,                0.206
         1.97148e-06,               0.2061
         1.98563e-06,               0.2062
         1.99989e-06,               0.2063
         2.01426e-06,               0.2064
         2.02875e-06,               0.2065
         2.04336e-06,               0.2066
         2.05808e-06,               0.2067
         2.07292e-06,               0.2068
         2.08788e-06,               0.2069
         2.10296e-06,                0.207
         2.11817e-06,               0.2071
         2.13349e-06,               0.2072
         2.14894e-06,               0.2073
         2.16451e-06,               0.2074
         2.18021e-06,               0.2075
         2.19603e-06,               0.2076
         2.21198e-06,               0.2077
         2.22806e-06,               0.2078
         2.24427e-06,               0.2079
         2.26062e-06,                0.208
         2.27709e-06,               0.2081
          2.2937e-06,               0.2082
         2.31044e-06,               0.2083
         2.32732e-06,               0.2084
         2.34433e-06,               0.2085
         2.36149e-06,               0.2086
         2.37878e-06,               0.2087
         2.39621e-06,               0.2088
         2.41379e-06,               0.2089
         2.43151e-06,                0.209
         2.44937e-06,               0.2091
         2.46739e-06,               0.2092
         2.48554e-06,               0.2093
         2.50385e-06,               0.2094
          2.5223e-06,               0.2095
         2.54091e-06,               0.2096
         2.55967e-06,               0.2097
         2.57858e-06,               0.2098
         2.59765e-06,               0.2099
         2.61688e-06,                 0.21
         2.63626e-06,               0.2101
          2.6558e-06,               0.2102
         2.67551e-06,               0.2103
         2.69537e-06,               0.2104
          2.7154e-06,               0.2105
          2.7356e-06,               0.2106
         2.75596e-06,               0.2107
         2.77649e-06,               0.2108
         2.79719e-06,               0.2109
         2.81807e-06,                0.211
         2.83911e-06,               0.2111
         2.86033e-06,               0.2112
         2.88173e-06,               0.2113
          2.9033e-06,               0.2114
         2.92505e-06,               0.2115
         2.94699e-06,               0.2116
          2.9691e-06,               0.2117
         2.99141e-06,               0.2118
         3.01389e-06,               0.2119
         3.03657e-06,                0.212
         3.05943e-06,               0.2121
         3.08249e-06,               0.2122
         3.10573e-06,               0.2123
         3.12918e-06,               0.2124
         3.15282e-06,               0.2125
         3.17665e-06,               0.2126
         3.20069e-06,               0.2127
         3.22493e-06,               0.2128
         3.24937e-06,               0.2129
         3.27402e-06,                0.213
         3.29888e-06,               0.2131
         3.32394e-06,               0.2132
         3.34922e-06,               0.2133
         3.37471e-06,               0.2134
         3.40042e-06,               0.2135
         3.42634e-06,               0.2136
         3.45248e-06,               0.2137
         3.47885e-06,               0.2138
         3.50543e-06,               0.2139
         3.53225e-06,                0.214
         3.55929e-06,               0.2141
         3.58656e-06,               0.2142
         3.61406e-06,               0.2143
         3.64179e-06,               0.2144
         3.66976e-06,               0.2145
         3.69797e-06,               0.2146
         3.72642e-06,               0.2147
         3.75512e-06,               0.2148
         3.78406e-06,               0.2149
         3.81324e-06,                0.215
         3.84268e-06,               0.2151
         3.87237e-06,               0.2152
         3.90231e-06,               0.2153
         3.93251e-06,               0.2154
         3.96297e-06,               0.2155
         3.99368e-06,               0.2156
         4.02467e-06,               0.2157
         4.05592e-06,               0.2158
         4.08744e-06,               0.2159
         4.11923e-06,                0.216
          4.1513e-06,               0.2161
         4.18364e-06,               0.2162
         4.21626e-06,               0.2163
         4.24916e-06,               0.2164
         4.28235e-06,               0.2165
         4.31583e-06,               0.2166
          4.3496e-06,               0.2167
         4.38366e-06,               0.2168
         4.41801e-06,               0.2169
         4.45266e-06,                0.217
         4.48762e-06,               0.2171
         4.52288e-06,               0.2172
         4.55844e-06,               0.2173
         4.59432e-06,               0.2174
         4.63051e-06,               0.2175
         4.66702e-06,               0.2176
         4.70384e-06,               0.2177
         4.74099e-06,               0.2178
         4.77846e-06,               0.2179
         4.81626e-06,                0.218
         4.85439e-06,               0.2181
         4.89286e-06,               0.2182
         4.93167e-06,               0.2183
         4.97081e-06,               0.2184
          5.0103e-06,               0.2185
         5.05014e-06,               0.2186
         5.09033e-06,               0.2187
         5.13087e-06,               0.2188
         5.17178e-06,               0.2189
         5.21304e-06,                0.219
         5.25467e-06,               0.2191
         5.29667e-06,               0.2192
         5.33904e-06,               0.2193
         5.38178e-06,               0.2194
          5.4249e-06,               0.2195
         5.46841e-06,               0.2196
         5.51231e-06,               0.2197
         5.55659e-06,               0.2198
         5.60127e-06,               0.2199
         5.64635e-06,                 0.22
         5.69183e-06,               0.2201
         5.73771e-06,               0.2202
         5.78401e-06,               0.2203
         5.83072e-06,               0.2204
         5.87784e-06,               0.2205
         5.92539e-06,               0.2206
         5.97337e-06,               0.2207
         6.02178e-06,               0.2208
         6.07062e-06,               0.2209
          6.1199e-06,                0.221
         6.16962e-06,               0.2211
          6.2198e-06,               0.2212
         6.27042e-06,               0.2213
          6.3215e-06,               0.2214
         6.37304e-06,               0.2215
         6.42505e-06,               0.2216
         6.47753e-06,               0.2217
         6.53048e-06,               0.2218
         6.58392e-06,               0.2219
         6.63784e-06,                0.222
         6.69224e-06,               0.2221
         6.74714e-06,               0.2222
         6.80255e-06,               0.2223
         6.85845e-06,               0.2224
         6.91487e-06,               0.2225
         6.97179e-06,               0.2226
         7.02924e-06,               0.2227
         7.08722e-06,               0.2228
         7.14572e-06,               0.2229
         7.20476e-06,                0.223
         7.26434e-06,               0.2231
         7.32446e-06,               0.2232
         7.38514e-06,               0.2233
         7.44637e-06,               0.2234
         7.50817e-06,               0.2235
         7.57054e-06,               0.2236
         7.63348e-06,               0.2237
           7.697e-06,               0.2238
          7.7611e-06,               0.2239
          7.8258e-06,                0.224
          7.8911e-06,               0.2241
           7.957e-06,               0.2242
         8.02351e-06,               0.2243
         8.09063e-06,               0.2244
         8.15838e-06,               0.2245
         8.22676e-06,               0.2246
         8.29577e-06,               0.2247
         8.36543e-06,               0.2248
         8.43573e-06,               0.2249
         8.50669e-06,                0.225
         8.57831e-06,               0.2251
         8.65059e-06,               0.2252
         8.72356e-06,               0.2253
          8.7972e-06,               0.2254
         8.87154e-06,               0.2255
         8.94657e-06,               0.2256
         9.02231e-06,               0.2257
         9.09875e-06,               0.2258
         9.17592e-06,               0.2259
         9.25381e-06,                0.226
         9.33243e-06,               0.2261
          9.4118e-06,               0.2262
         9.49191e-06,               0.2263
         9.57278e-06,               0.2264
         9.65441e-06,               0.2265
         9.73681e-06,               0.2266
            9.82e-06,               0.2267
         9.90397e-06,               0.2268
         9.98874e-06,               0.2269
         1.00743e-05,                0.227
         1.01607e-05,               0.2271
         1.02479e-05,               0.2272
         1.03359e-05,               0.2273
         1.04248e-05,               0.2274
         1.05146e-05,               0.2275
         1.06051e-05,               0.2276
         1.06966e-05,               0.2277
         1.07889e-05,               0.2278
         1.08821e-05,               0.2279
         1.09762e-05,                0.228
         1.10712e-05,               0.2281
         1.11671e-05,               0.2282
          1.1264e-05,               0.2283
         1.13617e-05,               0.2284
         1.14604e-05,               0.2285
         1.15601e-05,               0.2286
         1.16607e-05,               0.2287
         1.17623e-05,               0.2288
         1.18649e-05,               0.2289
         1.19684e-05,                0.229
          1.2073e-05,               0.2291
         1.21786e-05,               0.2292
         1.22852e-05,               0.2293
         1.23929e-05,               0.2294
         1.25015e-05,               0.2295
         1.26113e-05,               0.2296
         1.27221e-05,               0.2297
          1.2834e-05,               0.2298
          1.2947e-05,               0.2299
         1.30611e-05,                 0.23
         1.31763e-05,               0.2301
         1.32926e-05,               0.2302
         1.34101e-05,               0.2303
         1.35288e-05,               0.2304
         1.36486e-05,               0.2305
         1.37695e-05,               0.2306
         1.38917e-05,               0.2307
         1.40151e-05,               0.2308
         1.41396e-05,               0.2309
         1.42655e-05,                0.231
         1.43925e-05,               0.2311
         1.45208e-05,               0.2312
         1.46504e-05,               0.2313
         1.47813e-05,               0.2314
         1.49134e-05,               0.2315
         1.50469e-05,               0.2316
         1.51817e-05,               0.2317
         1.53179e-05,               0.2318
         1.54554e-05,               0.2319
         1.55942e-05,                0.232
         1.57345e-05,               0.2321
         1.58762e-05,               0.2322
         1.60192e-05,               0.2323
         1.61637e-05,               0.2324
         1.63097e-05,               0.2325
         1.64571e-05,               0.2326
          1.6606e-05,               0.2327
         1.67564e-05,               0.2328
         1.69083e-05,               0.2329
         1.70618e-05,                0.233
         1.72168e-05,               0.2331
         1.73733e-05,               0.2332
         1.75314e-05,               0.2333
         1.76912e-05,               0.2334
         1.78525e-05,               0.2335
         1.80155e-05,               0.2336
         1.81802e-05,               0.2337
         1.83465e-05,               0.2338
         1.85145e-05,               0.2339
         1.86842e-05,                0.234
         1.88556e-05,               0.2341
         1.90288e-05,               0.2342
         1.92038e-05,               0.2343
         1.93805e-05,               0.2344
         1.95591e-05,               0.2345
         1.97395e-05,               0.2346
         1.99217e-05,               0.2347
         2.01058e-05,               0.2348
         2.02918e-05,               0.2349
         2.04797e-05,                0.235
         2.06696e-05,               0.2351
         2.08614e-05,               0.2352
         2.10552e-05,               0.2353
          2.1251e-05,               0.2354
         2.14488e-05,               0.2355
         2.16486e-05,               0.2356
         2.18506e-05,               0.2357
         2.20546e-05,               0.2358
         2.22607e-05,               0.2359
          2.2469e-05,                0.236
         2.26795e-05,               0.2361
         2.28921e-05,               0.2362
          2.3107e-05,               0.2363
         2.33241e-05,               0.2364
         2.35435e-05,               0.2365
         2.37652e-05,               0.2366
         2.39892e-05,               0.2367
         2.42156e-05,               0.2368
         2.44443e-05,               0.2369
         2.46755e-05,                0.237
          2.4909e-05,               0.2371
         2.51451e-05,               0.2372
         2.53836e-05,               0.2373
         2.56247e-05,               0.2374
         2.58682e-05,               0.2375
         2.61144e-05,               0.2376
         2.63632e-05,               0.2377
         2.66146e-05,               0.2378
         2.68687e-05,               0.2379
         2.71255e-05,                0.238
         2.73851e-05,               0.2381
         2.76474e-05,               0.2382
         2.79125e-05,               0.2383
         2.81804e-05,               0.2384
         2.84512e-05,               0.2385
         2.87249e-05,               0.2386
         2.90015e-05,               0.2387
         2.92811e-05,               0.2388
         2.95637e-05,               0.2389
         2.98494e-05,                0.239
         3.01381e-05,               0.2391
         3.04299e-05,               0.2392
         3.07249e-05,               0.2393
         3.10231e-05,               0.2394
         3.13245e-05,               0.2395
         3.16292e-05,               0.2396
         3.19372e-05,               0.2397
         3.22485e-05,               0.2398
         3.25632e-05,               0.2399
         3.28813e-05,                 0.24
         3.32029e-05,               0.2401
          3.3528e-05,               0.2402
         3.38567e-05,               0.2403
         3.41889e-05,               0.2404
         3.45248e-05,               0.2405
         3.48644e-05,               0.2406
         3.52077e-05,               0.2407
         3.55548e-05,               0.2408
         3.59057e-05,               0.2409
         3.62604e-05,                0.241
         3.66191e-05,               0.2411
         3.69817e-05,               0.2412
         3.73484e-05,               0.2413
         3.77191e-05,               0.2414
         3.80939e-05,               0.2415
         3.84729e-05,               0.2416
         3.88561e-05,               0.2417
         3.92435e-05,               0.2418
         3.96353e-05,               0.2419
         4.00314e-05,                0.242
          4.0432e-05,               0.2421
          4.0837e-05,               0.2422
         4.12466e-05,               0.2423
         4.16607e-05,               0.2424
         4.20795e-05,               0.2425
         4.25031e-05,               0.2426
         4.29313e-05,               0.2427
         4.33645e-05,               0.2428
         4.38024e-05,               0.2429
         4.42454e-05,                0.243
         4.46933e-05,               0.2431
         4.51463e-05,               0.2432
         4.56045e-05,               0.2433
         4.60679e-05,               0.2434
         4.65365e-05,               0.2435
         4.70104e-05,               0.2436
         4.74898e-05,               0.2437
         4.79746e-05,               0.2438
          4.8465e-05,               0.2439
          4.8961e-05,                0.244
         4.94626e-05,               0.2441
           4.997e-05,               0.2442
         5.04833e-05,               0.2443
         5.10024e-05,               0.2444
         5.15275e-05,               0.2445
         5.20587e-05,               0.2446
          5.2596e-05,               0.2447
         5.31395e-05,               0.2448
         5.36894e-05,               0.2449
         5.42455e-05,                0.245
         5.48082e-05,               0.2451
         5.53774e-05,               0.2452
         5.59532e-05,               0.2453
         5.65357e-05,               0.2454
          5.7125e-05,               0.2455
         5.77212e-05,               0.2456
         5.83244e-05,               0.2457
         5.89346e-05,               0.2458
          5.9552e-05,               0.2459
         6.01766e-05,                0.246
         6.08086e-05,               0.2461
         6.14481e-05,               0.2462
         6.20951e-05,               0.2463
         6.27497e-05,               0.2464
         6.34121e-05,               0.2465
         6.40823e-05,               0.2466
         6.47605e-05,               0.2467
         6.54467e-05,               0.2468
         6.61411e-05,               0.2469
         6.68438e-05,                0.247
         6.75548e-05,               0.2471
         6.82744e-05,               0.2472
         6.90025e-05,               0.2473
         6.97394e-05,               0.2474
         7.04851e-05,               0.2475
         7.12397e-05,               0.2476
         7.20035e-05,               0.2477
         7.27764e-05,               0.2478
         7.35587e-05,               0.2479
         7.43504e-05,                0.248
         7.51517e-05,               0.2481
         7.59627e-05,               0.2482
         7.67836e-05,               0.2483
         7.76144e-05,               0.2484
         7.84553e-05,               0.2485
         7.93065e-05,               0.2486
         8.01681e-05,               0.2487
         8.10402e-05,               0.2488
          8.1923e-05,               0.2489
         8.28165e-05,                0.249
         8.37211e-05,               0.2491
         8.46368e-05,               0.2492
         8.55638e-05,               0.2493
         8.65022e-05,               0.2494
         8.74521e-05,               0.2495
         8.84139e-05,               0.2496
         8.93875e-05,               0.2497
         9.03732e-05,               0.2498
         9.13712e-05,               0.2499
         9.23816e-05,                 0.25
         9.34046e-05,               0.2501
         9.44403e-05,               0.2502
          9.5489e-05,               0.2503
         9.65508e-05,               0.2504
          9.7626e-05,               0.2505
         9.87146e-05,               0.2506
         9.98169e-05,               0.2507
         0.000100933,               0.2508
         0.000102063,               0.2509
         0.000103208,                0.251
         0.000104367,               0.2511
         0.000105541,               0.2512
         0.000106729,               0.2513
         0.000107933,               0.2514
         0.000109152,               0.2515
         0.000110387,               0.2516
         0.000111637,               0.2517
         0.000112904,               0.2518
         0.000114187,               0.2519
         0.000115486,                0.252
         0.000116801,               0.2521
         0.000118134,               0.2522
         0.000119484,               0.2523
         0.000120852,               0.2524
         0.000122237,               0.2525
          0.00012364,               0.2526
         0.000125061,               0.2527
         0.000126501,               0.2528
         0.000127959,               0.2529
         0.000129437,                0.253
         0.000130934,               0.2531
          0.00013245,               0.2532
         0.000133986,               0.2533
         0.000135543,               0.2534
          0.00013712,               0.2535
         0.000138718,               0.2536
         0.000140337,               0.2537
         0.000141977,               0.2538
         0.000143639,               0.2539
         0.000145323,                0.254
         0.000147029,               0.2541
         0.000148758,               0.2542
         0.000150511,               0.2543
         0.000152286,               0.2544
         0.000154086,               0.2545
         0.000155909,               0.2546
         0.000157757,               0.2547
          0.00015963,               0.2548
         0.000161528,               0.2549
         0.000163452,                0.255
         0.000165402,               0.2551
         0.000167378,               0.2552
         0.000169381,               0.2553
         0.000171411,               0.2554
         0.000173469,               0.2555
         0.000175555,               0.2556
         0.000177669,               0.2557
         0.000179813,               0.2558
         0.000181986,               0.2559
         0.000184188,                0.256
         0.000186421,               0.2561
         0.000188685,               0.2562
          0.00019098,               0.2563
         0.000193307,               0.2564
         0.000195666,               0.2565
         0.000198058,               0.2566
         0.000200484,               0.2567
         0.000202943,               0.2568
         0.000205436,               0.2569
         0.000207965,                0.257
         0.000210529,               0.2571
         0.000213128,               0.2572
         0.000215765,               0.2573
         0.000218439,               0.2574
          0.00022115,               0.2575
           0.0002239,               0.2576
         0.000226689,               0.2577
         0.000229518,               0.2578
         0.000232387,               0.2579
         0.000235296,                0.258
         0.000238248,               0.2581
         0.000241242,               0.2582
         0.000244278,               0.2583
         0.000247359,               0.2584
         0.000250484,               0.2585
         0.000253654,               0.2586
         0.000256869,               0.2587
         0.000260132,               0.2588
         0.000263442,               0.2589
           0.0002668,                0.259
         0.000270207,               0.2591
         0.000273664,               0.2592
         0.000277171,               0.2593
          0.00028073,               0.2594
         0.000284342,               0.2595
         0.000288006,               0.2596
         0.000291725,               0.2597
         0.000295499,               0.2598
         0.000299329,               0.2599
         0.000303215,                 0.26
          0.00030716,               0.2601
         0.000311163,               0.2602
         0.000315227,               0.2603
         0.000319351,               0.2604
         0.000323537,               0.2605
         0.000327786,               0.2606
           0.0003321,               0.2607
         0.000336478,               0.2608
         0.000340923,               0.2609
         0.000345436,                0.261
         0.000350017,               0.2611
         0.000354668,               0.2612
          0.00035939,               0.2613
         0.000364185,               0.2614
         0.000369053,               0.2615
         0.000373996,               0.2616
         0.000379015,               0.2617
         0.000384112,               0.2618
         0.000389288,               0.2619
         0.000394544,                0.262
         0.000399882,               0.2621
         0.000405303,               0.2622
          0.00041081,               0.2623
         0.000416402,               0.2624
         0.000422082,               0.2625
         0.000427852,               0.2626
         0.000433713,               0.2627
         0.000439666,               0.2628
         0.000445714,               0.2629
         0.000451859,                0.263
         0.000458101,               0.2631
         0.000464442,               0.2632
         0.000470886,               0.2633
         0.000477432,               0.2634
         0.000484084,               0.2635
         0.000490844,               0.2636
         0.000497712,               0.2637
         0.000504692,               0.2638
         0.000511785,               0.2639
         0.000518994,                0.264
         0.000526321,               0.2641
         0.000533767,               0.2642
         0.000541336,               0.2643
         0.000549029,               0.2644
          0.00055685,               0.2645
         0.000564799,               0.2646
          0.00057288,               0.2647
         0.000581096,               0.2648
         0.000589449,               0.2649
         0.000597941,                0.265
         0.000606575,               0.2651
         0.000615354,               0.2652
         0.000624282,               0.2653
          0.00063336,               0.2654
         0.000642591,               0.2655
          0.00065198,               0.2656
         0.000661528,               0.2657
         0.000671239,               0.2658
         0.000681116,               0.2659
         0.000691163,                0.266
         0.000701383,               0.2661
         0.000711779,               0.2662
         0.000722354,               0.2663
         0.000733114,               0.2664
          0.00074406,               0.2665
         0.000755198,               0.2666
          0.00076653,               0.2667
         0.000778062,               0.2668
         0.000789796,               0.2669
         0.000801737,                0.267
          0.00081389,               0.2671
         0.000826258,               0.2672
         0.000838846,               0.2673
          0.00085166,               0.2674
         0.000864702,               0.2675
         0.000877979,               0.2676
         0.000891495,               0.2677
         0.000905255,               0.2678
         0.000919265,               0.2679
         0.000933529,                0.268
         0.000948053,               0.2681
         0.000962843,               0.2682
         0.000977903,               0.2683
         0.000993241,               0.2684
          0.00100886,               0.2685
          0.00102477,               0.2686
          0.00104098,               0.2687
          0.00105749,               0.2688
           0.0010743,               0.2689
          0.00109143,                0.269
          0.00110889,               0.2691
          0.00112667,               0.2692
          0.00114479,               0.2693
          0.00116325,               0.2694
          0.00118207,               0.2695
          0.00120124,               0.2696
          0.00122078,               0.2697
           0.0012407,               0.2698
          0.00126101,               0.2699
           0.0012817,                 0.27
           0.0013028,               0.2701
          0.00132431,               0.2702
          0.00134624,               0.2703
           0.0013686,               0.2704
          0.00139141,               0.2705
          0.00141466,               0.2706
          0.00143837,               0.2707
          0.00146256,               0.2708
          0.00148723,               0.2709
           0.0015124,                0.271
          0.00153807,               0.2711
          0.00156426,               0.2712
          0.00159098,               0.2713
          0.00161824,               0.2714
          0.00164606,               0.2715
          0.00167446,               0.2716
          0.00170343,               0.2717
            0.001733,               0.2718
          0.00176319,               0.2719
          0.00179401,                0.272
          0.00182547,               0.2721
          0.00185758,               0.2722
          0.00189038,               0.2723
          0.00192386,               0.2724
          0.00195806,               0.2725
          0.00199299,               0.2726
          0.00202866,               0.2727
           0.0020651,               0.2728
          0.00210232,               0.2729
          0.00214035,                0.273
           0.0021792,               0.2731
          0.00221891,               0.2732
          0.00225948,               0.2733
          0.00230094,               0.2734
          0.00234332,               0.2735
          0.00238664,               0.2736
          0.00243093,               0.2737
           0.0024762,               0.2738
           0.0025225,               0.2739
          0.00256983,                0.274
          0.00261824,               0.2741
          0.00266776,               0.2742
           0.0027184,               0.2743
          0.00277021,               0.2744
          0.00282321,               0.2745
          0.00287744,               0.2746
          0.00293293,               0.2747
          0.00298972,               0.2748
          0.00304784,               0.2749
          0.00310733,                0.275
          0.00316824,               0.2751
          0.00323059,               0.2752
          0.00329444,               0.2753
          0.00335982,               0.2754
          0.00342678,               0.2755
          0.00349537,               0.2756
          0.00356563,               0.2757
          0.00363762,               0.2758
          0.00371137,               0.2759
          0.00378696,                0.276
          0.00386442,               0.2761
          0.00394382,               0.2762
          0.00402522,               0.2763
          0.00410867,               0.2764
          0.00419425,               0.2765
          0.00428201,               0.2766
          0.00437202,               0.2767
          0.00446435,               0.2768
          0.00455908,               0.2769
          0.00465628,                0.277
          0.00475603,               0.2771
          0.00485841,               0.2772
           0.0049635,               0.2773
           0.0050714,               0.2774
          0.00518219,               0.2775
          0.00529596,               0.2776
          0.00541282,               0.2777
          0.00553287,               0.2778
          0.00565621,               0.2779
          0.00578295,                0.278
          0.00591321,               0.2781
          0.00604711,               0.2782
          0.00618477,               0.2783
          0.00632632,               0.2784
          0.00647189,               0.2785
          0.00662163,               0.2786
          0.00677568,               0.2787
          0.00693419,               0.2788
          0.00709732,               0.2789
          0.00726524,                0.279
          0.00743812,               0.2791
          0.00761613,               0.2792
          0.00779947,               0.2793
          0.00798833,               0.2794
          0.00818291,               0.2795
          0.00838343,               0.2796
          0.00859012,               0.2797
          0.00880319,               0.2798
          0.00902291,               0.2799
          0.00924952,                 0.28
          0.00948328,               0.2801
          0.00972449,               0.2802
          0.00997343,               0.2803
           0.0102304,               0.2804
           0.0104957,               0.2805
           0.0107698,               0.2806
           0.0110528,               0.2807
           0.0113453,               0.2808
           0.0116476,               0.2809
           0.0119601,                0.281
           0.0122832,               0.2811
           0.0126174,               0.2812
           0.0129632,               0.2813
            0.013321,               0.2814
           0.0136914,               0.2815
           0.0140749,               0.2816
           0.0144722,               0.2817
           0.0148837,               0.2818
           0.0153102,               0.2819
           0.0157523,                0.282
           0.0162108,               0.2821
           0.0166863,               0.2822
           0.0171798,               0.2823
           0.0176919,               0.2824
           0.0182237,               0.2825
            0.018776,               0.2826
           0.0193499,               0.2827
           0.0199464,               0.2828
           0.0205666,               0.2829
           0.0212116,                0.283
           0.0218828,               0.2831
           0.0225815,               0.2832
            0.023309,               0.2833
           0.0240669,               0.2834
           0.0248568,               0.2835
           0.0256802,               0.2836
           0.0265391,               0.2837
           0.0274354,               0.2838
            0.028371,               0.2839
           0.0293482,                0.284
           0.0303693,               0.2841
           0.0314367,               0.2842
           0.0325531,               0.2843
           0.0337213,               0.2844
           0.0349443,               0.2845
           0.0362254,               0.2846
           0.0375681,               0.2847
            0.038976,               0.2848
           0.0404531,               0.2849
           0.0420038,                0.285
           0.0436325,               0.2851
           0.0453444,               0.2852
           0.0471446,               0.2853
            0.049039,               0.2854
           0.0510337,               0.2855
           0.0531354,               0.2856
           0.0553513,               0.2857
           0.0576891,               0.2858
           0.0601574,               0.2859
           0.0627653,                0.286
           0.0655225,               0.2861
             0.06844,               0.2862
           0.0715292,               0.2863
           0.0748028,               0.2864
           0.0782746,               0.2865
           0.0819596,               0.2866
            0.085874,               0.2867
           0.0900356,               0.2868
           0.0944638,               0.2869
           0.0991797,                0.287
            0.104206,               0.2871
            0.109569,               0.2872
            0.115295,               0.2873
            0.121415,               0.2874
            0.127962,               0.2875
            0.134972,               0.2876
            0.142484,               0.2877
            0.150542,               0.2878
            0.159193,               0.2879
            0.168488,                0.288
            0.178485,               0.2881
            0.189245,               0.2882
            0.200834,               0.2883
            0.213325,               0.2884
            0.226797,               0.2885
            0.241334,               0.2886
            0.257027,               0.2887
            0.273971,               0.2888
            0.292268,               0.2889
            0.312023,                0.289
            0.333342,               0.2891
            0.356333,               0.2892
            0.381098,               0.2893
            0.407732,               0.2894
            0.436314,               0.2895
            0.466901,               0.2896
            0.499516,               0.2897
            0.534134,               0.2898
            0.570673,               0.2899
            0.608969,                 0.29
            0.648767,               0.2901
            0.689695,               0.2902
            0.731254,               0.2903
             0.77281,               0.2904
            0.813591,               0.2905
            0.852702,               0.2906
            0.889156,               0.2907
            0.921923,               0.2908
            0.949989,               0.2909
            0.972439,                0.291
            0.988524,               0.2911
            0.997738,               0.2912
            0.999855,               0.2913
            0.994955,               0.2914
            0.983404,               0.2915
            0.965814,               0.2916
             0.94298,               0.2917
            0.915809,               0.2918
             0.88525,               0.2919
            0.852228,                0.292
            0.817604,               0.2921
            0.782137,               0.2922
            0.746474,               0.2923
            0.711142,               0.2924
            0.676556,               0.2925
            0.643026,               0.2926
            0.610775,               0.2927
            0.579949,               0.2928
            0.550635,               0.2929
            0.522871,                0.293
            0.496659,               0.2931
            0.471974,               0.2932
            0.448769,               0.2933
            0.426987,               0.2934
             0.40656,               0.2935
            0.387416,               0.2936
            0.369481,               0.2937
             0.35268,               0.2938
            0.336941,               0.2939
            0.322193,                0.294
            0.308369,               0.2941
            0.295404,               0.2942
             0.28324,               0.2943
            0.271818,               0.2944
            0.261087,               0.2945
            0.250998,               0.2946
            0.241505,               0.2947
            0.232566,               0.2948
            0.224142,               0.2949
            0.216196,                0.295
            0.208697,               0.2951
            0.201612,               0.2952
            0.194914,               0.2953
            0.188576,               0.2954
            0.182574,               0.2955
            0.176887,               0.2956
            0.171492,               0.2957
            0.166371,               0.2958
            0.161508,               0.2959
            0.156884,                0.296
            0.152485,               0.2961
            0.148298,               0.2962
            0.144309,               0.2963
            0.140506,               0.2964
            0.136878,               0.2965
            0.133415,               0.2966
            0.130107,               0.2967
            0.126945,               0.2968
            0.123921,               0.2969
            0.121027,                0.297
            0.118256,               0.2971
            0.115602,               0.2972
            0.113057,               0.2973
            0.110616,               0.2974
            0.108273,               0.2975
            0.106024,               0.2976
            0.103863,               0.2977
            0.101786,               0.2978
           0.0997895,               0.2979
           0.0978684,                0.298
           0.0960193,               0.2981
           0.0942388,               0.2982
           0.0925235,               0.2983
           0.0908704,               0.2984
           0.0892766,               0.2985
           0.0877393,               0.2986
           0.0862559,               0.2987
            0.084824,               0.2988
           0.0834413,               0.2989
           0.0821055,                0.299
           0.0808147,               0.2991
           0.0795669,               0.2992
           0.0783602,               0.2993
            0.077193,               0.2994
           0.0760635,               0.2995
           0.0749702,               0.2996
           0.0739116,               0.2997
           0.0728863,               0.2998
           0.0718929,               0.2999
           0.0709303,                  0.3
           0.0699972,               0.3001
           0.0690924,               0.3002
           0.0682149,               0.3003
           0.0673636,               0.3004
           0.0665376,               0.3005
           0.0657358,               0.3006
           0.0649575,               0.3007
           0.0642017,               0.3008
           0.0634676,               0.3009
           0.0627545,                0.301
           0.0620617,               0.3011
           0.0613883,               0.3012
           0.0607338,               0.3013
           0.0600975,               0.3014
           0.0594788,               0.3015
            0.058877,               0.3016
           0.0582917,               0.3017
           0.0577222,               0.3018
           0.0571681,               0.3019
           0.0566288,                0.302
            0.056104,               0.3021
           0.0555931,               0.3022
           0.0550957,               0.3023
           0.0546113,               0.3024
           0.0541397,               0.3025
           0.0536803,               0.3026
           0.0532328,               0.3027
            0.052797,               0.3028
           0.0523723,               0.3029
           0.0519585,                0.303
           0.0515553,               0.3031
           0.0511624,               0.3032
           0.0507795,               0.3033
           0.0504062,               0.3034
           0.0500424,               0.3035
           0.0496878,               0.3036
           0.0493421,               0.3037
           0.0490051,               0.3038
           0.0486765,               0.3039
           0.0483561,                0.304
           0.0480438,               0.3041
           0.0477392,               0.3042
           0.0474423,               0.3043
           0.0471527,               0.3044
           0.0468704,               0.3045
           0.0465951,               0.3046
           0.0463267,               0.3047
           0.0460649,               0.3048
           0.0458097,               0.3049
           0.0455609,                0.305
           0.0453183,               0.3051
           0.0450818,               0.3052
           0.0448512,               0.3053
           0.0446264,               0.3054
           0.0444073,               0.3055
           0.0441937,               0.3056
           0.0439856,               0.3057
           0.0437827,               0.3058
            0.043585,               0.3059
           0.0433924,                0.306
           0.0432048,               0.3061
            0.043022,               0.3062
            0.042844,               0.3063
           0.0426706,               0.3064
           0.0425018,               0.3065
           0.0423374,               0.3066
           0.0421775,               0.3067
           0.0420218,               0.3068
           0.0418703,               0.3069
            0.041723,                0.307
           0.0415797,               0.3071
           0.0414404,               0.3072
            0.041305,               0.3073
           0.0411734,               0.3074
           0.0410456,               0.3075
           0.0409215,               0.3076
            0.040801,               0.3077
            0.040684,               0.3078
           0.0405706,               0.3079
           0.0404606,                0.308
            0.040354,               0.3081
           0.0402507,               0.3082
           0.0401507,               0.3083
           0.0400539,               0.3084
           0.0399603,               0.3085
           0.0398698,               0.3086
           0.0397824,               0.3087
            0.039698,               0.3088
           0.0396166,               0.3089
           0.0395381,                0.309
           0.0394625,               0.3091
           0.0393897,               0.3092
           0.0393198,               0.3093
           0.0392526,               0.3094
           0.0391882,               0.3095
           0.0391265,               0.3096
           0.0390674,               0.3097
            0.039011,               0.3098
           0.0389571,               0.3099
           0.0389058,                 0.31
           0.0388571,               0.3101
           0.0388108,               0.3102
            0.038767,               0.3103
           0.0387256,               0.3104
           0.0386867,               0.3105
           0.0386501,               0.3106
           0.0386159,               0.3107
           0.0385841,               0.3108
           0.0385545,               0.3109
           0.0385272,                0.311
           0.0385022,               0.3111
           0.0384794,               0.3112
           0.0384589,               0.3113
           0.0384405,               0.3114
           0.0384243,               0.3115
           0.0384103,               0.3116
           0.0383984,               0.3117
           0.0383886,               0.3118
           0.0383809,               0.3119
           0.0383753,                0.312
           0.0383718,               0.3121
           0.0383703,               0.3122
           0.0383709,               0.3123
           0.0383734,               0.3124
            0.038378,               0.3125
           0.0383846,               0.3126
           0.0383931,               0.3127
           0.0384036,               0.3128
           0.0384161,               0.3129
           0.0384305,                0.313
           0.0384468,               0.3131
           0.0384651,               0.3132
           0.0384852,               0.3133
           0.0385073,               0.3134
           0.0385312,               0.3135
            0.038557,               0.3136
           0.0385847,               0.3137
           0.0386142,               0.3138
           0.0386456,               0.3139
           0.0386789,                0.314
            0.038714,               0.3141
           0.0387509,               0.3142
           0.0387896,               0.3143
           0.0388302,               0.3144
           0.0388725,               0.3145
           0.0389167,               0.3146
           0.0389627,               0.3147
           0.0390105,               0.3148
             0.03906,               0.3149
           0.0391114,                0.315
           0.0391645,               0.3151
           0.0392194,               0.3152
           0.0392762,               0.3153
           0.0393346,               0.3154
           0.0393949,               0.3155
           0.0394569,               0.3156
           0.0395207,               0.3157
           0.0395863,               0.3158
           0.0396536,               0.3159
           0.0397227,                0.316
           0.0397936,               0.3161
           0.0398662,               0.3162
           0.0399406,               0.3163
           0.0400168,               0.3164
           0.0400947,               0.3165
           0.0401744,               0.3166
           0.0402559,               0.3167
           0.0403391,               0.3168
           0.0404241,               0.3169
           0.0405109,                0.317
           0.0405995,               0.3171
           0.0406898,               0.3172
           0.0407819,               0.3173
           0.0408758,               0.3174
           0.0409715,               0.3175
            0.041069,               0.3176
           0.0411683,               0.3177
           0.0412694,               0.3178
           0.0413723,               0.3179
           0.0414769,                0.318
           0.0415834,               0.3181
           0.0416918,               0.3182
           0.0418019,               0.3183
           0.0419139,               0.3184
           0.0420277,               0.3185
           0.0421433,               0.3186
           0.0422608,               0.3187
           0.0423802,               0.3188
           0.0425014,               0.3189
           0.0426244,                0.319
           0.0427494,               0.3191
           0.0428762,               0.3192
           0.0430049,               0.3193
           0.0431355,               0.3194
           0.0432681,               0.3195
           0.0434025,               0.3196
           0.0435389,               0.3197
           0.0436771,               0.3198
           0.0438174,               0.3199
           0.0439596,                 0.32
           0.0441037,               0.3201
           0.0442498,               0.3202
           0.0443979,               0.3203
            0.044548,               0.3204
           0.0447001,               0.3205
           0.0448541,               0.3206
           0.0450103,               0.3207
           0.0451684,               0.3208
           0.0453286,               0.3209
           0.0454909,                0.321
           0.0456552,               0.3211
           0.0458216,               0.3212
           0.0459901,               0.3213
           0.0461607,               0.3214
           0.0463335,               0.3215
           0.0465083,               0.3216
           0.0466854,               0.3217
           0.0468645,               0.3218
           0.0470459,               0.3219
           0.0472295,                0.322
           0.0474152,               0.3221
           0.0476032,               0.3222
           0.0477934,               0.3223
           0.0479859,               0.3224
           0.0481806,               0.3225
           0.0483776,               0.3226
           0.0485769,               0.3227
           0.0487786,               0.3228
           0.0489825,               0.3229
           0.0491889,                0.323
           0.0493975,               0.3231
           0.0496086,               0.3232
           0.0498221,               0.3233
            0.050038,               0.3234
           0.0502563,               0.3235
           0.0504771,               0.3236
           0.0507004,               0.3237
           0.0509262,               0.3238
           0.0511545,               0.3239
           0.0513853,                0.324
           0.0516187,               0.3241
           0.0518547,               0.3242
           0.0520932,               0.3243
           0.0523344,               0.3244
           0.0525782,               0.3245
           0.0528247,               0.3246
           0.0530739,               0.3247
           0.0533258,               0.3248
           0.0535804,               0.3249
           0.0538378,                0.325
           0.0540979,               0.3251
           0.0543609,               0.3252
           0.0546267,               0.3253
           0.0548953,               0.3254
           0.0551668,               0.3255
           0.0554412,               0.3256
           0.0557185,               0.3257
           0.0559988,               0.3258
           0.0562821,               0.3259
           0.0565683,                0.326
           0.0568576,               0.3261
             0.05715,               0.3262
           0.0574454,               0.3263
            0.057744,               0.3264
           0.0580457,               0.3265
           0.0583506,               0.3266
           0.0586586,               0.3267
           0.0589699,               0.3268
           0.0592845,               0.3269
           0.0596023,                0.327
           0.0599235,               0.3271
            0.060248,               0.3272
           0.0605759,               0.3273
           0.0609072,               0.3274
            0.061242,               0.3275
           0.0615803,               0.3276
            0.061922,               0.3277
           0.0622673,               0.3278
           0.0626162,               0.3279
           0.0629687,                0.328
           0.0633249,               0.3281
           0.0636847,               0.3282
           0.0640483,               0.3283
           0.0644156,               0.3284
           0.0647867,               0.3285
           0.0651617,               0.3286
           0.0655405,               0.3287
           0.0659232,               0.3288
           0.0663099,               0.3289
           0.0667005,                0.329
           0.0670952,               0.3291
           0.0674939,               0.3292
           0.0678968,               0.3293
           0.0683038,               0.3294
            0.068715,               0.3295
           0.0691304,               0.3296
           0.0695501,               0.3297
           0.0699741,               0.3298
           0.0704024,               0.3299
           0.0708352,                 0.33
           0.0712724,               0.3301
           0.0717141,               0.3302
           0.0721603,               0.3303
           0.0726111,               0.3304
           0.0730666,               0.3305
           0.0735267,               0.3306
           0.0739916,               0.3307
           0.0744612,               0.3308
           0.0749357,               0.3309
           0.0754151,                0.331
           0.0758993,               0.3311
           0.0763886,               0.3312
           0.0768829,               0.3313
           0.0773822,               0.3314
           0.0778867,               0.3315
           0.0783964,               0.3316
           0.0789113,               0.3317
           0.0794315,               0.3318
           0.0799571,               0.3319
           0.0804881,                0.332
           0.0810245,               0.3321
           0.0815665,               0.3322
            0.082114,               0.3323
           0.0826672,               0.3324
           0.0832261,               0.3325
           0.0837908,               0.3326
           0.0843612,               0.3327
           0.0849376,               0.3328
           0.0855199,               0.3329
           0.0861082,                0.333
           0.0867026,               0.3331
           0.0873031,               0.3332
           0.0879098,               0.3333
           0.0885228,               0.3334
           0.0891421,               0.3335
           0.0897679,               0.3336
           0.0904001,               0.3337
           0.0910388,               0.3338
           0.0916841,               0.3339
           0.0923362,                0.334
            0.092995,               0.3341
           0.0936606,               0.3342
           0.0943331,               0.3343
           0.0950126,               0.3344
           0.0956991,               0.3345
           0.0963928,               0.3346
           0.0970937,               0.3347
           0.0978018,               0.3348
           0.0985173,               0.3349
           0.0992402,                0.335
           0.0999707,               0.3351
            0.100709,               0.3352
            0.101454,               0.3353
            0.102208,               0.3354
            0.102969,               0.3355
            0.103739,               0.3356
            0.104516,               0.3357
            0.105301,               0.3358
            0.106095,               0.3359
            0.106897,                0.336
            0.107707,               0.3361
            0.108526,               0.3362
            0.109353,               0.3363
            0.110189,               0.3364
            0.111034,               0.3365
            0.111887,               0.3366
            0.112749,               0.3367
            0.113621,               0.3368
            0.114501,               0.3369
            0.115391,                0.337
             0.11629,               0.3371
            0.117199,               0.3372
            0.118117,               0.3373
            0.119044,               0.3374
            0.119982,               0.3375
            0.120929,               0.3376
            0.121886,               0.3377
            0.122853,               0.3378
            0.123831,               0.3379
            0.124818,                0.338
            0.125816,               0.3381
            0.126825,               0.3382
            0.127844,               0.3383
            0.128873,               0.3384
            0.129914,               0.3385
            0.130965,               0.3386
            0.132028,               0.3387
            0.133102,               0.3388
            0.134187,               0.3389
            0.135283,                0.339
            0.136391,               0.3391
            0.137511,               0.3392
            0.138642,               0.3393
            0.139785,               0.3394
            0.140941,               0.3395
            0.142108,               0.3396
            0.143288,               0.3397
             0.14448,               0.3398
            0.145684,               0.3399
            0.146902,                 0.34
            0.148132,               0.3401
            0.149375,               0.3402
            0.150631,               0.3403
              0.1519,               0.3404
            0.153183,               0.3405
            0.154479,               0.3406
            0.155788,               0.3407
            0.157112,               0.3408
            0.158449,               0.3409
              0.1598,                0.341
            0.161166,               0.3411
            0.162546,               0.3412
             0.16394,               0.3413
            0.165349,               0.3414
            0.166772,               0.3415
            0.168211,               0.3416
            0.169664,               0.3417
            0.171133,               0.3418
            0.172617,               0.3419
            0.174117,                0.342
            0.175632,               0.3421
            0.177163,               0.3422
             0.17871,               0.3423
            0.180273,               0.3424
            0.181852,               0.3425
            0.183447,               0.3426
             0.18506,               0.3427
            0.186688,               0.3428
            0.188334,               0.3429
            0.189997,                0.343
            0.191677,               0.3431
            0.193374,               0.3432
            0.195089,               0.3433
            0.196821,               0.3434
            0.198572,               0.3435
             0.20034,               0.3436
            0.202126,               0.3437
            0.203931,               0.3438
            0.205754,               0.3439
            0.207596,                0.344
            0.209457,               0.3441
            0.211336,               0.3442
            0.213235,               0.3443
            0.215153,               0.3444
             0.21709,               0.3445
            0.219047,               0.3446
            0.221024,               0.3447
            0.223021,               0.3448
            0.225037,               0.3449
            0.227074,                0.345
            0.229132,               0.3451
             0.23121,               0.3452
            0.233308,               0.3453
            0.235428,               0.3454
            0.237568,               0.3455
             0.23973,               0.3456
            0.241913,               0.3457
            0.244118,               0.3458
            0.246344,               0.3459
            0.248592,                0.346
            0.250862,               0.3461
            0.253154,               0.3462
            0.255468,               0.3463
            0.257805,               0.3464
            0.260165,               0.3465
            0.262547,               0.3466
            0.264951,               0.3467
            0.267379,               0.3468
             0.26983,               0.3469
            0.272305,                0.347
            0.274802,               0.3471
            0.277323,               0.3472
            0.279868,               0.3473
            0.282437,               0.3474
            0.285029,               0.3475
            0.287645,               0.3476
            0.290286,               0.3477
            0.292951,               0.3478
             0.29564,               0.3479
            0.298354,                0.348
            0.301092,               0.3481
            0.303855,               0.3482
            0.306643,               0.3483
            0.309455,               0.3484
            0.312293,               0.3485
            0.315155,               0.3486
            0.318043,               0.3487
            0.320955,               0.3488
            0.323894,               0.3489
            0.326857,                0.349
            0.329846,               0.3491
             0.33286,               0.3492
            0.335899,               0.3493
            0.338965,               0.3494
            0.342055,               0.3495
            0.345172,               0.3496
            0.348313,               0.3497
            0.351481,               0.3498
            0.354674,               0.3499
            0.357893,                 0.35
            0.361138,               0.3501
            0.364408,               0.3502
            0.367703,               0.3503
            0.371025,               0.3504
            0.374372,               0.3505
            0.377744,               0.3506
            0.381142,               0.3507
            0.384565,               0.3508
            0.388014,               0.3509
            0.391488,                0.351
            0.394987,               0.3511
            0.398511,               0.3512
             0.40206,               0.3513
            0.405634,               0.3514
            0.409233,               0.3515
            0.412857,               0.3516
            0.416505,               0.3517
            0.420177,               0.3518
            0.423874,               0.3519
            0.427594,                0.352
            0.431339,               0.3521
            0.435107,               0.3522
            0.438899,               0.3523
            0.442713,               0.3524
            0.446551,               0.3525
            0.450412,               0.3526
            0.454295,               0.3527
              0.4582,               0.3528
            0.462128,               0.3529
            0.466077,                0.353
            0.470048,               0.3531
            0.474039,               0.3532
            0.478052,               0.3533
            0.482085,               0.3534
            0.486138,               0.3535
            0.490211,               0.3536
            0.494303,               0.3537
            0.498414,               0.3538
            0.502544,               0.3539
            0.506693,                0.354
            0.510859,               0.3541
            0.515042,               0.3542
            0.519242,               0.3543
            0.523459,               0.3544
            0.527692,               0.3545
             0.53194,               0.3546
            0.536203,               0.3547
            0.540481,               0.3548
            0.544773,               0.3549
            0.549078,                0.355
            0.553397,               0.3551
            0.557727,               0.3552
             0.56207,               0.3553
            0.566423,               0.3554
            0.570788,               0.3555
            0.575162,               0.3556
            0.579546,               0.3557
            0.583938,               0.3558
            0.588339,               0.3559
            0.592747,                0.356
            0.597162,               0.3561
            0.601583,               0.3562
             0.60601,               0.3563
            0.610441,               0.3564
            0.614877,               0.3565
            0.619316,               0.3566
            0.623758,               0.3567
            0.628201,               0.3568
            0.632646,               0.3569
            0.637092,                0.357
            0.641537,               0.3571
            0.645981,               0.3572
            0.650423,               0.3573
            0.654863,               0.3574
            0.659299,               0.3575
            0.663732,               0.3576
            0.668159,               0.3577
            0.672581,               0.3578
            0.676996,               0.3579
            0.681404,                0.358
            0.685804,               0.3581
            0.690195,               0.3582
            0.694577,               0.3583
            0.698948,               0.3584
            0.703307,               0.3585
            0.707655,               0.3586
             0.71199,               0.3587
            0.716311,               0.3588
            0.720617,               0.3589
            0.724908,                0.359
            0.729184,               0.3591
            0.733442,               0.3592
            0.737682,               0.3593
            0.741904,               0.3594
            0.746107,               0.3595
             0.75029,               0.3596
            0.754452,               0.3597
            0.758592,               0.3598
             0.76271,               0.3599
            0.766805,                 0.36
            0.770876,               0.3601
            0.774923,               0.3602
            0.778944,               0.3603
            0.782939,               0.3604
            0.786907,               0.3605
            0.790848,               0.3606
            0.794761,               0.3607
            0.798645,               0.3608
              0.8025,               0.3609
            0.806324,                0.361
            0.810118,               0.3611
             0.81388,               0.3612
            0.817611,               0.3613
            0.821308,               0.3614
            0.824973,               0.3615
            0.828604,               0.3616
            0.832201,               0.3617
            0.835763,               0.3618
            0.839289,               0.3619
             0.84278,                0.362
            0.846235,               0.3621
            0.849652,               0.3622
            0.853033,               0.3623
            0.856376,               0.3624
             0.85968,               0.3625
            0.862947,               0.3626
            0.866174,               0.3627
            0.869363,               0.3628
            0.872511,               0.3629
             0.87562,                0.363
            0.878689,               0.3631
            0.881718,               0.3632
            0.884705,               0.3633
            0.887652,               0.3634
            0.890557,               0.3635
            0.893422,               0.3636
            0.896244,               0.3637
            0.899025,               0.3638
            0.901764,               0.3639
            0.904461,                0.364
            0.907115,               0.3641
            0.909728,               0.3642
            0.912298,               0.3643
            0.914826,               0.3644
            0.917311,               0.3645
            0.919754,               0.3646
            0.922155,               0.3647
            0.924513,               0.3648
            0.926829,               0.3649
            0.929102,                0.365
            0.931334,               0.3651
            0.933523,               0.3652
             0.93567,               0.3653
            0.937775,               0.3654
            0.939838,               0.3655
            0.941859,               0.3656
            0.943839,               0.3657
            0.945778,               0.3658
            0.947675,               0.3659
            0.949532,                0.366
            0.951347,               0.3661
            0.953123,               0.3662
            0.954858,               0.3663
            0.956553,               0.3664
            0.958209,               0.3665
            0.959825,               0.3666
            0.961402,               0.3667
             0.96294,               0.3668
            0.964439,               0.3669
            0.965901,                0.367
            0.967325,               0.3671
            0.968711,               0.3672
             0.97006,               0.3673
            0.971373,               0.3674
            0.972649,               0.3675
            0.973889,               0.3676
            0.975094,               0.3677
            0.976264,               0.3678
            0.977398,               0.3679
            0.978499,                0.368
            0.979566,               0.3681
            0.980599,               0.3682
            0.981599,               0.3683
            0.982567,               0.3684
            0.983502,               0.3685
            0.984406,               0.3686
            0.985279,               0.3687
             0.98612,               0.3688
            0.986932,               0.3689
            0.987714,                0.369
            0.988466,               0.3691
            0.989189,               0.3692
            0.989884,               0.3693
            0.990552,               0.3694
            0.991191,               0.3695
            0.991804,               0.3696
             0.99239,               0.3697
             0.99295,               0.3698
            0.993485,               0.3699
            0.993994,                 0.37
            0.994479,               0.3701
             0.99494,               0.3702
            0.995377,               0.3703
            0.995791,               0.3704
            0.996183,               0.3705
            0.996552,               0.3706
            0.996899,               0.3707
            0.997226,               0.3708
            0.997531,               0.3709
            0.997816,                0.371
            0.998082,               0.3711
            0.998328,               0.3712
            0.998555,               0.3713
            0.998763,               0.3714
            0.998954,               0.3715
            0.999127,               0.3716
            0.999283,               0.3717
            0.999422,               0.3718
            0.999546,               0.3719
            0.999653,                0.372
            0.999745,               0.3721
            0.999822,               0.3722
            0.999885,               0.3723
            0.999934,               0.3724
            0.999969,               0.3725
            0.999991,               0.3726
                   1,               0.3727
            0.999996,               0.3728
            0.999981,               0.3729
            0.999954,                0.373
            0.999916,               0.3731
            0.999867,               0.3732
            0.999807,               0.3733
            0.999738,               0.3734
            0.999658,               0.3735
             0.99957,               0.3736
            0.999472,               0.3737
            0.999366,               0.3738
            0.999251,               0.3739
            0.999129,                0.374
            0.998999,               0.3741
            0.998862,               0.3742
            0.998717,               0.3743
            0.998567,               0.3744
             0.99841,               0.3745
            0.998247,               0.3746
            0.998078,               0.3747
            0.997904,               0.3748
            0.997725,               0.3749
            0.997541,                0.375
            0.997353,               0.3751
             0.99716,               0.3752
            0.996964,               0.3753
            0.996763,               0.3754
             0.99656,               0.3755
            0.996353,               0.3756
            0.996144,               0.3757
            0.995932,               0.3758
            0.995718,               0.3759
            0.995501,                0.376
            0.995283,               0.3761
            0.995063,               0.3762
            0.994841,               0.3763
            0.994619,               0.3764
            0.994395,               0.3765
             0.99417,               0.3766
            0.993946,               0.3767
             0.99372,               0.3768
            0.993495,               0.3769
            0.993269,                0.377
            0.993044,               0.3771
            0.992819,               0.3772
            0.992595,               0.3773
            0.992372,               0.3774
            0.992149,               0.3775
            0.991928,               0.3776
            0.991708,               0.3777
            0.991489,               0.3778
            0.991272,               0.3779
            0.991057,                0.378
            0.990843,               0.3781
            0.990632,               0.3782
            0.990422,               0.3783
            0.990215,               0.3784
             0.99001,               0.3785
            0.989808,               0.3786
            0.989609,               0.3787
            0.989412,               0.3788
            0.989219,               0.3789
            0.989028,                0.379
             0.98884,               0.3791
            0.988656,               0.3792
            0.988474,               0.3793
            0.988297,               0.3794
            0.988123,               0.3795
            0.987952,               0.3796
            0.987785,               0.3797
            0.987622,               0.3798
            0.987462,               0.3799
            0.987307,                 0.38
            0.987155,               0.3801
            0.987008,               0.3802
            0.986864,               0.3803
            0.986725,               0.3804
             0.98659,               0.3805
             0.98646,               0.3806
            0.986333,               0.3807
            0.986211,               0.3808
            0.986094,               0.3809
            0.985981,                0.381
            0.985872,               0.3811
            0.985768,               0.3812
            0.985669,               0.3813
            0.985574,               0.3814
            0.985484,               0.3815
            0.985399,               0.3816
            0.985318,               0.3817
            0.985242,               0.3818
            0.985171,               0.3819
            0.985104,                0.382
            0.985042,               0.3821
            0.984985,               0.3822
            0.984933,               0.3823
            0.984886,               0.3824
            0.984843,               0.3825
            0.984806,               0.3826
            0.984773,               0.3827
            0.984745,               0.3828
            0.984722,               0.3829
            0.984703,                0.383
            0.984689,               0.3831
             0.98468,               0.3832
            0.984676,               0.3833
            0.984677,               0.3834
            0.984682,               0.3835
            0.984692,               0.3836
            0.984707,               0.3837
            0.984726,               0.3838
             0.98475,               0.3839
            0.984778,                0.384
            0.984812,               0.3841
            0.984849,               0.3842
            0.984891,               0.3843
            0.984938,               0.3844
            0.984989,               0.3845
            0.985045,               0.3846
            0.985104,               0.3847
            0.985168,               0.3848
            0.985237,               0.3849
            0.985309,                0.385
            0.985386,               0.3851
            0.985467,               0.3852
            0.985552,               0.3853
            0.985641,               0.3854
            0.985734,               0.3855
            0.985831,               0.3856
            0.985931,               0.3857
            0.986036,               0.3858
            0.986144,               0.3859
            0.986255,                0.386
            0.986371,               0.3861
             0.98649,               0.3862
            0.986612,               0.3863
            0.986738,               0.3864
            0.986867,               0.3865
            0.986999,               0.3866
            0.987135,               0.3867
            0.987273,               0.3868
            0.987415,               0.3869
            0.987559,                0.387
            0.987706,               0.3871
            0.987857,               0.3872
            0.988009,               0.3873
            0.988165,               0.3874
            0.988323,               0.3875
            0.988483,               0.3876
            0.988646,               0.3877
            0.988811,               0.3878
            0.988979,               0.3879
            0.989148,                0.388
            0.989319,               0.3881
            0.989493,               0.3882
            0.989668,               0.3883
            0.989845,               0.3884
            0.990023,               0.3885
            0.990203,               0.3886
            0.990384,               0.3887
            0.990567,               0.3888
            0.990751,               0.3889
            0.990936,                0.389
            0.991123,               0.3891
             0.99131,               0.3892
            0.991498,               0.3893
            0.991686,               0.3894
            0.991875,               0.3895
            0.992065,               0.3896
            0.992255,               0.3897
            0.992446,               0.3898
            0.992637,               0.3899
            0.992827,                 0.39
            0.993018,               0.3901
            0.993209,               0.3902
            0.993399,               0.3903
            0.993589,               0.3904
            0.993778,               0.3905
            0.993967,               0.3906
            0.994155,               0.3907
            0.994343,               0.3908
            0.994529,               0.3909
            0.994714,                0.391
            0.994898,               0.3911
            0.995081,               0.3912
            0.995263,               0.3913
            0.995443,               0.3914
            0.995621,               0.3915
            0.995797,               0.3916
            0.995972,               0.3917
            0.996144,               0.3918
            0.996315,               0.3919
            0.996483,                0.392
            0.996649,               0.3921
            0.996812,               0.3922
            0.996973,               0.3923
            0.997131,               0.3924
            0.997286,               0.3925
            0.997438,               0.3926
            0.997587,               0.3927
            0.997733,               0.3928
            0.997875,               0.3929
            0.998014,                0.393
             0.99815,               0.3931
            0.998281,               0.3932
            0.998409,               0.3933
            0.998533,               0.3934
            0.998652,               0.3935
            0.998768,               0.3936
            0.998879,               0.3937
            0.998986,               0.3938
            0.999088,               0.3939
            0.999185,                0.394
            0.999277,               0.3941
            0.999365,               0.3942
            0.999447,               0.3943
            0.999524,               0.3944
            0.999596,               0.3945
            0.999663,               0.3946
            0.999724,               0.3947
            0.999779,               0.3948
            0.999828,               0.3949
            0.999871,                0.395
            0.999909,               0.3951
             0.99994,               0.3952
            0.999964,               0.3953
            0.999983,               0.3954
            0.999995,               0.3955
                   1,               0.3956
            0.999998,               0.3957
             0.99999,               0.3958
            0.999974,               0.3959
            0.999951,                0.396
            0.999922,               0.3961
            0.999884,               0.3962
             0.99984,               0.3963
            0.999787,               0.3964
            0.999727,               0.3965
             0.99966,               0.3966
            0.999584,               0.3967
              0.9995,               0.3968
            0.999408,               0.3969
            0.999308,                0.397
              0.9992,               0.3971
            0.999083,               0.3972
            0.998958,               0.3973
            0.998823,               0.3974
            0.998681,               0.3975
            0.998529,               0.3976
            0.998368,               0.3977
            0.998199,               0.3978
             0.99802,               0.3979
            0.997832,                0.398
            0.997634,               0.3981
            0.997428,               0.3982
            0.997211,               0.3983
            0.996985,               0.3984
             0.99675,               0.3985
            0.996504,               0.3986
            0.996249,               0.3987
            0.995984,               0.3988
            0.995708,               0.3989
            0.995423,                0.399
            0.995127,               0.3991
            0.994821,               0.3992
            0.994505,               0.3993
            0.994178,               0.3994
            0.993841,               0.3995
            0.993493,               0.3996
            0.993135,               0.3997
            0.992766,               0.3998
            0.992386,               0.3999
            0.991995,                  0.4
            0.991593,               0.4001
            0.991181,               0.4002
            0.990757,               0.4003
            0.990322,               0.4004
            0.989876,               0.4005
            0.989419,               0.4006
            0.988951,               0.4007
            0.988471,               0.4008
             0.98798,               0.4009
            0.987478,                0.401
            0.986964,               0.4011
            0.986439,               0.4012
            0.985902,               0.4013
            0.985353,               0.4014
            0.984793,               0.4015
            0.984221,               0.4016
            0.983638,               0.4017
            0.983043,               0.4018
            0.982436,               0.4019
            0.981818,                0.402
            0.981187,               0.4021
            0.980545,               0.4022
            0.979891,               0.4023
            0.979225,               0.4024
            0.978548,               0.4025
            0.977858,               0.4026
            0.977157,               0.4027
            0.976443,               0.4028
            0.975718,               0.4029
            0.974981,                0.403
            0.974232,               0.4031
            0.973471,               0.4032
            0.972698,               0.4033
            0.971913,               0.4034
            0.971116,               0.4035
            0.970308,               0.4036
            0.969487,               0.4037
            0.968655,               0.4038
             0.96781,               0.4039
            0.966954,                0.404
            0.966086,               0.4041
            0.965206,               0.4042
            0.964314,               0.4043
            0.963411,               0.4044
            0.962496,               0.4045
            0.961569,               0.4046
             0.96063,               0.4047
             0.95968,               0.4048
            0.958718,               0.4049
            0.957744,                0.405
            0.956759,               0.4051
            0.955762,               0.4052
            0.954754,               0.4053
            0.953734,               0.4054
            0.952703,               0.4055
             0.95166,               0.4056
            0.950607,               0.4057
            0.949542,               0.4058
            0.948465,               0.4059
            0.947378,                0.406
            0.946279,               0.4061
             0.94517,               0.4062
            0.944049,               0.4063
            0.942917,               0.4064
            0.941775,               0.4065
            0.940622,               0.4066
            0.939458,               0.4067
            0.938283,               0.4068
            0.937098,               0.4069
            0.935902,                0.407
            0.934696,               0.4071
            0.933479,               0.4072
            0.932252,               0.4073
            0.931015,               0.4074
            0.929767,               0.4075
             0.92851,               0.4076
            0.927242,               0.4077
            0.925965,               0.4078
            0.924677,               0.4079
             0.92338,                0.408
            0.922074,               0.4081
            0.920757,               0.4082
            0.919431,               0.4083
            0.918096,               0.4084
            0.916752,               0.4085
            0.915398,               0.4086
            0.914035,               0.4087
            0.912663,               0.4088
            0.911282,               0.4089
            0.909892,                0.409
            0.908494,               0.4091
            0.907087,               0.4092
            0.905671,               0.4093
            0.904247,               0.4094
            0.902814,               0.4095
            0.901374,               0.4096
            0.899925,               0.4097
            0.898468,               0.4098
            0.897003,               0.4099
             0.89553,                 0.41
             0.89405,               0.4101
            0.892562,               0.4102
            0.891066,               0.4103
            0.889563,               0.4104
            0.888053,               0.4105
            0.886536,               0.4106
            0.885011,               0.4107
             0.88348,               0.4108
            0.881941,               0.4109
            0.880396,                0.411
            0.878844,               0.4111
            0.877286,               0.4112
            0.875722,               0.4113
            0.874151,               0.4114
            0.872574,               0.4115
             0.87099,               0.4116
            0.869401,               0.4117
            0.867806,               0.4118
            0.866206,               0.4119
            0.864599,                0.412
            0.862988,               0.4121
            0.861371,               0.4122
            0.859748,               0.4123
            0.858121,               0.4124
            0.856488,               0.4125
             0.85485,               0.4126
            0.853208,               0.4127
            0.851561,               0.4128
             0.84991,               0.4129
            0.848254,                0.413
            0.846593,               0.4131
            0.844929,               0.4132
             0.84326,               0.4133
            0.841587,               0.4134
            0.839911,               0.4135
             0.83823,               0.4136
            0.836546,               0.4137
            0.834859,               0.4138
            0.833168,               0.4139
            0.831473,                0.414
            0.829776,               0.4141
            0.828075,               0.4142
            0.826372,               0.4143
            0.824665,               0.4144
            0.822956,               0.4145
            0.821244,               0.4146
             0.81953,               0.4147
            0.817813,               0.4148
            0.816094,               0.4149
            0.814372,                0.415
            0.812649,               0.4151
            0.810924,               0.4152
            0.809196,               0.4153
            0.807467,               0.4154
            0.805736,               0.4155
            0.804004,               0.4156
             0.80227,               0.4157
            0.800535,               0.4158
            0.798799,               0.4159
            0.797061,                0.416
            0.795322,               0.4161
            0.793583,               0.4162
            0.791843,               0.4163
            0.790101,               0.4164
             0.78836,               0.4165
            0.786617,               0.4166
            0.784874,               0.4167
            0.783131,               0.4168
            0.781388,               0.4169
            0.779644,                0.417
            0.777901,               0.4171
            0.776157,               0.4172
            0.774414,               0.4173
            0.772671,               0.4174
            0.770928,               0.4175
            0.769185,               0.4176
            0.767443,               0.4177
            0.765702,               0.4178
            0.763961,               0.4179
            0.762221,                0.418
            0.760481,               0.4181
            0.758743,               0.4182
            0.757006,               0.4183
             0.75527,               0.4184
            0.753535,               0.4185
            0.751801,               0.4186
            0.750069,               0.4187
            0.748338,               0.4188
            0.746608,               0.4189
            0.744881,                0.419
            0.743154,               0.4191
             0.74143,               0.4192
            0.739707,               0.4193
            0.737987,               0.4194
            0.736268,               0.4195
            0.734551,               0.4196
            0.732836,               0.4197
            0.731124,               0.4198
            0.729414,               0.4199
            0.727706,                 0.42
               0.726,               0.4201
            0.724297,               0.4202
            0.722597,               0.4203
            0.720899,               0.4204
            0.719204,               0.4205
            0.717511,               0.4206
            0.715822,               0.4207
            0.714135,               0.4208
            0.712451,               0.4209
             0.71077,                0.421
            0.709092,               0.4211
            0.707417,               0.4212
            0.705746,               0.4213
            0.704077,               0.4214
            0.702412,               0.4215
             0.70075,               0.4216
            0.699092,               0.4217
            0.697437,               0.4218
            0.695785,               0.4219
            0.694137,                0.422
            0.692493,               0.4221
            0.690852,               0.4222
            0.689215,               0.4223
            0.687582,               0.4224
            0.685952,               0.4225
            0.684326,               0.4226
            0.682705,               0.4227
            0.681087,               0.4228
            0.679473,               0.4229
            0.677863,                0.423
            0.676257,               0.4231
            0.674655,               0.4232
            0.673057,               0.4233
            0.671464,               0.4234
            0.669875,               0.4235
             0.66829,               0.4236
            0.666709,               0.4237
            0.665133,               0.4238
            0.663561,               0.4239
            0.661993,                0.424
             0.66043,               0.4241
            0.658872,               0.4242
            0.657317,               0.4243
            0.655768,               0.4244
            0.654223,               0.4245
            0.652683,               0.4246
            0.651147,               0.4247
            0.649616,               0.4248
            0.648089,               0.4249
            0.646568,                0.425
            0.645051,               0.4251
            0.643539,               0.4252
            0.642032,               0.4253
            0.640529,               0.4254
            0.639032,               0.4255
            0.637539,               0.4256
            0.636051,               0.4257
            0.634568,               0.4258
             0.63309,               0.4259
            0.631617,                0.426
             0.63015,               0.4261
            0.628687,               0.4262
            0.627229,               0.4263
            0.625776,               0.4264
            0.624328,               0.4265
            0.622886,               0.4266
            0.621448,               0.4267
            0.620016,               0.4268
            0.618589,               0.4269
            0.617167,                0.427
             0.61575,               0.4271
            0.614338,               0.4272
            0.612932,               0.4273
            0.611531,               0.4274
            0.610135,               0.4275
            0.608744,               0.4276
            0.607359,               0.4277
            0.605979,               0.4278
            0.604604,               0.4279
            0.603234,                0.428
             0.60187,               0.4281
            0.600511,               0.4282
            0.599157,               0.4283
            0.597809,               0.4284
            0.596466,               0.4285
            0.595129,               0.4286
            0.593797,               0.4287
             0.59247,               0.4288
            0.591148,               0.4289
            0.589832,                0.429
            0.588522,               0.4291
            0.587216,               0.4292
            0.585917,               0.4293
            0.584622,               0.4294
            0.583333,               0.4295
             0.58205,               0.4296
            0.580771,               0.4297
            0.579499,               0.4298
            0.578231,               0.4299
            0.576969,                 0.43
            0.575713,               0.4301
            0.574462,               0.4302
            0.573216,               0.4303
            0.571976,               0.4304
            0.570741,               0.4305
            0.569512,               0.4306
            0.568288,               0.4307
             0.56707,               0.4308
            0.565856,               0.4309
            0.564649,                0.431
            0.563447,               0.4311
             0.56225,               0.4312
            0.561059,               0.4313
            0.559873,               0.4314
            0.558692,               0.4315
            0.557517,               0.4316
            0.556348,               0.4317
            0.555184,               0.4318
            0.554025,               0.4319
            0.552871,                0.432
            0.551723,               0.4321
            0.550581,               0.4322
            0.549444,               0.4323
            0.548312,               0.4324
            0.547186,               0.4325
            0.546065,               0.4326
            0.544949,               0.4327
            0.543839,               0.4328
            0.542734,               0.4329
            0.541634,                0.433
             0.54054,               0.4331
            0.539451,               0.4332
            0.538368,               0.4333
            0.537289,               0.4334
            0.536216,               0.4335
            0.535149,               0.4336
            0.534087,               0.4337
             0.53303,               0.4338
            0.531978,               0.4339
            0.530932,                0.434
            0.529891,               0.4341
            0.528855,               0.4342
            0.527824,               0.4343
            0.526799,               0.4344
            0.525779,               0.4345
            0.524764,               0.4346
            0.523754,               0.4347
             0.52275,               0.4348
            0.521751,               0.4349
            0.520757,                0.435
            0.519768,               0.4351
            0.518784,               0.4352
            0.517806,               0.4353
            0.516833,               0.4354
            0.515864,               0.4355
            0.514901,               0.4356
            0.513944,               0.4357
            0.512991,               0.4358
            0.512043,               0.4359
            0.511101,                0.436
            0.510163,               0.4361
            0.509231,               0.4362
            0.508303,               0.4363
            0.507381,               0.4364
            0.506464,               0.4365
            0.505551,               0.4366
            0.504644,               0.4367
            0.503742,               0.4368
            0.502845,               0.4369
            0.501953,                0.437
            0.501065,               0.4371
            0.500183,               0.4372
            0.499306,               0.4373
            0.498433,               0.4374
            0.497566,               0.4375
            0.496703,               0.4376
            0.495845,               0.4377
            0.494993,               0.4378
            0.494145,               0.4379
            0.493302,                0.438
            0.492464,               0.4381
             0.49163,               0.4382
            0.490802,               0.4383
            0.489978,               0.4384
            0.489159,               0.4385
            0.488345,               0.4386
            0.487536,               0.4387
            0.486731,               0.4388
            0.485931,               0.4389
            0.485136,                0.439
            0.484346,               0.4391
             0.48356,               0.4392
            0.482779,               0.4393
            0.482003,               0.4394
            0.481231,               0.4395
            0.480464,               0.4396
            0.479702,               0.4397
            0.478945,               0.4398
            0.478192,               0.4399
            0.477443,                 0.44
            0.476699,               0.4401
             0.47596,               0.4402
            0.475226,               0.4403
            0.474496,               0.4404
             0.47377,               0.4405
            0.473049,               0.4406
            0.472333,               0.4407
            0.471621,               0.4408
            0.470914,               0.4409
            0.470211,                0.441
            0.469512,               0.4411
            0.468818,               0.4412
            0.468129,               0.4413
            0.467444,               0.4414
            0.466763,               0.4415
            0.466087,               0.4416
            0.465415,               0.4417
            0.464747,               0.4418
            0.464084,               0.4419
            0.463425,                0.442
            0.462771,               0.4421
            0.462121,               0.4422
            0.461475,               0.4423
            0.460834,               0.4424
            0.460197,               0.4425
            0.459564,               0.4426
            0.458935,               0.4427
            0.458311,               0.4428
            0.457691,               0.4429
            0.457075,                0.443
            0.456463,               0.4431
            0.455856,               0.4432
            0.455253,               0.4433
            0.454654,               0.4434
            0.454059,               0.4435
            0.453468,               0.4436
            0.452881,               0.4437
            0.452299,               0.4438
            0.451721,               0.4439
            0.451147,                0.444
            0.450576,               0.4441
            0.450011,               0.4442
            0.449449,               0.4443
            0.448891,               0.4444
            0.448337,               0.4445
            0.447787,               0.4446
            0.447241,               0.4447
              0.4467,               0.4448
            0.446162,               0.4449
            0.445628,                0.445
            0.445098,               0.4451
            0.444573,               0.4452
            0.444051,               0.4453
            0.443533,               0.4454
            0.443019,               0.4455
            0.442509,               0.4456
            0.442003,               0.4457
            0.441501,               0.4458
            0.441002,               0.4459
            0.440508,                0.446
            0.440017,               0.4461
            0.439531,               0.4462
            0.439048,               0.4463
            0.438569,               0.4464
            0.438093,               0.4465
            0.437622,               0.4466
            0.437154,               0.4467
             0.43669,               0.4468
             0.43623,               0.4469
            0.435774,                0.447
            0.435321,               0.4471
            0.434873,               0.4472
            0.434428,               0.4473
            0.433986,               0.4474
            0.433548,               0.4475
            0.433115,               0.4476
            0.432684,               0.4477
            0.432258,               0.4478
            0.431835,               0.4479
            0.431415,                0.448
               0.431,               0.4481
            0.430588,               0.4482
            0.430179,               0.4483
            0.429775,               0.4484
            0.429374,               0.4485
            0.428976,               0.4486
            0.428582,               0.4487
            0.428192,               0.4488
            0.427805,               0.4489
            0.427422,                0.449
            0.427042,               0.4491
            0.426666,               0.4492
            0.426293,               0.4493
            0.425924,               0.4494
            0.425558,               0.4495
            0.425196,               0.4496
            0.424838,               0.4497
            0.424482,               0.4498
            0.424131,               0.4499
            0.423782,                 0.45
            0.423438,               0.4501
            0.423096,               0.4502
            0.422758,               0.4503
            0.422424,               0.4504
            0.422093,               0.4505
            0.421765,               0.4506
            0.421441,               0.4507
             0.42112,               0.4508
            0.420802,               0.4509
            0.420488,                0.451
            0.420177,               0.4511
             0.41987,               0.4512
            0.419566,               0.4513
            0.419265,               0.4514
            0.418968,               0.4515
            0.418673,               0.4516
            0.418383,               0.4517
            0.418095,               0.4518
            0.417811,               0.4519
             0.41753,                0.452
            0.417252,               0.4521
            0.416978,               0.4522
            0.416707,               0.4523
            0.416439,               0.4524
            0.416174,               0.4525
            0.415913,               0.4526
            0.415654,               0.4527
            0.415399,               0.4528
            0.415148,               0.4529
            0.414899,                0.453
            0.414654,               0.4531
            0.414411,               0.4532
            0.414172,               0.4533
            0.413936,               0.4534
            0.413704,               0.4535
            0.413474,               0.4536
            0.413248,               0.4537
            0.413025,               0.4538
            0.412804,               0.4539
            0.412587,                0.454
            0.412374,               0.4541
            0.412163,               0.4542
            0.411955,               0.4543
            0.411751,               0.4544
            0.411549,               0.4545
            0.411351,               0.4546
            0.411155,               0.4547
            0.410963,               0.4548
            0.410774,               0.4549
            0.410588,                0.455
            0.410405,               0.4551
            0.410225,               0.4552
            0.410048,               0.4553
            0.409874,               0.4554
            0.409703,               0.4555
            0.409535,               0.4556
             0.40937,               0.4557
            0.409208,               0.4558
            0.409049,               0.4559
            0.408893,                0.456
             0.40874,               0.4561
             0.40859,               0.4562
            0.408443,               0.4563
            0.408299,               0.4564
            0.408158,               0.4565
             0.40802,               0.4566
            0.407885,               0.4567
            0.407752,               0.4568
            0.407623,               0.4569
            0.407497,                0.457
            0.407373,               0.4571
            0.407253,               0.4572
            0.407135,               0.4573
             0.40702,               0.4574
            0.406909,               0.4575
              0.4068,               0.4576
            0.406694,               0.4577
            0.406591,               0.4578
             0.40649,               0.4579
            0.406393,                0.458
            0.406299,               0.4581
            0.406207,               0.4582
            0.406118,               0.4583
            0.406032,               0.4584
            0.405949,               0.4585
            0.405869,               0.4586
            0.405791,               0.4587
            0.405717,               0.4588
            0.405645,               0.4589
            0.405576,                0.459
             0.40551,               0.4591
            0.405447,               0.4592
            0.405387,               0.4593
            0.405329,               0.4594
            0.405274,               0.4595
            0.405222,               0.4596
            0.405173,               0.4597
            0.405126,               0.4598
            0.405083,               0.4599
            0.405042,                 0.46
            0.405004,               0.4601
            0.404968,               0.4602
            0.404936,               0.4603
            0.404906,               0.4604
            0.404879,               0.4605
            0.404855,               0.4606
            0.404833,               0.4607
            0.404814,               0.4608
            0.404798,               0.4609
            0.404785,                0.461
            0.404774,               0.4611
            0.404766,               0.4612
            0.404761,               0.4613
            0.404759,               0.4614
            0.404759,               0.4615
            0.404762,               0.4616
            0.404768,               0.4617
            0.404776,               0.4618
            0.404787,               0.4619
            0.404801,                0.462
            0.404818,               0.4621
            0.404837,               0.4622
            0.404859,               0.4623
            0.404883,               0.4624
            0.404911,               0.4625
            0.404941,               0.4626
            0.404973,               0.4627
            0.405009,               0.4628
            0.405047,               0.4629
            0.405087,                0.463
            0.405131,               0.4631
            0.405177,               0.4632
            0.405225,               0.4633
            0.405277,               0.4634
            0.405331,               0.4635
            0.405387,               0.4636
            0.405446,               0.4637
            0.405508,               0.4638
            0.405573,               0.4639
             0.40564,                0.464
             0.40571,               0.4641
            0.405782,               0.4642
            0.405857,               0.4643
            0.405935,               0.4644
            0.406015,               0.4645
            0.406098,               0.4646
            0.406184,               0.4647
            0.406272,               0.4648
            0.406363,               0.4649
            0.406456,                0.465
            0.406552,               0.4651
            0.406651,               0.4652
            0.406752,               0.4653
            0.406856,               0.4654
            0.406963,               0.4655
            0.407072,               0.4656
            0.407183,               0.4657
            0.407298,               0.4658
            0.407414,               0.4659
            0.407534,                0.466
            0.407656,               0.4661
             0.40778,               0.4662
            0.407908,               0.4663
            0.408037,               0.4664
             0.40817,               0.4665
            0.408305,               0.4666
            0.408442,               0.4667
            0.408582,               0.4668
            0.408725,               0.4669
             0.40887,                0.467
            0.409018,               0.4671
            0.409168,               0.4672
            0.409321,               0.4673
            0.409477,               0.4674
            0.409635,               0.4675
            0.409795,               0.4676
            0.409959,               0.4677
            0.410124,               0.4678
            0.410293,               0.4679
            0.410463,                0.468
            0.410637,               0.4681
            0.410813,               0.4682
            0.410991,               0.4683
            0.411172,               0.4684
            0.411356,               0.4685
            0.411542,               0.4686
            0.411731,               0.4687
            0.411922,               0.4688
            0.412116,               0.4689
            0.412312,                0.469
            0.412511,               0.4691
            0.412713,               0.4692
            0.412917,               0.4693
            0.413123,               0.4694
            0.413332,               0.4695
            0.413544,               0.4696
            0.413758,               0.4697
            0.413974,               0.4698
            0.414194,               0.4699
            0.414415,                 0.47
             0.41464,               0.4701
            0.414866,               0.4702
            0.415096,               0.4703
            0.415327,               0.4704
            0.415562,               0.4705
            0.415799,               0.4706
            0.416038,               0.4707
             0.41628,               0.4708
            0.416525,               0.4709
            0.416771,                0.471
            0.417021,               0.4711
            0.417273,               0.4712
            0.417528,               0.4713
            0.417785,               0.4714
            0.418044,               0.4715
            0.418306,               0.4716
            0.418571,               0.4717
            0.418838,               0.4718
            0.419108,               0.4719
             0.41938,                0.472
            0.419655,               0.4721
            0.419932,               0.4722
            0.420212,               0.4723
            0.420494,               0.4724
            0.420779,               0.4725
            0.421066,               0.4726
            0.421356,               0.4727
            0.421648,               0.4728
            0.421943,               0.4729
            0.422241,                0.473
             0.42254,               0.4731
            0.422843,               0.4732
            0.423148,               0.4733
            0.423455,               0.4734
            0.423765,               0.4735
            0.424078,               0.4736
            0.424392,               0.4737
             0.42471,               0.4738
             0.42503,               0.4739
            0.425352,                0.474
            0.425677,               0.4741
            0.426005,               0.4742
            0.426335,               0.4743
            0.426668,               0.4744
            0.427003,               0.4745
             0.42734,               0.4746
             0.42768,               0.4747
            0.428023,               0.4748
            0.428368,               0.4749
            0.428716,                0.475
            0.429066,               0.4751
            0.429418,               0.4752
            0.429773,               0.4753
            0.430131,               0.4754
            0.430491,               0.4755
            0.430854,               0.4756
            0.431219,               0.4757
            0.431587,               0.4758
            0.431957,               0.4759
             0.43233,                0.476
            0.432705,               0.4761
            0.433083,               0.4762
            0.433463,               0.4763
            0.433846,               0.4764
            0.434231,               0.4765
            0.434619,               0.4766
            0.435009,               0.4767
            0.435402,               0.4768
            0.435797,               0.4769
            0.436195,                0.477
            0.436596,               0.4771
            0.436999,               0.4772
            0.437404,               0.4773
            0.437812,               0.4774
            0.438222,               0.4775
            0.438635,               0.4776
            0.439051,               0.4777
            0.439469,               0.4778
            0.439889,               0.4779
            0.440312,                0.478
            0.440738,               0.4781
            0.441166,               0.4782
            0.441596,               0.4783
            0.442029,               0.4784
            0.442465,               0.4785
            0.442903,               0.4786
            0.443344,               0.4787
            0.443787,               0.4788
            0.444232,               0.4789
             0.44468,                0.479
            0.445131,               0.4791
            0.445584,               0.4792
             0.44604,               0.4793
            0.446498,               0.4794
            0.446959,               0.4795
            0.447422,               0.4796
            0.447888,               0.4797
            0.448356,               0.4798
            0.448827,               0.4799
              0.4493,                 0.48
            0.449776,               0.4801
            0.450255,               0.4802
            0.450735,               0.4803
            0.451219,               0.4804
            0.451705,               0.4805
            0.452193,               0.4806
            0.452684,               0.4807
            0.453178,               0.4808
            0.453674,               0.4809
            0.454172,                0.481
            0.454673,               0.4811
            0.455177,               0.4812
            0.455683,               0.4813
            0.456191,               0.4814
            0.456703,               0.4815
            0.457216,               0.4816
            0.457732,               0.4817
            0.458251,               0.4818
            0.458772,               0.4819
            0.459296,                0.482
            0.459822,               0.4821
            0.460351,               0.4822
            0.460882,               0.4823
            0.461416,               0.4824
            0.461952,               0.4825
            0.462491,               0.4826
            0.463033,               0.4827
            0.463577,               0.4828
            0.464123,               0.4829
            0.464672,                0.483
            0.465223,               0.4831
            0.465777,               0.4832
            0.466334,               0.4833
            0.466893,               0.4834
            0.467454,               0.4835
            0.468018,               0.4836
            0.468585,               0.4837
            0.469154,               0.4838
            0.469726,               0.4839
              0.4703,                0.484
            0.470876,               0.4841
            0.471455,               0.4842
            0.472037,               0.4843
            0.472621,               0.4844
            0.473208,               0.4845
            0.473797,               0.4846
            0.474389,               0.4847
            0.474983,               0.4848
             0.47558,               0.4849
            0.476179,                0.485
            0.476781,               0.4851
            0.477385,               0.4852
            0.477992,               0.4853
            0.478601,               0.4854
            0.479213,               0.4855
            0.479828,               0.4856
            0.480445,               0.4857
            0.481064,               0.4858
            0.481686,               0.4859
             0.48231,                0.486
            0.482937,               0.4861
            0.483566,               0.4862
            0.484198,               0.4863
            0.484833,               0.4864
             0.48547,               0.4865
            0.486109,               0.4866
            0.486751,               0.4867
            0.487395,               0.4868
            0.488042,               0.4869
            0.488692,                0.487
            0.489344,               0.4871
            0.489998,               0.4872
            0.490655,               0.4873
            0.491314,               0.4874
            0.491976,               0.4875
            0.492641,               0.4876
            0.493308,               0.4877
            0.493977,               0.4878
            0.494649,               0.4879
            0.495323,                0.488
               0.496,               0.4881
            0.496679,               0.4882
            0.497361,               0.4883
            0.498045,               0.4884
            0.498732,               0.4885
            0.499421,               0.4886
            0.500113,               0.4887
            0.500807,               0.4888
            0.501504,               0.4889
            0.502203,                0.489
            0.502904,               0.4891
            0.503608,               0.4892
            0.504315,               0.4893
            0.505024,               0.4894
            0.505735,               0.4895
            0.506449,               0.4896
            0.507166,               0.4897
            0.507884,               0.4898
            0.508606,               0.4899
            0.509329,                 0.49
            0.510056,               0.4901
            0.510784,               0.4902
            0.511515,               0.4903
            0.512249,               0.4904
            0.512985,               0.4905
            0.513723,               0.4906
            0.514464,               0.4907
            0.515207,               0.4908
            0.515953,               0.4909
            0.516701,                0.491
            0.517451,               0.4911
            0.518204,               0.4912
            0.518959,               0.4913
            0.519717,               0.4914
            0.520477,               0.4915
             0.52124,               0.4916
            0.522005,               0.4917
            0.522772,               0.4918
            0.523542,               0.4919
            0.524314,                0.492
            0.525089,               0.4921
            0.525866,               0.4922
            0.526645,               0.4923
            0.527427,               0.4924
            0.528211,               0.4925
            0.528997,               0.4926
            0.529786,               0.4927
            0.530577,               0.4928
            0.531371,               0.4929
            0.532167,                0.493
            0.532965,               0.4931
            0.533766,               0.4932
            0.534569,               0.4933
            0.535374,               0.4934
            0.536182,               0.4935
            0.536992,               0.4936
            0.537804,               0.4937
            0.538619,               0.4938
            0.539436,               0.4939
            0.540255,                0.494
            0.541077,               0.4941
              0.5419,               0.4942
            0.542727,               0.4943
            0.543555,               0.4944
            0.544386,               0.4945
            0.545219,               0.4946
            0.546054,               0.4947
            0.546892,               0.4948
            0.547732,               0.4949
            0.548574,                0.495
            0.549419,               0.4951
            0.550265,               0.4952
            0.551114,               0.4953
            0.551966,               0.4954
            0.552819,               0.4955
            0.553675,               0.4956
            0.554533,               0.4957
            0.555393,               0.4958
            0.556255,               0.4959
             0.55712,                0.496
            0.557987,               0.4961
            0.558856,               0.4962
            0.559727,               0.4963
              0.5606,               0.4964
            0.561476,               0.4965
            0.562353,               0.4966
            0.563233,               0.4967
            0.564115,               0.4968
               0.565,               0.4969
            0.565886,                0.497
            0.566775,               0.4971
            0.567665,               0.4972
            0.568558,               0.4973
            0.569453,               0.4974
             0.57035,               0.4975
            0.571249,               0.4976
             0.57215,               0.4977
            0.573054,               0.4978
            0.573959,               0.4979
            0.574867,                0.498
            0.575776,               0.4981
            0.576688,               0.4982
            0.577601,               0.4983
            0.578517,               0.4984
            0.579435,               0.4985
            0.580355,               0.4986
            0.581276,               0.4987
              0.5822,               0.4988
            0.583126,               0.4989
            0.584054,                0.499
            0.584984,               0.4991
            0.585916,               0.4992
            0.586849,               0.4993
            0.587785,               0.4994
            0.588723,               0.4995
            0.589663,               0.4996
            0.590604,               0.4997
            0.591548,               0.4998
            0.592493,               0.4999
            0.593441,                  0.5

