------------------------------------------------------------
 Transmission Coefficient on homogeneous energy grid using transfer matrices
------------------------------------------------------------
Transmission Coefficient, Energy (eV)
         9.14755e-19,               0.0001
         1.84665e-18,               0.0002
         2.79592e-18,               0.0003
         3.76285e-18,               0.0004
         4.74769e-18,               0.0005
          5.7507e-18,               0.0006
         6.77215e-18,               0.0007
         7.81232e-18,               0.0008
         8.87148e-18,               0.0009
         9.94991e-18,                0.001
         1.10479e-17,               0.0011
         1.21657e-17,               0.0012
         1.33037e-17,               0.0013
         1.44621e-17,               0.0014
         1.56412e-17,               0.0015
         1.68414e-17,               0.0016
         1.80629e-17,               0.0017
          1.9306e-17,               0.0018
         2.05712e-17,               0.0019
         2.18586e-17,                0.002
         2.31687e-17,               0.0021
         2.45017e-17,               0.0022
          2.5858e-17,               0.0023
          2.7238e-17,               0.0024
         2.86419e-17,               0.0025
         3.00701e-17,               0.0026
          3.1523e-17,               0.0027
          3.3001e-17,               0.0028
         3.45044e-17,               0.0029
         3.60335e-17,                0.003
         3.75888e-17,               0.0031
         3.91706e-17,               0.0032
         4.07793e-17,               0.0033
         4.24153e-17,               0.0034
         4.40791e-17,               0.0035
         4.57709e-17,               0.0036
         4.74913e-17,               0.0037
         4.92405e-17,               0.0038
         5.10191e-17,               0.0039
         5.28275e-17,                0.004
         5.46661e-17,               0.0041
         5.65353e-17,               0.0042
         5.84356e-17,               0.0043
         6.03674e-17,               0.0044
         6.23312e-17,               0.0045
         6.43275e-17,               0.0046
         6.63567e-17,               0.0047
         6.84192e-17,               0.0048
         7.05156e-17,               0.0049
         7.26464e-17,                0.005
          7.4812e-17,               0.0051
          7.7013e-17,               0.0052
         7.92498e-17,               0.0053
         8.15231e-17,               0.0054
         8.38332e-17,               0.0055
         8.61808e-17,               0.0056
         8.85663e-17,               0.0057
         9.09903e-17,               0.0058
         9.34535e-17,               0.0059
         9.59562e-17,                0.006
         9.84992e-17,               0.0061
         1.01083e-16,               0.0062
         1.03708e-16,               0.0063
         1.06375e-16,               0.0064
         1.09085e-16,               0.0065
         1.11837e-16,               0.0066
         1.14634e-16,               0.0067
         1.17475e-16,               0.0068
         1.20361e-16,               0.0069
         1.23293e-16,                0.007
         1.26271e-16,               0.0071
         1.29296e-16,               0.0072
         1.32369e-16,               0.0073
          1.3549e-16,               0.0074
          1.3866e-16,               0.0075
          1.4188e-16,               0.0076
          1.4515e-16,               0.0077
         1.48472e-16,               0.0078
         1.51846e-16,               0.0079
         1.55272e-16,                0.008
         1.58752e-16,               0.0081
         1.62285e-16,               0.0082
         1.65874e-16,               0.0083
         1.69519e-16,               0.0084
          1.7322e-16,               0.0085
         1.76978e-16,               0.0086
         1.80795e-16,               0.0087
         1.84671e-16,               0.0088
         1.88606e-16,               0.0089
         1.92602e-16,                0.009
          1.9666e-16,               0.0091
          2.0078e-16,               0.0092
         2.04963e-16,               0.0093
         2.09211e-16,               0.0094
         2.13524e-16,               0.0095
         2.17903e-16,               0.0096
         2.22349e-16,               0.0097
         2.26863e-16,               0.0098
         2.31446e-16,               0.0099
         2.36098e-16,                 0.01
         2.40822e-16,               0.0101
         2.45618e-16,               0.0102
         2.50486e-16,               0.0103
         2.55429e-16,               0.0104
         2.60447e-16,               0.0105
          2.6554e-16,               0.0106
         2.70711e-16,               0.0107
         2.75961e-16,               0.0108
         2.81289e-16,               0.0109
         2.86699e-16,                0.011
          2.9219e-16,               0.0111
         2.97764e-16,               0.0112
         3.03422e-16,               0.0113
         3.09165e-16,               0.0114
         3.14994e-16,               0.0115
         3.20912e-16,               0.0116
         3.26918e-16,               0.0117
         3.33015e-16,               0.0118
         3.39203e-16,               0.0119
         3.45484e-16,                0.012
         3.51859e-16,               0.0121
         3.58329e-16,               0.0122
         3.64896e-16,               0.0123
         3.71562e-16,               0.0124
         3.78327e-16,               0.0125
         3.85193e-16,               0.0126
         3.92162e-16,               0.0127
         3.99235e-16,               0.0128
         4.06413e-16,               0.0129
         4.13698e-16,                0.013
         4.21091e-16,               0.0131
         4.28595e-16,               0.0132
          4.3621e-16,               0.0133
         4.43938e-16,               0.0134
         4.51781e-16,               0.0135
          4.5974e-16,               0.0136
         4.67818e-16,               0.0137
         4.76015e-16,               0.0138
         4.84334e-16,               0.0139
         4.92776e-16,                0.014
         5.01343e-16,               0.0141
         5.10037e-16,               0.0142
         5.18859e-16,               0.0143
         5.27812e-16,               0.0144
         5.36897e-16,               0.0145
         5.46117e-16,               0.0146
         5.55472e-16,               0.0147
         5.64966e-16,               0.0148
         5.74599e-16,               0.0149
         5.84375e-16,                0.015
         5.94294e-16,               0.0151
          6.0436e-16,               0.0152
         6.14574e-16,               0.0153
         6.24939e-16,               0.0154
         6.35456e-16,               0.0155
         6.46127e-16,               0.0156
         6.56956e-16,               0.0157
         6.67943e-16,               0.0158
         6.79093e-16,               0.0159
         6.90406e-16,                0.016
         7.01885e-16,               0.0161
         7.13532e-16,               0.0162
         7.25351e-16,               0.0163
         7.37343e-16,               0.0164
          7.4951e-16,               0.0165
         7.61857e-16,               0.0166
         7.74384e-16,               0.0167
         7.87095e-16,               0.0168
         7.99992e-16,               0.0169
         8.13078e-16,                0.017
         8.26355e-16,               0.0171
         8.39827e-16,               0.0172
         8.53496e-16,               0.0173
         8.67365e-16,               0.0174
         8.81437e-16,               0.0175
         8.95715e-16,               0.0176
         9.10202e-16,               0.0177
         9.24901e-16,               0.0178
         9.39814e-16,               0.0179
         9.54946e-16,                0.018
         9.70298e-16,               0.0181
         9.85875e-16,               0.0182
         1.00168e-15,               0.0183
         1.01772e-15,               0.0184
         1.03399e-15,               0.0185
         1.05049e-15,               0.0186
         1.06724e-15,               0.0187
         1.08423e-15,               0.0188
         1.10147e-15,               0.0189
         1.11897e-15,                0.019
         1.13672e-15,               0.0191
         1.15472e-15,               0.0192
         1.17299e-15,               0.0193
         1.19153e-15,               0.0194
         1.21034e-15,               0.0195
         1.22942e-15,               0.0196
         1.24878e-15,               0.0197
         1.26842e-15,               0.0198
         1.28835e-15,               0.0199
         1.30857e-15,                 0.02
         1.32908e-15,               0.0201
          1.3499e-15,               0.0202
         1.37102e-15,               0.0203
         1.39244e-15,               0.0204
         1.41418e-15,               0.0205
         1.43624e-15,               0.0206
         1.45861e-15,               0.0207
         1.48132e-15,               0.0208
         1.50435e-15,               0.0209
         1.52773e-15,                0.021
         1.55144e-15,               0.0211
          1.5755e-15,               0.0212
         1.59991e-15,               0.0213
         1.62467e-15,               0.0214
          1.6498e-15,               0.0215
          1.6753e-15,               0.0216
         1.70116e-15,               0.0217
         1.72741e-15,               0.0218
         1.75404e-15,               0.0219
         1.78105e-15,                0.022
         1.80847e-15,               0.0221
         1.83628e-15,               0.0222
          1.8645e-15,               0.0223
         1.89313e-15,               0.0224
         1.92218e-15,               0.0225
         1.95165e-15,               0.0226
         1.98155e-15,               0.0227
          2.0119e-15,               0.0228
         2.04268e-15,               0.0229
         2.07392e-15,                0.023
         2.10561e-15,               0.0231
         2.13777e-15,               0.0232
         2.17039e-15,               0.0233
          2.2035e-15,               0.0234
         2.23709e-15,               0.0235
         2.27117e-15,               0.0236
         2.30575e-15,               0.0237
         2.34084e-15,               0.0238
         2.37644e-15,               0.0239
         2.41256e-15,                0.024
         2.44922e-15,               0.0241
         2.48641e-15,               0.0242
         2.52414e-15,               0.0243
         2.56243e-15,               0.0244
         2.60129e-15,               0.0245
         2.64071e-15,               0.0246
         2.68071e-15,               0.0247
          2.7213e-15,               0.0248
         2.76248e-15,               0.0249
         2.80427e-15,                0.025
         2.84668e-15,               0.0251
         2.88971e-15,               0.0252
         2.93337e-15,               0.0253
         2.97767e-15,               0.0254
         3.02263e-15,               0.0255
         3.06825e-15,               0.0256
         3.11454e-15,               0.0257
         3.16151e-15,               0.0258
         3.20918e-15,               0.0259
         3.25755e-15,                0.026
         3.30663e-15,               0.0261
         3.35643e-15,               0.0262
         3.40697e-15,               0.0263
         3.45826e-15,               0.0264
         3.51031e-15,               0.0265
         3.56312e-15,               0.0266
         3.61672e-15,               0.0267
         3.67111e-15,               0.0268
          3.7263e-15,               0.0269
         3.78231e-15,                0.027
         3.83915e-15,               0.0271
         3.89684e-15,               0.0272
         3.95538e-15,               0.0273
         4.01478e-15,               0.0274
         4.07507e-15,               0.0275
         4.13625e-15,               0.0276
         4.19834e-15,               0.0277
         4.26136e-15,               0.0278
         4.32531e-15,               0.0279
         4.39021e-15,                0.028
         4.45608e-15,               0.0281
         4.52293e-15,               0.0282
         4.59077e-15,               0.0283
         4.65963e-15,               0.0284
         4.72951e-15,               0.0285
         4.80043e-15,               0.0286
         4.87242e-15,               0.0287
         4.94548e-15,               0.0288
         5.01963e-15,               0.0289
         5.09488e-15,                0.029
         5.17127e-15,               0.0291
         5.24879e-15,               0.0292
         5.32748e-15,               0.0293
         5.40735e-15,               0.0294
         5.48841e-15,               0.0295
         5.57069e-15,               0.0296
         5.65421e-15,               0.0297
         5.73898e-15,               0.0298
         5.82502e-15,               0.0299
         5.91236e-15,                 0.03
         6.00101e-15,               0.0301
           6.091e-15,               0.0302
         6.18234e-15,               0.0303
         6.27506e-15,               0.0304
         6.36917e-15,               0.0305
         6.46471e-15,               0.0306
         6.56169e-15,               0.0307
         6.66013e-15,               0.0308
         6.76007e-15,               0.0309
         6.86151e-15,                0.031
          6.9645e-15,               0.0311
         7.06904e-15,               0.0312
         7.17517e-15,               0.0313
          7.2829e-15,               0.0314
         7.39228e-15,               0.0315
         7.50331e-15,               0.0316
         7.61604e-15,               0.0317
         7.73048e-15,               0.0318
         7.84666e-15,               0.0319
         7.96461e-15,                0.032
         8.08436e-15,               0.0321
         8.20593e-15,               0.0322
         8.32937e-15,               0.0323
         8.45469e-15,               0.0324
         8.58193e-15,               0.0325
         8.71111e-15,               0.0326
         8.84227e-15,               0.0327
         8.97545e-15,               0.0328
         9.11066e-15,               0.0329
         9.24795e-15,                0.033
         9.38736e-15,               0.0331
          9.5289e-15,               0.0332
         9.67263e-15,               0.0333
         9.81856e-15,               0.0334
         9.96675e-15,               0.0335
         1.01172e-14,               0.0336
           1.027e-14,               0.0337
         1.04252e-14,               0.0338
         1.05827e-14,               0.0339
         1.07427e-14,                0.034
         1.09052e-14,               0.0341
         1.10702e-14,               0.0342
         1.12378e-14,               0.0343
         1.14079e-14,               0.0344
         1.15807e-14,               0.0345
         1.17562e-14,               0.0346
         1.19344e-14,               0.0347
         1.21154e-14,               0.0348
         1.22993e-14,               0.0349
          1.2486e-14,                0.035
         1.26756e-14,               0.0351
         1.28682e-14,               0.0352
         1.30638e-14,               0.0353
         1.32624e-14,               0.0354
         1.34642e-14,               0.0355
         1.36692e-14,               0.0356
         1.38774e-14,               0.0357
         1.40888e-14,               0.0358
         1.43036e-14,               0.0359
         1.45218e-14,                0.036
         1.47434e-14,               0.0361
         1.49685e-14,               0.0362
         1.51971e-14,               0.0363
         1.54294e-14,               0.0364
         1.56654e-14,               0.0365
         1.59051e-14,               0.0366
         1.61487e-14,               0.0367
          1.6396e-14,               0.0368
         1.66474e-14,               0.0369
         1.69027e-14,                0.037
         1.71621e-14,               0.0371
         1.74257e-14,               0.0372
         1.76934e-14,               0.0373
         1.79655e-14,               0.0374
         1.82419e-14,               0.0375
         1.85227e-14,               0.0376
          1.8808e-14,               0.0377
          1.9098e-14,               0.0378
         1.93925e-14,               0.0379
         1.96919e-14,                0.038
          1.9996e-14,               0.0381
         2.03051e-14,               0.0382
         2.06192e-14,               0.0383
         2.09383e-14,               0.0384
         2.12626e-14,               0.0385
         2.15922e-14,               0.0386
         2.19271e-14,               0.0387
         2.22675e-14,               0.0388
         2.26134e-14,               0.0389
         2.29649e-14,                0.039
         2.33222e-14,               0.0391
         2.36853e-14,               0.0392
         2.40544e-14,               0.0393
         2.44295e-14,               0.0394
         2.48107e-14,               0.0395
         2.51982e-14,               0.0396
         2.55921e-14,               0.0397
         2.59924e-14,               0.0398
         2.63994e-14,               0.0399
          2.6813e-14,                 0.04
         2.72335e-14,               0.0401
          2.7661e-14,               0.0402
         2.80955e-14,               0.0403
         2.85373e-14,               0.0404
         2.89864e-14,               0.0405
         2.94429e-14,               0.0406
         2.99071e-14,               0.0407
          3.0379e-14,               0.0408
         3.08587e-14,               0.0409
         3.13465e-14,                0.041
         3.18425e-14,               0.0411
         3.23468e-14,               0.0412
         3.28595e-14,               0.0413
         3.33809e-14,               0.0414
          3.3911e-14,               0.0415
         3.44501e-14,               0.0416
         3.49983e-14,               0.0417
         3.55558e-14,               0.0418
         3.61227e-14,               0.0419
         3.66992e-14,                0.042
         3.72855e-14,               0.0421
         3.78818e-14,               0.0422
         3.84882e-14,               0.0423
          3.9105e-14,               0.0424
         3.97324e-14,               0.0425
         4.03704e-14,               0.0426
         4.10194e-14,               0.0427
         4.16796e-14,               0.0428
         4.23511e-14,               0.0429
         4.30341e-14,                0.043
          4.3729e-14,               0.0431
         4.44358e-14,               0.0432
         4.51549e-14,               0.0433
         4.58864e-14,               0.0434
         4.66307e-14,               0.0435
         4.73878e-14,               0.0436
         4.81582e-14,               0.0437
          4.8942e-14,               0.0438
         4.97395e-14,               0.0439
         5.05509e-14,                0.044
         5.13766e-14,               0.0441
         5.22167e-14,               0.0442
         5.30717e-14,               0.0443
         5.39417e-14,               0.0444
         5.48271e-14,               0.0445
         5.57281e-14,               0.0446
         5.66451e-14,               0.0447
         5.75783e-14,               0.0448
         5.85281e-14,               0.0449
         5.94949e-14,                0.045
         6.04789e-14,               0.0451
         6.14804e-14,               0.0452
         6.24999e-14,               0.0453
         6.35377e-14,               0.0454
         6.45941e-14,               0.0455
         6.56696e-14,               0.0456
         6.67644e-14,               0.0457
          6.7879e-14,               0.0458
         6.90138e-14,               0.0459
         7.01691e-14,                0.046
         7.13455e-14,               0.0461
         7.25433e-14,               0.0462
         7.37629e-14,               0.0463
         7.50048e-14,               0.0464
         7.62694e-14,               0.0465
         7.75573e-14,               0.0466
         7.88688e-14,               0.0467
         8.02045e-14,               0.0468
         8.15648e-14,               0.0469
         8.29503e-14,                0.047
         8.43614e-14,               0.0471
         8.57988e-14,               0.0472
         8.72629e-14,               0.0473
         8.87543e-14,               0.0474
         9.02735e-14,               0.0475
         9.18213e-14,               0.0476
          9.3398e-14,               0.0477
         9.50044e-14,               0.0478
         9.66411e-14,               0.0479
         9.83086e-14,                0.048
         1.00008e-13,               0.0481
         1.01739e-13,               0.0482
         1.03503e-13,               0.0483
         1.05301e-13,               0.0484
         1.07133e-13,               0.0485
         1.09001e-13,               0.0486
         1.10904e-13,               0.0487
         1.12843e-13,               0.0488
          1.1482e-13,               0.0489
         1.16836e-13,                0.049
          1.1889e-13,               0.0491
         1.20984e-13,               0.0492
         1.23119e-13,               0.0493
         1.25295e-13,               0.0494
         1.27514e-13,               0.0495
         1.29776e-13,               0.0496
         1.32083e-13,               0.0497
         1.34435e-13,               0.0498
         1.36834e-13,               0.0499
          1.3928e-13,                 0.05
         1.41774e-13,               0.0501
         1.44318e-13,               0.0502
         1.46913e-13,               0.0503
         1.49559e-13,               0.0504
         1.52259e-13,               0.0505
         1.55013e-13,               0.0506
         1.57822e-13,               0.0507
         1.60688e-13,               0.0508
         1.63612e-13,               0.0509
         1.66595e-13,                0.051
         1.69639e-13,               0.0511
         1.72745e-13,               0.0512
         1.75914e-13,               0.0513
         1.79149e-13,               0.0514
          1.8245e-13,               0.0515
         1.85819e-13,               0.0516
         1.89257e-13,               0.0517
         1.92767e-13,               0.0518
         1.96351e-13,               0.0519
         2.00008e-13,                0.052
         2.03742e-13,               0.0521
         2.07555e-13,               0.0522
         2.11448e-13,               0.0523
         2.15423e-13,               0.0524
         2.19481e-13,               0.0525
         2.23627e-13,               0.0526
          2.2786e-13,               0.0527
         2.32183e-13,               0.0528
           2.366e-13,               0.0529
         2.41111e-13,                0.053
         2.45719e-13,               0.0531
         2.50427e-13,               0.0532
         2.55236e-13,               0.0533
         2.60151e-13,               0.0534
         2.65173e-13,               0.0535
         2.70304e-13,               0.0536
         2.75548e-13,               0.0537
         2.80908e-13,               0.0538
         2.86386e-13,               0.0539
         2.91985e-13,                0.054
         2.97709e-13,               0.0541
         3.03561e-13,               0.0542
         3.09544e-13,               0.0543
         3.15661e-13,               0.0544
         3.21916e-13,               0.0545
         3.28313e-13,               0.0546
         3.34855e-13,               0.0547
         3.41546e-13,               0.0548
          3.4839e-13,               0.0549
          3.5539e-13,                0.055
         3.62552e-13,               0.0551
          3.6988e-13,               0.0552
         3.77377e-13,               0.0553
         3.85049e-13,               0.0554
           3.929e-13,               0.0555
         4.00935e-13,               0.0556
          4.0916e-13,               0.0557
         4.17578e-13,               0.0558
         4.26197e-13,               0.0559
          4.3502e-13,                0.056
         4.44054e-13,               0.0561
         4.53305e-13,               0.0562
         4.62779e-13,               0.0563
         4.72482e-13,               0.0564
         4.82421e-13,               0.0565
         4.92602e-13,               0.0566
         5.03032e-13,               0.0567
         5.13718e-13,               0.0568
         5.24669e-13,               0.0569
          5.3589e-13,                0.057
         5.47391e-13,               0.0571
         5.59179e-13,               0.0572
         5.71264e-13,               0.0573
         5.83653e-13,               0.0574
         5.96355e-13,               0.0575
         6.09381e-13,               0.0576
         6.22739e-13,               0.0577
          6.3644e-13,               0.0578
         6.50495e-13,               0.0579
         6.64913e-13,                0.058
         6.79706e-13,               0.0581
         6.94886e-13,               0.0582
         7.10465e-13,               0.0583
         7.26454e-13,               0.0584
         7.42868e-13,               0.0585
         7.59718e-13,               0.0586
          7.7702e-13,               0.0587
         7.94787e-13,               0.0588
         8.13034e-13,               0.0589
         8.31776e-13,                0.059
         8.51031e-13,               0.0591
         8.70814e-13,               0.0592
         8.91142e-13,               0.0593
         9.12034e-13,               0.0594
         9.33508e-13,               0.0595
         9.55584e-13,               0.0596
         9.78282e-13,               0.0597
         1.00162e-12,               0.0598
         1.02563e-12,               0.0599
         1.05032e-12,                 0.06
         1.07572e-12,               0.0601
         1.10186e-12,               0.0602
         1.12876e-12,               0.0603
         1.15645e-12,               0.0604
         1.18495e-12,               0.0605
          1.2143e-12,               0.0606
         1.24452e-12,               0.0607
         1.27565e-12,               0.0608
         1.30772e-12,               0.0609
         1.34076e-12,                0.061
         1.37481e-12,               0.0611
          1.4099e-12,               0.0612
         1.44608e-12,               0.0613
         1.48339e-12,               0.0614
         1.52186e-12,               0.0615
         1.56155e-12,               0.0616
         1.60249e-12,               0.0617
         1.64474e-12,               0.0618
         1.68835e-12,               0.0619
         1.73337e-12,                0.062
         1.77986e-12,               0.0621
         1.82788e-12,               0.0622
         1.87748e-12,               0.0623
         1.92873e-12,               0.0624
         1.98169e-12,               0.0625
         2.03645e-12,               0.0626
         2.09307e-12,               0.0627
         2.15163e-12,               0.0628
         2.21221e-12,               0.0629
         2.27489e-12,                0.063
         2.33978e-12,               0.0631
         2.40695e-12,               0.0632
         2.47652e-12,               0.0633
         2.54859e-12,               0.0634
         2.62326e-12,               0.0635
         2.70065e-12,               0.0636
         2.78089e-12,               0.0637
         2.86411e-12,               0.0638
         2.95044e-12,               0.0639
         3.04002e-12,                0.064
         3.13302e-12,               0.0641
         3.22958e-12,               0.0642
         3.32989e-12,               0.0643
         3.43411e-12,               0.0644
         3.54245e-12,               0.0645
          3.6551e-12,               0.0646
         3.77228e-12,               0.0647
         3.89421e-12,               0.0648
         4.02114e-12,               0.0649
         4.15333e-12,                0.065
         4.29103e-12,               0.0651
         4.43455e-12,               0.0652
          4.5842e-12,               0.0653
         4.74029e-12,               0.0654
         4.90318e-12,               0.0655
         5.07324e-12,               0.0656
         5.25088e-12,               0.0657
          5.4365e-12,               0.0658
         5.63058e-12,               0.0659
         5.83359e-12,                0.066
         6.04605e-12,               0.0661
         6.26853e-12,               0.0662
         6.50161e-12,               0.0663
         6.74595e-12,               0.0664
         7.00223e-12,               0.0665
         7.27119e-12,               0.0666
         7.55363e-12,               0.0667
         7.85042e-12,               0.0668
         8.16248e-12,               0.0669
         8.49081e-12,                0.067
          8.8365e-12,               0.0671
         9.20073e-12,               0.0672
         9.58477e-12,               0.0673
            9.99e-12,               0.0674
         1.04179e-11,               0.0675
         1.08702e-11,               0.0676
         1.13485e-11,               0.0677
         1.18549e-11,               0.0678
         1.23914e-11,               0.0679
         1.29605e-11,                0.068
         1.35646e-11,               0.0681
         1.42065e-11,               0.0682
         1.48893e-11,               0.0683
         1.56163e-11,               0.0684
         1.63914e-11,               0.0685
         1.72186e-11,               0.0686
         1.81025e-11,               0.0687
         1.90482e-11,               0.0688
         2.00612e-11,               0.0689
          2.1148e-11,                0.069
         2.23155e-11,               0.0691
         2.35715e-11,               0.0692
          2.4925e-11,               0.0693
         2.63858e-11,               0.0694
         2.79652e-11,               0.0695
         2.96758e-11,               0.0696
         3.15321e-11,               0.0697
         3.35505e-11,               0.0698
         3.57498e-11,               0.0699
         3.81515e-11,                 0.07
         4.07803e-11,               0.0701
          4.3665e-11,               0.0702
         4.68386e-11,               0.0703
         5.03401e-11,               0.0704
         5.42147e-11,               0.0705
         5.85159e-11,               0.0706
         6.33068e-11,               0.0707
         6.86627e-11,               0.0708
         7.46736e-11,               0.0709
         8.14479e-11,                0.071
         8.91176e-11,               0.0711
         9.78435e-11,               0.0712
         1.07825e-10,               0.0713
         1.19308e-10,               0.0714
         1.32604e-10,               0.0715
         1.48108e-10,               0.0716
         1.66327e-10,               0.0717
         1.87922e-10,               0.0718
         2.13764e-10,               0.0719
         2.45027e-10,                0.072
         2.83312e-10,               0.0721
         3.30858e-10,               0.0722
         3.90865e-10,               0.0723
         4.68035e-10,               0.0724
         5.69502e-10,               0.0725
         7.06513e-10,               0.0726
         8.97624e-10,               0.0727
         1.17522e-09,               0.0728
         1.59999e-09,               0.0729
         2.29665e-09,                0.073
         3.55591e-09,               0.0731
         6.19126e-09,               0.0732
         1.32597e-08,               0.0733
         4.53599e-08,               0.0734
         1.81694e-06,               0.0735
         9.91202e-08,               0.0736
         2.00662e-08,               0.0737
         8.40493e-09,               0.0738
         4.61424e-09,               0.0739
         2.92158e-09,                0.074
         2.02066e-09,               0.0741
         1.48414e-09,               0.0742
         1.13863e-09,               0.0743
         9.02909e-10,               0.0744
         7.34794e-10,               0.0745
         6.10601e-10,               0.0746
         5.16194e-10,               0.0747
         4.42707e-10,               0.0748
         3.84351e-10,               0.0749
         3.37214e-10,                0.075
         2.98573e-10,               0.0751
         2.66488e-10,               0.0752
         2.39543e-10,               0.0753
         2.16686e-10,               0.0754
         1.97123e-10,               0.0755
         1.80243e-10,               0.0756
         1.65573e-10,               0.0757
         1.52738e-10,               0.0758
         1.41441e-10,               0.0759
         1.31443e-10,                0.076
         1.22549e-10,               0.0761
         1.14601e-10,               0.0762
         1.07467e-10,               0.0763
         1.01038e-10,               0.0764
         9.52237e-11,               0.0765
         8.99459e-11,               0.0766
         8.51399e-11,               0.0767
         8.07502e-11,               0.0768
         7.67293e-11,               0.0769
         7.30364e-11,                0.077
         6.96361e-11,               0.0771
         6.64977e-11,               0.0772
         6.35946e-11,               0.0773
         6.09035e-11,               0.0774
         5.84037e-11,               0.0775
         5.60774e-11,               0.0776
         5.39083e-11,               0.0777
         5.18826e-11,               0.0778
         4.99875e-11,               0.0779
         4.82118e-11,                0.078
         4.65456e-11,               0.0781
         4.49798e-11,               0.0782
         4.35064e-11,               0.0783
         4.21181e-11,               0.0784
         4.08084e-11,               0.0785
         3.95713e-11,               0.0786
         3.84015e-11,               0.0787
          3.7294e-11,               0.0788
         3.62444e-11,               0.0789
         3.52488e-11,                0.079
         3.43033e-11,               0.0791
         3.34046e-11,               0.0792
         3.25497e-11,               0.0793
         3.17356e-11,               0.0794
         3.09598e-11,               0.0795
         3.02199e-11,               0.0796
         2.95136e-11,               0.0797
          2.8839e-11,               0.0798
          2.8194e-11,               0.0799
          2.7577e-11,                 0.08
         2.69864e-11,               0.0801
         2.64206e-11,               0.0802
         2.58783e-11,               0.0803
         2.53582e-11,               0.0804
          2.4859e-11,               0.0805
         2.43797e-11,               0.0806
         2.39191e-11,               0.0807
         2.34764e-11,               0.0808
         2.30506e-11,               0.0809
         2.26408e-11,                0.081
         2.22462e-11,               0.0811
         2.18661e-11,               0.0812
         2.14999e-11,               0.0813
         2.11467e-11,               0.0814
         2.08061e-11,               0.0815
         2.04773e-11,               0.0816
           2.016e-11,               0.0817
         1.98535e-11,               0.0818
         1.95574e-11,               0.0819
         1.92712e-11,                0.082
         1.89944e-11,               0.0821
         1.87268e-11,               0.0822
         1.84678e-11,               0.0823
         1.82171e-11,               0.0824
         1.79744e-11,               0.0825
         1.77393e-11,               0.0826
         1.75116e-11,               0.0827
         1.72909e-11,               0.0828
         1.70769e-11,               0.0829
         1.68695e-11,                0.083
         1.66682e-11,               0.0831
          1.6473e-11,               0.0832
         1.62836e-11,               0.0833
         1.60996e-11,               0.0834
         1.59211e-11,               0.0835
         1.57477e-11,               0.0836
         1.55792e-11,               0.0837
         1.54155e-11,               0.0838
         1.52565e-11,               0.0839
         1.51019e-11,                0.084
         1.49515e-11,               0.0841
         1.48054e-11,               0.0842
         1.46632e-11,               0.0843
         1.45249e-11,               0.0844
         1.43904e-11,               0.0845
         1.42594e-11,               0.0846
          1.4132e-11,               0.0847
          1.4008e-11,               0.0848
         1.38872e-11,               0.0849
         1.37696e-11,                0.085
         1.36551e-11,               0.0851
         1.35436e-11,               0.0852
         1.34349e-11,               0.0853
         1.33291e-11,               0.0854
         1.32259e-11,               0.0855
         1.31254e-11,               0.0856
         1.30275e-11,               0.0857
          1.2932e-11,               0.0858
          1.2839e-11,               0.0859
         1.27483e-11,                0.086
         1.26598e-11,               0.0861
         1.25736e-11,               0.0862
         1.24895e-11,               0.0863
         1.24075e-11,               0.0864
         1.23275e-11,               0.0865
         1.22496e-11,               0.0866
         1.21735e-11,               0.0867
         1.20993e-11,               0.0868
         1.20269e-11,               0.0869
         1.19563e-11,                0.087
         1.18875e-11,               0.0871
         1.18203e-11,               0.0872
         1.17548e-11,               0.0873
         1.16908e-11,               0.0874
         1.16285e-11,               0.0875
         1.15676e-11,               0.0876
         1.15083e-11,               0.0877
         1.14503e-11,               0.0878
         1.13938e-11,               0.0879
         1.13387e-11,                0.088
          1.1285e-11,               0.0881
         1.12325e-11,               0.0882
         1.11814e-11,               0.0883
         1.11315e-11,               0.0884
         1.10828e-11,               0.0885
         1.10354e-11,               0.0886
         1.09891e-11,               0.0887
         1.09439e-11,               0.0888
         1.08999e-11,               0.0889
          1.0857e-11,                0.089
         1.08152e-11,               0.0891
         1.07744e-11,               0.0892
         1.07347e-11,               0.0893
          1.0696e-11,               0.0894
         1.06583e-11,               0.0895
         1.06215e-11,               0.0896
         1.05857e-11,               0.0897
         1.05508e-11,               0.0898
         1.05169e-11,               0.0899
         1.04838e-11,                 0.09
         1.04517e-11,               0.0901
         1.04204e-11,               0.0902
         1.03899e-11,               0.0903
         1.03603e-11,               0.0904
         1.03315e-11,               0.0905
         1.03035e-11,               0.0906
         1.02762e-11,               0.0907
         1.02498e-11,               0.0908
         1.02241e-11,               0.0909
         1.01992e-11,                0.091
          1.0175e-11,               0.0911
         1.01515e-11,               0.0912
         1.01287e-11,               0.0913
         1.01067e-11,               0.0914
         1.00853e-11,               0.0915
         1.00646e-11,               0.0916
         1.00445e-11,               0.0917
         1.00252e-11,               0.0918
         1.00064e-11,               0.0919
         9.98831e-12,                0.092
         9.97083e-12,               0.0921
         9.95396e-12,               0.0922
          9.9377e-12,               0.0923
         9.92204e-12,               0.0924
         9.90696e-12,               0.0925
         9.89247e-12,               0.0926
         9.87855e-12,               0.0927
         9.86519e-12,               0.0928
         9.85239e-12,               0.0929
         9.84014e-12,                0.093
         9.82843e-12,               0.0931
         9.81726e-12,               0.0932
         9.80661e-12,               0.0933
         9.79649e-12,               0.0934
         9.78688e-12,               0.0935
         9.77777e-12,               0.0936
         9.76917e-12,               0.0937
         9.76106e-12,               0.0938
         9.75345e-12,               0.0939
         9.74632e-12,                0.094
         9.73966e-12,               0.0941
         9.73348e-12,               0.0942
         9.72777e-12,               0.0943
         9.72252e-12,               0.0944
         9.71773e-12,               0.0945
         9.71339e-12,               0.0946
          9.7095e-12,               0.0947
         9.70605e-12,               0.0948
         9.70304e-12,               0.0949
         9.70046e-12,                0.095
         9.69832e-12,               0.0951
          9.6966e-12,               0.0952
         9.69531e-12,               0.0953
         9.69443e-12,               0.0954
         9.69396e-12,               0.0955
         9.69391e-12,               0.0956
         9.69427e-12,               0.0957
         9.69503e-12,               0.0958
         9.69618e-12,               0.0959
         9.69774e-12,                0.096
         9.69969e-12,               0.0961
         9.70203e-12,               0.0962
         9.70476e-12,               0.0963
         9.70787e-12,               0.0964
         9.71136e-12,               0.0965
         9.71524e-12,               0.0966
         9.71949e-12,               0.0967
         9.72411e-12,               0.0968
          9.7291e-12,               0.0969
         9.73447e-12,                0.097
          9.7402e-12,               0.0971
         9.74629e-12,               0.0972
         9.75275e-12,               0.0973
         9.75956e-12,               0.0974
         9.76673e-12,               0.0975
         9.77426e-12,               0.0976
         9.78215e-12,               0.0977
         9.79038e-12,               0.0978
         9.79896e-12,               0.0979
         9.80789e-12,                0.098
         9.81717e-12,               0.0981
         9.82679e-12,               0.0982
         9.83676e-12,               0.0983
         9.84707e-12,               0.0984
         9.85771e-12,               0.0985
          9.8687e-12,               0.0986
         9.88002e-12,               0.0987
         9.89168e-12,               0.0988
         9.90368e-12,               0.0989
           9.916e-12,                0.099
         9.92866e-12,               0.0991
         9.94165e-12,               0.0992
         9.95497e-12,               0.0993
         9.96862e-12,               0.0994
          9.9826e-12,               0.0995
         9.99691e-12,               0.0996
         1.00115e-11,               0.0997
         1.00265e-11,               0.0998
         1.00418e-11,               0.0999
         1.00574e-11,                  0.1
         1.00733e-11,               0.1001
         1.00896e-11,               0.1002
         1.01061e-11,               0.1003
          1.0123e-11,               0.1004
         1.01402e-11,               0.1005
         1.01578e-11,               0.1006
         1.01756e-11,               0.1007
         1.01938e-11,               0.1008
         1.02123e-11,               0.1009
         1.02311e-11,                0.101
         1.02502e-11,               0.1011
         1.02697e-11,               0.1012
         1.02895e-11,               0.1013
         1.03095e-11,               0.1014
         1.03299e-11,               0.1015
         1.03507e-11,               0.1016
         1.03717e-11,               0.1017
         1.03931e-11,               0.1018
         1.04147e-11,               0.1019
         1.04367e-11,                0.102
          1.0459e-11,               0.1021
         1.04816e-11,               0.1022
         1.05046e-11,               0.1023
         1.05278e-11,               0.1024
         1.05514e-11,               0.1025
         1.05753e-11,               0.1026
         1.05995e-11,               0.1027
          1.0624e-11,               0.1028
         1.06489e-11,               0.1029
         1.06741e-11,                0.103
         1.06995e-11,               0.1031
         1.07253e-11,               0.1032
         1.07515e-11,               0.1033
         1.07779e-11,               0.1034
         1.08047e-11,               0.1035
         1.08318e-11,               0.1036
         1.08592e-11,               0.1037
         1.08869e-11,               0.1038
          1.0915e-11,               0.1039
         1.09434e-11,                0.104
         1.09721e-11,               0.1041
         1.10011e-11,               0.1042
         1.10304e-11,               0.1043
         1.10601e-11,               0.1044
         1.10901e-11,               0.1045
         1.11205e-11,               0.1046
         1.11511e-11,               0.1047
         1.11821e-11,               0.1048
         1.12135e-11,               0.1049
         1.12451e-11,                0.105
         1.12771e-11,               0.1051
         1.13094e-11,               0.1052
         1.13421e-11,               0.1053
         1.13751e-11,               0.1054
         1.14084e-11,               0.1055
         1.14421e-11,               0.1056
         1.14761e-11,               0.1057
         1.15104e-11,               0.1058
         1.15451e-11,               0.1059
         1.15801e-11,                0.106
         1.16155e-11,               0.1061
         1.16512e-11,               0.1062
         1.16872e-11,               0.1063
         1.17236e-11,               0.1064
         1.17604e-11,               0.1065
         1.17975e-11,               0.1066
         1.18349e-11,               0.1067
         1.18727e-11,               0.1068
         1.19109e-11,               0.1069
         1.19494e-11,                0.107
         1.19882e-11,               0.1071
         1.20275e-11,               0.1072
          1.2067e-11,               0.1073
          1.2107e-11,               0.1074
         1.21473e-11,               0.1075
         1.21879e-11,               0.1076
         1.22289e-11,               0.1077
         1.22703e-11,               0.1078
         1.23121e-11,               0.1079
         1.23542e-11,                0.108
         1.23967e-11,               0.1081
         1.24396e-11,               0.1082
         1.24828e-11,               0.1083
         1.25264e-11,               0.1084
         1.25704e-11,               0.1085
         1.26148e-11,               0.1086
         1.26596e-11,               0.1087
         1.27047e-11,               0.1088
         1.27502e-11,               0.1089
         1.27961e-11,                0.109
         1.28424e-11,               0.1091
         1.28891e-11,               0.1092
         1.29362e-11,               0.1093
         1.29837e-11,               0.1094
         1.30316e-11,               0.1095
         1.30798e-11,               0.1096
         1.31285e-11,               0.1097
         1.31776e-11,               0.1098
         1.32271e-11,               0.1099
         1.32769e-11,                 0.11
         1.33272e-11,               0.1101
          1.3378e-11,               0.1102
         1.34291e-11,               0.1103
         1.34806e-11,               0.1104
         1.35326e-11,               0.1105
         1.35849e-11,               0.1106
         1.36377e-11,               0.1107
         1.36909e-11,               0.1108
         1.37446e-11,               0.1109
         1.37987e-11,                0.111
         1.38532e-11,               0.1111
         1.39081e-11,               0.1112
         1.39635e-11,               0.1113
         1.40193e-11,               0.1114
         1.40756e-11,               0.1115
         1.41323e-11,               0.1116
         1.41894e-11,               0.1117
          1.4247e-11,               0.1118
         1.43051e-11,               0.1119
         1.43636e-11,                0.112
         1.44225e-11,               0.1121
          1.4482e-11,               0.1122
         1.45419e-11,               0.1123
         1.46022e-11,               0.1124
          1.4663e-11,               0.1125
         1.47243e-11,               0.1126
         1.47861e-11,               0.1127
         1.48483e-11,               0.1128
         1.49111e-11,               0.1129
         1.49743e-11,                0.113
         1.50379e-11,               0.1131
         1.51021e-11,               0.1132
         1.51668e-11,               0.1133
          1.5232e-11,               0.1134
         1.52976e-11,               0.1135
         1.53638e-11,               0.1136
         1.54305e-11,               0.1137
         1.54976e-11,               0.1138
         1.55653e-11,               0.1139
         1.56335e-11,                0.114
         1.57022e-11,               0.1141
         1.57715e-11,               0.1142
         1.58412e-11,               0.1143
         1.59115e-11,               0.1144
         1.59823e-11,               0.1145
         1.60537e-11,               0.1146
         1.61256e-11,               0.1147
          1.6198e-11,               0.1148
          1.6271e-11,               0.1149
         1.63445e-11,                0.115
         1.64186e-11,               0.1151
         1.64932e-11,               0.1152
         1.65684e-11,               0.1153
         1.66441e-11,               0.1154
         1.67204e-11,               0.1155
         1.67973e-11,               0.1156
         1.68748e-11,               0.1157
         1.69528e-11,               0.1158
         1.70314e-11,               0.1159
         1.71106e-11,                0.116
         1.71904e-11,               0.1161
         1.72708e-11,               0.1162
         1.73518e-11,               0.1163
         1.74333e-11,               0.1164
         1.75155e-11,               0.1165
         1.75983e-11,               0.1166
         1.76817e-11,               0.1167
         1.77658e-11,               0.1168
         1.78504e-11,               0.1169
         1.79357e-11,                0.117
         1.80216e-11,               0.1171
         1.81081e-11,               0.1172
         1.81953e-11,               0.1173
         1.82831e-11,               0.1174
         1.83716e-11,               0.1175
         1.84607e-11,               0.1176
         1.85505e-11,               0.1177
         1.86409e-11,               0.1178
          1.8732e-11,               0.1179
         1.88238e-11,                0.118
         1.89163e-11,               0.1181
         1.90094e-11,               0.1182
         1.91032e-11,               0.1183
         1.91977e-11,               0.1184
         1.92929e-11,               0.1185
         1.93888e-11,               0.1186
         1.94854e-11,               0.1187
         1.95828e-11,               0.1188
         1.96808e-11,               0.1189
         1.97796e-11,                0.119
          1.9879e-11,               0.1191
         1.99792e-11,               0.1192
         2.00802e-11,               0.1193
         2.01819e-11,               0.1194
         2.02843e-11,               0.1195
         2.03875e-11,               0.1196
         2.04914e-11,               0.1197
         2.05961e-11,               0.1198
         2.07016e-11,               0.1199
         2.08078e-11,                 0.12
         2.09148e-11,               0.1201
         2.10226e-11,               0.1202
         2.11312e-11,               0.1203
         2.12406e-11,               0.1204
         2.13508e-11,               0.1205
         2.14618e-11,               0.1206
         2.15736e-11,               0.1207
         2.16862e-11,               0.1208
         2.17997e-11,               0.1209
          2.1914e-11,                0.121
         2.20291e-11,               0.1211
         2.21451e-11,               0.1212
         2.22619e-11,               0.1213
         2.23796e-11,               0.1214
         2.24981e-11,               0.1215
         2.26175e-11,               0.1216
         2.27378e-11,               0.1217
          2.2859e-11,               0.1218
          2.2981e-11,               0.1219
          2.3104e-11,                0.122
         2.32278e-11,               0.1221
         2.33526e-11,               0.1222
         2.34782e-11,               0.1223
         2.36048e-11,               0.1224
         2.37323e-11,               0.1225
         2.38608e-11,               0.1226
         2.39902e-11,               0.1227
         2.41205e-11,               0.1228
         2.42519e-11,               0.1229
         2.43841e-11,                0.123
         2.45174e-11,               0.1231
         2.46516e-11,               0.1232
         2.47868e-11,               0.1233
          2.4923e-11,               0.1234
         2.50602e-11,               0.1235
         2.51984e-11,               0.1236
         2.53376e-11,               0.1237
         2.54779e-11,               0.1238
         2.56192e-11,               0.1239
         2.57615e-11,                0.124
         2.59048e-11,               0.1241
         2.60493e-11,               0.1242
         2.61948e-11,               0.1243
         2.63413e-11,               0.1244
          2.6489e-11,               0.1245
         2.66377e-11,               0.1246
         2.67875e-11,               0.1247
         2.69384e-11,               0.1248
         2.70905e-11,               0.1249
         2.72436e-11,                0.125
         2.73979e-11,               0.1251
         2.75534e-11,               0.1252
         2.77099e-11,               0.1253
         2.78677e-11,               0.1254
         2.80266e-11,               0.1255
         2.81866e-11,               0.1256
         2.83479e-11,               0.1257
         2.85104e-11,               0.1258
          2.8674e-11,               0.1259
         2.88389e-11,                0.126
          2.9005e-11,               0.1261
         2.91723e-11,               0.1262
         2.93408e-11,               0.1263
         2.95106e-11,               0.1264
         2.96817e-11,               0.1265
          2.9854e-11,               0.1266
         3.00276e-11,               0.1267
         3.02025e-11,               0.1268
         3.03787e-11,               0.1269
         3.05562e-11,                0.127
         3.07351e-11,               0.1271
         3.09152e-11,               0.1272
         3.10967e-11,               0.1273
         3.12796e-11,               0.1274
         3.14638e-11,               0.1275
         3.16494e-11,               0.1276
         3.18363e-11,               0.1277
         3.20247e-11,               0.1278
         3.22144e-11,               0.1279
         3.24056e-11,                0.128
         3.25982e-11,               0.1281
         3.27922e-11,               0.1282
         3.29877e-11,               0.1283
         3.31847e-11,               0.1284
         3.33831e-11,               0.1285
          3.3583e-11,               0.1286
         3.37844e-11,               0.1287
         3.39873e-11,               0.1288
         3.41918e-11,               0.1289
         3.43977e-11,                0.129
         3.46052e-11,               0.1291
         3.48143e-11,               0.1292
         3.50249e-11,               0.1293
         3.52371e-11,               0.1294
         3.54509e-11,               0.1295
         3.56663e-11,               0.1296
         3.58833e-11,               0.1297
          3.6102e-11,               0.1298
         3.63223e-11,               0.1299
         3.65443e-11,                 0.13
         3.67679e-11,               0.1301
         3.69932e-11,               0.1302
         3.72202e-11,               0.1303
          3.7449e-11,               0.1304
         3.76794e-11,               0.1305
         3.79116e-11,               0.1306
         3.81456e-11,               0.1307
         3.83813e-11,               0.1308
         3.86188e-11,               0.1309
         3.88581e-11,                0.131
         3.90992e-11,               0.1311
         3.93421e-11,               0.1312
         3.95869e-11,               0.1313
         3.98335e-11,               0.1314
          4.0082e-11,               0.1315
         4.03324e-11,               0.1316
         4.05847e-11,               0.1317
         4.08389e-11,               0.1318
         4.10951e-11,               0.1319
         4.13531e-11,                0.132
         4.16132e-11,               0.1321
         4.18752e-11,               0.1322
         4.21392e-11,               0.1323
         4.24053e-11,               0.1324
         4.26733e-11,               0.1325
         4.29434e-11,               0.1326
         4.32156e-11,               0.1327
         4.34898e-11,               0.1328
         4.37662e-11,               0.1329
         4.40446e-11,                0.133
         4.43252e-11,               0.1331
         4.46079e-11,               0.1332
         4.48928e-11,               0.1333
         4.51799e-11,               0.1334
         4.54692e-11,               0.1335
         4.57607e-11,               0.1336
         4.60544e-11,               0.1337
         4.63504e-11,               0.1338
         4.66487e-11,               0.1339
         4.69492e-11,                0.134
         4.72521e-11,               0.1341
         4.75573e-11,               0.1342
         4.78648e-11,               0.1343
         4.81747e-11,               0.1344
         4.84871e-11,               0.1345
         4.88018e-11,               0.1346
         4.91189e-11,               0.1347
         4.94385e-11,               0.1348
         4.97606e-11,               0.1349
         5.00851e-11,                0.135
         5.04122e-11,               0.1351
         5.07418e-11,               0.1352
         5.10739e-11,               0.1353
         5.14086e-11,               0.1354
         5.17459e-11,               0.1355
         5.20859e-11,               0.1356
         5.24284e-11,               0.1357
         5.27736e-11,               0.1358
         5.31216e-11,               0.1359
         5.34722e-11,                0.136
         5.38255e-11,               0.1361
         5.41816e-11,               0.1362
         5.45405e-11,               0.1363
         5.49021e-11,               0.1364
         5.52666e-11,               0.1365
         5.56339e-11,               0.1366
         5.60041e-11,               0.1367
         5.63772e-11,               0.1368
         5.67532e-11,               0.1369
         5.71321e-11,                0.137
         5.75141e-11,               0.1371
          5.7899e-11,               0.1372
         5.82869e-11,               0.1373
         5.86778e-11,               0.1374
         5.90718e-11,               0.1375
         5.94689e-11,               0.1376
         5.98692e-11,               0.1377
         6.02725e-11,               0.1378
         6.06791e-11,               0.1379
         6.10888e-11,                0.138
         6.15018e-11,               0.1381
          6.1918e-11,               0.1382
         6.23375e-11,               0.1383
         6.27603e-11,               0.1384
         6.31865e-11,               0.1385
          6.3616e-11,               0.1386
         6.40489e-11,               0.1387
         6.44852e-11,               0.1388
          6.4925e-11,               0.1389
         6.53683e-11,                0.139
          6.5815e-11,               0.1391
         6.62653e-11,               0.1392
         6.67192e-11,               0.1393
         6.71767e-11,               0.1394
         6.76378e-11,               0.1395
         6.81026e-11,               0.1396
         6.85711e-11,               0.1397
         6.90433e-11,               0.1398
         6.95192e-11,               0.1399
          6.9999e-11,                 0.14
         7.04825e-11,               0.1401
         7.09699e-11,               0.1402
         7.14613e-11,               0.1403
         7.19565e-11,               0.1404
         7.24557e-11,               0.1405
         7.29589e-11,               0.1406
         7.34661e-11,               0.1407
         7.39773e-11,               0.1408
         7.44927e-11,               0.1409
         7.50122e-11,                0.141
         7.55358e-11,               0.1411
         7.60636e-11,               0.1412
         7.65957e-11,               0.1413
         7.71321e-11,               0.1414
         7.76728e-11,               0.1415
         7.82178e-11,               0.1416
         7.87672e-11,               0.1417
          7.9321e-11,               0.1418
         7.98793e-11,               0.1419
         8.04421e-11,                0.142
         8.10094e-11,               0.1421
         8.15813e-11,               0.1422
         8.21579e-11,               0.1423
          8.2739e-11,               0.1424
         8.33249e-11,               0.1425
         8.39156e-11,               0.1426
          8.4511e-11,               0.1427
         8.51112e-11,               0.1428
         8.57163e-11,               0.1429
         8.63263e-11,                0.143
         8.69413e-11,               0.1431
         8.75612e-11,               0.1432
         8.81862e-11,               0.1433
         8.88163e-11,               0.1434
         8.94515e-11,               0.1435
         9.00919e-11,               0.1436
         9.07375e-11,               0.1437
         9.13884e-11,               0.1438
         9.20445e-11,               0.1439
         9.27061e-11,                0.144
          9.3373e-11,               0.1441
         9.40454e-11,               0.1442
         9.47233e-11,               0.1443
         9.54067e-11,               0.1444
         9.60957e-11,               0.1445
         9.67904e-11,               0.1446
         9.74908e-11,               0.1447
         9.81969e-11,               0.1448
         9.89088e-11,               0.1449
         9.96265e-11,                0.145
          1.0035e-10,               0.1451
          1.0108e-10,               0.1452
         1.01815e-10,               0.1453
         1.02557e-10,               0.1454
         1.03305e-10,               0.1455
         1.04059e-10,               0.1456
         1.04819e-10,               0.1457
         1.05586e-10,               0.1458
         1.06358e-10,               0.1459
         1.07137e-10,                0.146
         1.07923e-10,               0.1461
         1.08715e-10,               0.1462
         1.09514e-10,               0.1463
         1.10319e-10,               0.1464
         1.11131e-10,               0.1465
          1.1195e-10,               0.1466
         1.12775e-10,               0.1467
         1.13608e-10,               0.1468
         1.14447e-10,               0.1469
         1.15293e-10,                0.147
         1.16147e-10,               0.1471
         1.17007e-10,               0.1472
         1.17875e-10,               0.1473
          1.1875e-10,               0.1474
         1.19632e-10,               0.1475
         1.20521e-10,               0.1476
         1.21418e-10,               0.1477
         1.22323e-10,               0.1478
         1.23235e-10,               0.1479
         1.24155e-10,                0.148
         1.25082e-10,               0.1481
         1.26017e-10,               0.1482
          1.2696e-10,               0.1483
         1.27911e-10,               0.1484
          1.2887e-10,               0.1485
         1.29837e-10,               0.1486
         1.30812e-10,               0.1487
         1.31795e-10,               0.1488
         1.32787e-10,               0.1489
         1.33787e-10,                0.149
         1.34795e-10,               0.1491
         1.35812e-10,               0.1492
         1.36837e-10,               0.1493
         1.37872e-10,               0.1494
         1.38914e-10,               0.1495
         1.39966e-10,               0.1496
         1.41027e-10,               0.1497
         1.42096e-10,               0.1498
         1.43175e-10,               0.1499
         1.44263e-10,                 0.15
          1.4536e-10,               0.1501
         1.46466e-10,               0.1502
         1.47582e-10,               0.1503
         1.48707e-10,               0.1504
         1.49842e-10,               0.1505
         1.50987e-10,               0.1506
         1.52141e-10,               0.1507
         1.53305e-10,               0.1508
         1.54479e-10,               0.1509
         1.55663e-10,                0.151
         1.56857e-10,               0.1511
         1.58061e-10,               0.1512
         1.59276e-10,               0.1513
         1.60501e-10,               0.1514
         1.61737e-10,               0.1515
         1.62983e-10,               0.1516
          1.6424e-10,               0.1517
         1.65507e-10,               0.1518
         1.66786e-10,               0.1519
         1.68075e-10,                0.152
         1.69376e-10,               0.1521
         1.70687e-10,               0.1522
          1.7201e-10,               0.1523
         1.73345e-10,               0.1524
         1.74691e-10,               0.1525
         1.76048e-10,               0.1526
         1.77418e-10,               0.1527
         1.78799e-10,               0.1528
         1.80192e-10,               0.1529
         1.81597e-10,                0.153
         1.83014e-10,               0.1531
         1.84444e-10,               0.1532
         1.85886e-10,               0.1533
          1.8734e-10,               0.1534
         1.88807e-10,               0.1535
         1.90287e-10,               0.1536
         1.91779e-10,               0.1537
         1.93285e-10,               0.1538
         1.94804e-10,               0.1539
         1.96336e-10,                0.154
         1.97881e-10,               0.1541
          1.9944e-10,               0.1542
         2.01012e-10,               0.1543
         2.02598e-10,               0.1544
         2.04198e-10,               0.1545
         2.05812e-10,               0.1546
          2.0744e-10,               0.1547
         2.09082e-10,               0.1548
         2.10739e-10,               0.1549
          2.1241e-10,                0.155
         2.14096e-10,               0.1551
         2.15796e-10,               0.1552
         2.17512e-10,               0.1553
         2.19242e-10,               0.1554
         2.20988e-10,               0.1555
         2.22749e-10,               0.1556
         2.24526e-10,               0.1557
         2.26318e-10,               0.1558
         2.28126e-10,               0.1559
          2.2995e-10,                0.156
         2.31791e-10,               0.1561
         2.33647e-10,               0.1562
          2.3552e-10,               0.1563
         2.37409e-10,               0.1564
         2.39315e-10,               0.1565
         2.41238e-10,               0.1566
         2.43178e-10,               0.1567
         2.45136e-10,               0.1568
          2.4711e-10,               0.1569
         2.49102e-10,                0.157
         2.51112e-10,               0.1571
          2.5314e-10,               0.1572
         2.55185e-10,               0.1573
         2.57249e-10,               0.1574
         2.59332e-10,               0.1575
         2.61432e-10,               0.1576
         2.63552e-10,               0.1577
         2.65691e-10,               0.1578
         2.67848e-10,               0.1579
         2.70025e-10,                0.158
         2.72221e-10,               0.1581
         2.74437e-10,               0.1582
         2.76673e-10,               0.1583
         2.78929e-10,               0.1584
         2.81205e-10,               0.1585
         2.83502e-10,               0.1586
         2.85819e-10,               0.1587
         2.88157e-10,               0.1588
         2.90516e-10,               0.1589
         2.92896e-10,                0.159
         2.95298e-10,               0.1591
         2.97721e-10,               0.1592
         3.00166e-10,               0.1593
         3.02633e-10,               0.1594
         3.05123e-10,               0.1595
         3.07635e-10,               0.1596
         3.10169e-10,               0.1597
         3.12727e-10,               0.1598
         3.15308e-10,               0.1599
         3.17912e-10,                 0.16
         3.20539e-10,               0.1601
         3.23191e-10,               0.1602
         3.25866e-10,               0.1603
         3.28566e-10,               0.1604
         3.31291e-10,               0.1605
          3.3404e-10,               0.1606
         3.36814e-10,               0.1607
         3.39613e-10,               0.1608
         3.42438e-10,               0.1609
         3.45289e-10,                0.161
         3.48166e-10,               0.1611
         3.51069e-10,               0.1612
         3.53998e-10,               0.1613
         3.56954e-10,               0.1614
         3.59938e-10,               0.1615
         3.62948e-10,               0.1616
         3.65986e-10,               0.1617
         3.69052e-10,               0.1618
         3.72146e-10,               0.1619
         3.75269e-10,                0.162
          3.7842e-10,               0.1621
           3.816e-10,               0.1622
          3.8481e-10,               0.1623
         3.88049e-10,               0.1624
         3.91317e-10,               0.1625
         3.94616e-10,               0.1626
         3.97946e-10,               0.1627
         4.01306e-10,               0.1628
         4.04697e-10,               0.1629
         4.08119e-10,                0.163
         4.11573e-10,               0.1631
         4.15059e-10,               0.1632
         4.18577e-10,               0.1633
         4.22128e-10,               0.1634
         4.25712e-10,               0.1635
         4.29329e-10,               0.1636
         4.32979e-10,               0.1637
         4.36664e-10,               0.1638
         4.40382e-10,               0.1639
         4.44136e-10,                0.164
         4.47924e-10,               0.1641
         4.51747e-10,               0.1642
         4.55607e-10,               0.1643
         4.59502e-10,               0.1644
         4.63433e-10,               0.1645
         4.67401e-10,               0.1646
         4.71407e-10,               0.1647
          4.7545e-10,               0.1648
          4.7953e-10,               0.1649
         4.83649e-10,                0.165
         4.87806e-10,               0.1651
         4.92003e-10,               0.1652
         4.96239e-10,               0.1653
         5.00514e-10,               0.1654
          5.0483e-10,               0.1655
         5.09186e-10,               0.1656
         5.13583e-10,               0.1657
         5.18022e-10,               0.1658
         5.22503e-10,               0.1659
         5.27025e-10,                0.166
         5.31591e-10,               0.1661
         5.36199e-10,               0.1662
         5.40851e-10,               0.1663
         5.45547e-10,               0.1664
         5.50288e-10,               0.1665
         5.55073e-10,               0.1666
         5.59904e-10,               0.1667
          5.6478e-10,               0.1668
         5.69703e-10,               0.1669
         5.74673e-10,                0.167
         5.79689e-10,               0.1671
         5.84754e-10,               0.1672
         5.89866e-10,               0.1673
         5.95027e-10,               0.1674
         6.00238e-10,               0.1675
         6.05498e-10,               0.1676
         6.10808e-10,               0.1677
         6.16169e-10,               0.1678
         6.21581e-10,               0.1679
         6.27045e-10,                0.168
         6.32561e-10,               0.1681
          6.3813e-10,               0.1682
         6.43752e-10,               0.1683
         6.49428e-10,               0.1684
         6.55159e-10,               0.1685
         6.60944e-10,               0.1686
         6.66785e-10,               0.1687
         6.72683e-10,               0.1688
         6.78637e-10,               0.1689
         6.84648e-10,                0.169
         6.90717e-10,               0.1691
         6.96845e-10,               0.1692
         7.03032e-10,               0.1693
         7.09278e-10,               0.1694
         7.15585e-10,               0.1695
         7.21953e-10,               0.1696
         7.28382e-10,               0.1697
         7.34873e-10,               0.1698
         7.41428e-10,               0.1699
         7.48046e-10,                 0.17
         7.54728e-10,               0.1701
         7.61475e-10,               0.1702
         7.68287e-10,               0.1703
         7.75166e-10,               0.1704
         7.82112e-10,               0.1705
         7.89125e-10,               0.1706
         7.96206e-10,               0.1707
         8.03357e-10,               0.1708
         8.10577e-10,               0.1709
         8.17868e-10,                0.171
         8.25229e-10,               0.1711
         8.32663e-10,               0.1712
          8.4017e-10,               0.1713
          8.4775e-10,               0.1714
         8.55404e-10,               0.1715
         8.63133e-10,               0.1716
         8.70938e-10,               0.1717
          8.7882e-10,               0.1718
         8.86779e-10,               0.1719
         8.94816e-10,                0.172
         9.02932e-10,               0.1721
         9.11128e-10,               0.1722
         9.19405e-10,               0.1723
         9.27764e-10,               0.1724
         9.36204e-10,               0.1725
         9.44729e-10,               0.1726
         9.53337e-10,               0.1727
          9.6203e-10,               0.1728
          9.7081e-10,               0.1729
         9.79676e-10,                0.173
          9.8863e-10,               0.1731
         9.97673e-10,               0.1732
         1.00681e-09,               0.1733
         1.01603e-09,               0.1734
         1.02534e-09,               0.1735
         1.03475e-09,               0.1736
         1.04425e-09,               0.1737
         1.05385e-09,               0.1738
         1.06354e-09,               0.1739
         1.07333e-09,                0.174
         1.08321e-09,               0.1741
         1.09319e-09,               0.1742
         1.10328e-09,               0.1743
         1.11346e-09,               0.1744
         1.12375e-09,               0.1745
         1.13414e-09,               0.1746
         1.14463e-09,               0.1747
         1.15523e-09,               0.1748
         1.16594e-09,               0.1749
         1.17675e-09,                0.175
         1.18767e-09,               0.1751
          1.1987e-09,               0.1752
         1.20984e-09,               0.1753
          1.2211e-09,               0.1754
         1.23246e-09,               0.1755
         1.24394e-09,               0.1756
         1.25554e-09,               0.1757
         1.26726e-09,               0.1758
         1.27909e-09,               0.1759
         1.29104e-09,                0.176
         1.30312e-09,               0.1761
         1.31531e-09,               0.1762
         1.32763e-09,               0.1763
         1.34008e-09,               0.1764
         1.35265e-09,               0.1765
         1.36535e-09,               0.1766
         1.37817e-09,               0.1767
         1.39113e-09,               0.1768
         1.40422e-09,               0.1769
         1.41745e-09,                0.177
          1.4308e-09,               0.1771
          1.4443e-09,               0.1772
         1.45793e-09,               0.1773
          1.4717e-09,               0.1774
         1.48561e-09,               0.1775
         1.49967e-09,               0.1776
         1.51387e-09,               0.1777
         1.52821e-09,               0.1778
          1.5427e-09,               0.1779
         1.55734e-09,                0.178
         1.57213e-09,               0.1781
         1.58707e-09,               0.1782
         1.60217e-09,               0.1783
         1.61742e-09,               0.1784
         1.63282e-09,               0.1785
         1.64839e-09,               0.1786
         1.66412e-09,               0.1787
         1.68001e-09,               0.1788
         1.69606e-09,               0.1789
         1.71228e-09,                0.179
         1.72867e-09,               0.1791
         1.74522e-09,               0.1792
         1.76195e-09,               0.1793
         1.77885e-09,               0.1794
         1.79593e-09,               0.1795
         1.81318e-09,               0.1796
         1.83062e-09,               0.1797
         1.84823e-09,               0.1798
         1.86603e-09,               0.1799
         1.88401e-09,                 0.18
         1.90218e-09,               0.1801
         1.92054e-09,               0.1802
          1.9391e-09,               0.1803
         1.95784e-09,               0.1804
         1.97678e-09,               0.1805
         1.99592e-09,               0.1806
         2.01526e-09,               0.1807
          2.0348e-09,               0.1808
         2.05455e-09,               0.1809
         2.07451e-09,                0.181
         2.09467e-09,               0.1811
         2.11505e-09,               0.1812
         2.13564e-09,               0.1813
         2.15644e-09,               0.1814
         2.17747e-09,               0.1815
         2.19872e-09,               0.1816
         2.22019e-09,               0.1817
         2.24189e-09,               0.1818
         2.26381e-09,               0.1819
         2.28597e-09,                0.182
         2.30837e-09,               0.1821
           2.331e-09,               0.1822
         2.35387e-09,               0.1823
         2.37698e-09,               0.1824
         2.40034e-09,               0.1825
         2.42394e-09,               0.1826
          2.4478e-09,               0.1827
         2.47191e-09,               0.1828
         2.49628e-09,               0.1829
         2.52091e-09,                0.183
          2.5458e-09,               0.1831
         2.57095e-09,               0.1832
         2.59637e-09,               0.1833
         2.62207e-09,               0.1834
         2.64804e-09,               0.1835
         2.67429e-09,               0.1836
         2.70082e-09,               0.1837
         2.72763e-09,               0.1838
         2.75473e-09,               0.1839
         2.78212e-09,                0.184
         2.80981e-09,               0.1841
         2.83779e-09,               0.1842
         2.86608e-09,               0.1843
         2.89466e-09,               0.1844
         2.92356e-09,               0.1845
         2.95277e-09,               0.1846
         2.98229e-09,               0.1847
         3.01214e-09,               0.1848
          3.0423e-09,               0.1849
         3.07279e-09,                0.185
         3.10362e-09,               0.1851
         3.13477e-09,               0.1852
         3.16627e-09,               0.1853
          3.1981e-09,               0.1854
         3.23028e-09,               0.1855
         3.26281e-09,               0.1856
          3.2957e-09,               0.1857
         3.32894e-09,               0.1858
         3.36255e-09,               0.1859
         3.39652e-09,                0.186
         3.43086e-09,               0.1861
         3.46558e-09,               0.1862
         3.50067e-09,               0.1863
         3.53616e-09,               0.1864
         3.57202e-09,               0.1865
         3.60829e-09,               0.1866
         3.64495e-09,               0.1867
         3.68201e-09,               0.1868
         3.71948e-09,               0.1869
         3.75736e-09,                0.187
         3.79565e-09,               0.1871
         3.83437e-09,               0.1872
         3.87352e-09,               0.1873
          3.9131e-09,               0.1874
         3.95311e-09,               0.1875
         3.99356e-09,               0.1876
         4.03447e-09,               0.1877
         4.07582e-09,               0.1878
         4.11764e-09,               0.1879
         4.15991e-09,                0.188
         4.20266e-09,               0.1881
         4.24588e-09,               0.1882
         4.28958e-09,               0.1883
         4.33376e-09,               0.1884
         4.37844e-09,               0.1885
         4.42361e-09,               0.1886
         4.46929e-09,               0.1887
         4.51548e-09,               0.1888
         4.56218e-09,               0.1889
          4.6094e-09,                0.189
         4.65715e-09,               0.1891
         4.70544e-09,               0.1892
         4.75427e-09,               0.1893
         4.80364e-09,               0.1894
         4.85357e-09,               0.1895
         4.90406e-09,               0.1896
         4.95511e-09,               0.1897
         5.00674e-09,               0.1898
         5.05895e-09,               0.1899
         5.11175e-09,                 0.19
         5.16515e-09,               0.1901
         5.21914e-09,               0.1902
         5.27375e-09,               0.1903
         5.32897e-09,               0.1904
         5.38482e-09,               0.1905
          5.4413e-09,               0.1906
         5.49842e-09,               0.1907
         5.55618e-09,               0.1908
         5.61461e-09,               0.1909
         5.67369e-09,                0.191
         5.73345e-09,               0.1911
         5.79389e-09,               0.1912
         5.85501e-09,               0.1913
         5.91684e-09,               0.1914
         5.97936e-09,               0.1915
          6.0426e-09,               0.1916
         6.10657e-09,               0.1917
         6.17126e-09,               0.1918
          6.2367e-09,               0.1919
         6.30288e-09,                0.192
         6.36982e-09,               0.1921
         6.43754e-09,               0.1922
         6.50602e-09,               0.1923
          6.5753e-09,               0.1924
         6.64537e-09,               0.1925
         6.71625e-09,               0.1926
         6.78795e-09,               0.1927
         6.86047e-09,               0.1928
         6.93383e-09,               0.1929
         7.00804e-09,                0.193
         7.08311e-09,               0.1931
         7.15904e-09,               0.1932
         7.23585e-09,               0.1933
         7.31356e-09,               0.1934
         7.39216e-09,               0.1935
         7.47168e-09,               0.1936
         7.55213e-09,               0.1937
          7.6335e-09,               0.1938
         7.71583e-09,               0.1939
         7.79912e-09,                0.194
         7.88337e-09,               0.1941
         7.96861e-09,               0.1942
         8.05485e-09,               0.1943
         8.14209e-09,               0.1944
         8.23036e-09,               0.1945
         8.31966e-09,               0.1946
         8.41001e-09,               0.1947
         8.50142e-09,               0.1948
          8.5939e-09,               0.1949
         8.68746e-09,                0.195
         8.78213e-09,               0.1951
         8.87792e-09,               0.1952
         8.97483e-09,               0.1953
         9.07289e-09,               0.1954
          9.1721e-09,               0.1955
         9.27249e-09,               0.1956
         9.37407e-09,               0.1957
         9.47684e-09,               0.1958
         9.58084e-09,               0.1959
         9.68607e-09,                0.196
         9.79255e-09,               0.1961
         9.90029e-09,               0.1962
         1.00093e-08,               0.1963
         1.01196e-08,               0.1964
         1.02313e-08,               0.1965
         1.03443e-08,               0.1966
         1.04586e-08,               0.1967
         1.05743e-08,               0.1968
         1.06913e-08,               0.1969
         1.08098e-08,                0.197
         1.09297e-08,               0.1971
          1.1051e-08,               0.1972
         1.11738e-08,               0.1973
         1.12981e-08,               0.1974
         1.14238e-08,               0.1975
         1.15511e-08,               0.1976
         1.16799e-08,               0.1977
         1.18102e-08,               0.1978
         1.19422e-08,               0.1979
         1.20757e-08,                0.198
         1.22108e-08,               0.1981
         1.23476e-08,               0.1982
          1.2486e-08,               0.1983
         1.26261e-08,               0.1984
         1.27679e-08,               0.1985
         1.29115e-08,               0.1986
         1.30567e-08,               0.1987
         1.32038e-08,               0.1988
         1.33526e-08,               0.1989
         1.35033e-08,                0.199
         1.36558e-08,               0.1991
         1.38101e-08,               0.1992
         1.39663e-08,               0.1993
         1.41245e-08,               0.1994
         1.42846e-08,               0.1995
         1.44466e-08,               0.1996
         1.46107e-08,               0.1997
         1.47768e-08,               0.1998
         1.49449e-08,               0.1999
          1.5115e-08,                  0.2
         1.52873e-08,               0.2001
         1.54617e-08,               0.2002
         1.56383e-08,               0.2003
          1.5817e-08,               0.2004
         1.59979e-08,               0.2005
         1.61811e-08,               0.2006
         1.63666e-08,               0.2007
         1.65543e-08,               0.2008
         1.67444e-08,               0.2009
         1.69369e-08,                0.201
         1.71317e-08,               0.2011
          1.7329e-08,               0.2012
         1.75287e-08,               0.2013
          1.7731e-08,               0.2014
         1.79357e-08,               0.2015
          1.8143e-08,               0.2016
          1.8353e-08,               0.2017
         1.85655e-08,               0.2018
         1.87807e-08,               0.2019
         1.89986e-08,                0.202
         1.92193e-08,               0.2021
         1.94427e-08,               0.2022
         1.96689e-08,               0.2023
          1.9898e-08,               0.2024
           2.013e-08,               0.2025
         2.03649e-08,               0.2026
         2.06028e-08,               0.2027
         2.08437e-08,               0.2028
         2.10877e-08,               0.2029
         2.13347e-08,                0.203
         2.15849e-08,               0.2031
         2.18383e-08,               0.2032
         2.20949e-08,               0.2033
         2.23547e-08,               0.2034
         2.26179e-08,               0.2035
         2.28844e-08,               0.2036
         2.31543e-08,               0.2037
         2.34277e-08,               0.2038
         2.37046e-08,               0.2039
          2.3985e-08,                0.204
         2.42691e-08,               0.2041
         2.45567e-08,               0.2042
         2.48481e-08,               0.2043
         2.51432e-08,               0.2044
         2.54422e-08,               0.2045
         2.57449e-08,               0.2046
         2.60516e-08,               0.2047
         2.63623e-08,               0.2048
          2.6677e-08,               0.2049
         2.69957e-08,                0.205
         2.73186e-08,               0.2051
         2.76457e-08,               0.2052
          2.7977e-08,               0.2053
         2.83126e-08,               0.2054
         2.86526e-08,               0.2055
         2.89971e-08,               0.2056
          2.9346e-08,               0.2057
         2.96995e-08,               0.2058
         3.00576e-08,               0.2059
         3.04204e-08,                0.206
         3.07879e-08,               0.2061
         3.11603e-08,               0.2062
         3.15375e-08,               0.2063
         3.19198e-08,               0.2064
          3.2307e-08,               0.2065
         3.26994e-08,               0.2066
         3.30969e-08,               0.2067
         3.34997e-08,               0.2068
         3.39078e-08,               0.2069
         3.43213e-08,                0.207
         3.47403e-08,               0.2071
         3.51648e-08,               0.2072
          3.5595e-08,               0.2073
         3.60309e-08,               0.2074
         3.64726e-08,               0.2075
         3.69202e-08,               0.2076
         3.73737e-08,               0.2077
         3.78333e-08,               0.2078
         3.82991e-08,               0.2079
         3.87711e-08,                0.208
         3.92494e-08,               0.2081
         3.97341e-08,               0.2082
         4.02253e-08,               0.2083
         4.07232e-08,               0.2084
         4.12277e-08,               0.2085
          4.1739e-08,               0.2086
         4.22573e-08,               0.2087
         4.27825e-08,               0.2088
         4.33148e-08,               0.2089
         4.38544e-08,                0.209
         4.44012e-08,               0.2091
         4.49555e-08,               0.2092
         4.55173e-08,               0.2093
         4.60868e-08,               0.2094
          4.6664e-08,               0.2095
          4.7249e-08,               0.2096
         4.78421e-08,               0.2097
         4.84432e-08,               0.2098
         4.90526e-08,               0.2099
         4.96704e-08,                 0.21
         5.02965e-08,               0.2101
         5.09313e-08,               0.2102
         5.15749e-08,               0.2103
         5.22272e-08,               0.2104
         5.28886e-08,               0.2105
         5.35591e-08,               0.2106
         5.42388e-08,               0.2107
          5.4928e-08,               0.2108
         5.56267e-08,               0.2109
          5.6335e-08,                0.211
         5.70532e-08,               0.2111
         5.77814e-08,               0.2112
         5.85197e-08,               0.2113
         5.92683e-08,               0.2114
         6.00274e-08,               0.2115
          6.0797e-08,               0.2116
         6.15774e-08,               0.2117
         6.23687e-08,               0.2118
         6.31712e-08,               0.2119
         6.39848e-08,                0.212
         6.48099e-08,               0.2121
         6.56467e-08,               0.2122
         6.64952e-08,               0.2123
         6.73556e-08,               0.2124
         6.82282e-08,               0.2125
         6.91132e-08,               0.2126
         7.00107e-08,               0.2127
         7.09209e-08,               0.2128
          7.1844e-08,               0.2129
         7.27803e-08,                0.213
         7.37298e-08,               0.2131
         7.46929e-08,               0.2132
         7.56697e-08,               0.2133
         7.66605e-08,               0.2134
         7.76655e-08,               0.2135
         7.86848e-08,               0.2136
         7.97188e-08,               0.2137
         8.07676e-08,               0.2138
         8.18315e-08,               0.2139
         8.29107e-08,                0.214
         8.40055e-08,               0.2141
          8.5116e-08,               0.2142
         8.62427e-08,               0.2143
         8.73856e-08,               0.2144
         8.85451e-08,               0.2145
         8.97214e-08,               0.2146
         9.09148e-08,               0.2147
         9.21256e-08,               0.2148
          9.3354e-08,               0.2149
         9.46003e-08,                0.215
         9.58648e-08,               0.2151
         9.71479e-08,               0.2152
         9.84497e-08,               0.2153
         9.97706e-08,               0.2154
         1.01111e-07,               0.2155
         1.02471e-07,               0.2156
         1.03851e-07,               0.2157
         1.05251e-07,               0.2158
         1.06673e-07,               0.2159
         1.08115e-07,                0.216
         1.09578e-07,               0.2161
         1.11063e-07,               0.2162
         1.12571e-07,               0.2163
           1.141e-07,               0.2164
         1.15653e-07,               0.2165
         1.17228e-07,               0.2166
         1.18828e-07,               0.2167
         1.20451e-07,               0.2168
         1.22098e-07,               0.2169
          1.2377e-07,                0.217
         1.25467e-07,               0.2171
          1.2719e-07,               0.2172
         1.28939e-07,               0.2173
         1.30714e-07,               0.2174
         1.32516e-07,               0.2175
         1.34345e-07,               0.2176
         1.36202e-07,               0.2177
         1.38087e-07,               0.2178
             1.4e-07,               0.2179
         1.41943e-07,                0.218
         1.43916e-07,               0.2181
         1.45918e-07,               0.2182
         1.47951e-07,               0.2183
         1.50016e-07,               0.2184
         1.52111e-07,               0.2185
          1.5424e-07,               0.2186
           1.564e-07,               0.2187
         1.58595e-07,               0.2188
         1.60823e-07,               0.2189
         1.63085e-07,                0.219
         1.65382e-07,               0.2191
         1.67715e-07,               0.2192
         1.70084e-07,               0.2193
         1.72491e-07,               0.2194
         1.74934e-07,               0.2195
         1.77416e-07,               0.2196
         1.79936e-07,               0.2197
         1.82496e-07,               0.2198
         1.85096e-07,               0.2199
         1.87736e-07,                 0.22
         1.90418e-07,               0.2201
         1.93143e-07,               0.2202
          1.9591e-07,               0.2203
         1.98721e-07,               0.2204
         2.01577e-07,               0.2205
         2.04477e-07,               0.2206
         2.07424e-07,               0.2207
         2.10418e-07,               0.2208
         2.13459e-07,               0.2209
         2.16549e-07,                0.221
         2.19688e-07,               0.2211
         2.22877e-07,               0.2212
         2.26117e-07,               0.2213
          2.2941e-07,               0.2214
         2.32755e-07,               0.2215
         2.36154e-07,               0.2216
         2.39608e-07,               0.2217
         2.43118e-07,               0.2218
         2.46684e-07,               0.2219
         2.50309e-07,                0.222
         2.53992e-07,               0.2221
         2.57735e-07,               0.2222
         2.61539e-07,               0.2223
         2.65405e-07,               0.2224
         2.69335e-07,               0.2225
         2.73329e-07,               0.2226
         2.77388e-07,               0.2227
         2.81514e-07,               0.2228
         2.85708e-07,               0.2229
         2.89971e-07,                0.223
         2.94304e-07,               0.2231
          2.9871e-07,               0.2232
         3.03188e-07,               0.2233
          3.0774e-07,               0.2234
         3.12369e-07,               0.2235
         3.17074e-07,               0.2236
         3.21858e-07,               0.2237
         3.26722e-07,               0.2238
         3.31668e-07,               0.2239
         3.36697e-07,                0.224
          3.4181e-07,               0.2241
         3.47009e-07,               0.2242
         3.52296e-07,               0.2243
         3.57673e-07,               0.2244
         3.63141e-07,               0.2245
         3.68701e-07,               0.2246
         3.74356e-07,               0.2247
         3.80107e-07,               0.2248
         3.85957e-07,               0.2249
         3.91907e-07,                0.225
         3.97958e-07,               0.2251
         4.04113e-07,               0.2252
         4.10375e-07,               0.2253
         4.16744e-07,               0.2254
         4.23223e-07,               0.2255
         4.29814e-07,               0.2256
          4.3652e-07,               0.2257
         4.43342e-07,               0.2258
         4.50282e-07,               0.2259
         4.57344e-07,                0.226
         4.64529e-07,               0.2261
          4.7184e-07,               0.2262
         4.79279e-07,               0.2263
         4.86849e-07,               0.2264
         4.94552e-07,               0.2265
         5.02391e-07,               0.2266
         5.10368e-07,               0.2267
         5.18487e-07,               0.2268
          5.2675e-07,               0.2269
          5.3516e-07,                0.227
          5.4372e-07,               0.2271
         5.52433e-07,               0.2272
         5.61302e-07,               0.2273
          5.7033e-07,               0.2274
         5.79521e-07,               0.2275
         5.88876e-07,               0.2276
         5.98401e-07,               0.2277
         6.08098e-07,               0.2278
         6.17971e-07,               0.2279
         6.28023e-07,                0.228
         6.38259e-07,               0.2281
         6.48681e-07,               0.2282
         6.59293e-07,               0.2283
           6.701e-07,               0.2284
         6.81106e-07,               0.2285
         6.92314e-07,               0.2286
         7.03729e-07,               0.2287
         7.15355e-07,               0.2288
         7.27197e-07,               0.2289
         7.39258e-07,                0.229
         7.51544e-07,               0.2291
         7.64059e-07,               0.2292
         7.76808e-07,               0.2293
         7.89796e-07,               0.2294
         8.03028e-07,               0.2295
         8.16509e-07,               0.2296
         8.30245e-07,               0.2297
         8.44241e-07,               0.2298
         8.58502e-07,               0.2299
         8.73033e-07,                 0.23
         8.87842e-07,               0.2301
         9.02934e-07,               0.2302
         9.18314e-07,               0.2303
          9.3399e-07,               0.2304
         9.49967e-07,               0.2305
         9.66252e-07,               0.2306
         9.82852e-07,               0.2307
         9.99774e-07,               0.2308
         1.01702e-06,               0.2309
         1.03461e-06,                0.231
         1.05254e-06,               0.2311
         1.07082e-06,               0.2312
         1.08946e-06,               0.2313
         1.10847e-06,               0.2314
         1.12785e-06,               0.2315
         1.14761e-06,               0.2316
         1.16776e-06,               0.2317
         1.18832e-06,               0.2318
         1.20929e-06,               0.2319
         1.23067e-06,                0.232
         1.25248e-06,               0.2321
         1.27473e-06,               0.2322
         1.29743e-06,               0.2323
         1.32059e-06,               0.2324
         1.34421e-06,               0.2325
         1.36832e-06,               0.2326
         1.39292e-06,               0.2327
         1.41801e-06,               0.2328
         1.44362e-06,               0.2329
         1.46976e-06,                0.233
         1.49644e-06,               0.2331
         1.52366e-06,               0.2332
         1.55145e-06,               0.2333
         1.57982e-06,               0.2334
         1.60877e-06,               0.2335
         1.63833e-06,               0.2336
         1.66851e-06,               0.2337
         1.69932e-06,               0.2338
         1.73078e-06,               0.2339
         1.76291e-06,                0.234
         1.79571e-06,               0.2341
         1.82922e-06,               0.2342
         1.86343e-06,               0.2343
         1.89838e-06,               0.2344
         1.93407e-06,               0.2345
         1.97054e-06,               0.2346
         2.00779e-06,               0.2347
         2.04584e-06,               0.2348
         2.08472e-06,               0.2349
         2.12445e-06,                0.235
         2.16504e-06,               0.2351
         2.20653e-06,               0.2352
         2.24892e-06,               0.2353
         2.29225e-06,               0.2354
         2.33654e-06,               0.2355
         2.38181e-06,               0.2356
         2.42808e-06,               0.2357
         2.47539e-06,               0.2358
         2.52376e-06,               0.2359
         2.57322e-06,                0.236
         2.62379e-06,               0.2361
          2.6755e-06,               0.2362
         2.72839e-06,               0.2363
         2.78248e-06,               0.2364
         2.83781e-06,               0.2365
         2.89441e-06,               0.2366
         2.95232e-06,               0.2367
         3.01155e-06,               0.2368
         3.07217e-06,               0.2369
         3.13419e-06,                0.237
         3.19766e-06,               0.2371
         3.26261e-06,               0.2372
         3.32909e-06,               0.2373
         3.39715e-06,               0.2374
         3.46681e-06,               0.2375
         3.53813e-06,               0.2376
         3.61115e-06,               0.2377
         3.68591e-06,               0.2378
         3.76248e-06,               0.2379
         3.84089e-06,                0.238
          3.9212e-06,               0.2381
         4.00347e-06,               0.2382
         4.08774e-06,               0.2383
         4.17408e-06,               0.2384
         4.26254e-06,               0.2385
         4.35318e-06,               0.2386
         4.44607e-06,               0.2387
         4.54128e-06,               0.2388
         4.63886e-06,               0.2389
          4.7389e-06,                0.239
         4.84145e-06,               0.2391
          4.9466e-06,               0.2392
         5.05442e-06,               0.2393
           5.165e-06,               0.2394
         5.27841e-06,               0.2395
         5.39473e-06,               0.2396
         5.51406e-06,               0.2397
          5.6365e-06,               0.2398
         5.76212e-06,               0.2399
         5.89103e-06,                 0.24
         6.02334e-06,               0.2401
         6.15914e-06,               0.2402
         6.29854e-06,               0.2403
         6.44166e-06,               0.2404
         6.58862e-06,               0.2405
         6.73953e-06,               0.2406
         6.89452e-06,               0.2407
         7.05372e-06,               0.2408
         7.21727e-06,               0.2409
          7.3853e-06,                0.241
         7.55797e-06,               0.2411
         7.73541e-06,               0.2412
          7.9178e-06,               0.2413
         8.10528e-06,               0.2414
         8.29803e-06,               0.2415
         8.49623e-06,               0.2416
         8.70006e-06,               0.2417
         8.90971e-06,               0.2418
         9.12537e-06,               0.2419
         9.34725e-06,                0.242
         9.57556e-06,               0.2421
         9.81052e-06,               0.2422
         1.00524e-05,               0.2423
         1.03014e-05,               0.2424
         1.05577e-05,               0.2425
         1.08217e-05,               0.2426
         1.10936e-05,               0.2427
         1.13737e-05,               0.2428
         1.16623e-05,               0.2429
         1.19596e-05,                0.243
         1.22661e-05,               0.2431
         1.25821e-05,               0.2432
         1.29078e-05,               0.2433
         1.32437e-05,               0.2434
         1.35901e-05,               0.2435
         1.39475e-05,               0.2436
         1.43162e-05,               0.2437
         1.46967e-05,               0.2438
         1.50895e-05,               0.2439
          1.5495e-05,                0.244
         1.59137e-05,               0.2441
         1.63461e-05,               0.2442
         1.67928e-05,               0.2443
         1.72544e-05,               0.2444
         1.77314e-05,               0.2445
         1.82244e-05,               0.2446
         1.87342e-05,               0.2447
         1.92614e-05,               0.2448
         1.98068e-05,               0.2449
          2.0371e-05,                0.245
         2.09549e-05,               0.2451
         2.15593e-05,               0.2452
         2.21851e-05,               0.2453
         2.28332e-05,               0.2454
         2.35047e-05,               0.2455
         2.42004e-05,               0.2456
         2.49215e-05,               0.2457
         2.56691e-05,               0.2458
         2.64444e-05,               0.2459
         2.72487e-05,                0.246
         2.80833e-05,               0.2461
         2.89496e-05,               0.2462
          2.9849e-05,               0.2463
         3.07831e-05,               0.2464
         3.17536e-05,               0.2465
         3.27622e-05,               0.2466
         3.38108e-05,               0.2467
         3.49013e-05,               0.2468
         3.60357e-05,               0.2469
         3.72163e-05,                0.247
         3.84453e-05,               0.2471
         3.97253e-05,               0.2472
         4.10588e-05,               0.2473
         4.24487e-05,               0.2474
         4.38978e-05,               0.2475
         4.54093e-05,               0.2476
         4.69866e-05,               0.2477
         4.86333e-05,               0.2478
          5.0353e-05,               0.2479
         5.21498e-05,                0.248
         5.40282e-05,               0.2481
         5.59926e-05,               0.2482
          5.8048e-05,               0.2483
         6.01998e-05,               0.2484
         6.24535e-05,               0.2485
         6.48151e-05,               0.2486
         6.72913e-05,               0.2487
          6.9889e-05,               0.2488
         7.26156e-05,               0.2489
         7.54793e-05,                0.249
         7.84888e-05,               0.2491
         8.16533e-05,               0.2492
          8.4983e-05,               0.2493
         8.84888e-05,               0.2494
         9.21826e-05,               0.2495
          9.6077e-05,               0.2496
         0.000100186,               0.2497
         0.000104524,               0.2498
         0.000109109,               0.2499
         0.000113957,                 0.25
         0.000119087,               0.2501
         0.000124522,               0.2502
         0.000130284,               0.2503
         0.000136398,               0.2504
         0.000142893,               0.2505
         0.000149797,               0.2506
         0.000157145,               0.2507
         0.000164973,               0.2508
         0.000173321,               0.2509
         0.000182235,                0.251
         0.000191763,               0.2511
         0.000201962,               0.2512
          0.00021289,               0.2513
         0.000224617,               0.2514
         0.000237219,               0.2515
          0.00025078,               0.2516
         0.000265395,               0.2517
         0.000281171,               0.2518
          0.00029823,               0.2519
         0.000316707,                0.252
         0.000336758,               0.2521
         0.000358558,               0.2522
         0.000382309,               0.2523
         0.000408239,               0.2524
         0.000436615,               0.2525
         0.000467741,               0.2526
         0.000501971,               0.2527
         0.000539714,               0.2528
         0.000581453,               0.2529
         0.000627752,                0.253
         0.000679275,               0.2531
         0.000736813,               0.2532
         0.000801309,               0.2533
         0.000873897,               0.2534
         0.000955946,               0.2535
          0.00104912,               0.2536
          0.00115548,               0.2537
          0.00127756,               0.2538
          0.00141852,               0.2539
          0.00158238,                0.254
          0.00177424,               0.2541
           0.0020007,               0.2542
          0.00227044,               0.2543
          0.00259495,               0.2544
           0.0029898,               0.2545
          0.00347645,               0.2546
          0.00408514,               0.2547
          0.00485953,               0.2548
           0.0058645,               0.2549
          0.00719976,                0.255
          0.00902476,               0.2551
           0.0116071,               0.2552
           0.0154229,               0.2553
           0.0213848,               0.2554
           0.0314179,               0.2555
            0.050136,               0.2556
           0.0907385,               0.2557
            0.201461,               0.2558
            0.592859,               0.2559
            0.906482,                0.256
            0.319669,               0.2561
            0.130228,               0.2562
             0.06815,               0.2563
           0.0416104,               0.2564
           0.0280289,               0.2565
           0.0201891,               0.2566
           0.0152624,               0.2567
            0.011966,               0.2568
          0.00965178,               0.2569
          0.00796406,                0.257
          0.00669482,               0.2571
          0.00571573,               0.2572
           0.0049442,               0.2573
          0.00432509,               0.2574
          0.00382048,               0.2575
          0.00340356,               0.2576
          0.00305496,               0.2577
          0.00276039,               0.2578
          0.00250913,               0.2579
            0.002293,                0.258
          0.00210567,               0.2581
          0.00194218,               0.2582
           0.0017986,               0.2583
          0.00167179,               0.2584
          0.00155919,               0.2585
          0.00145873,               0.2586
          0.00136869,               0.2587
          0.00128768,               0.2588
          0.00121449,               0.2589
          0.00114814,                0.259
          0.00108779,               0.2591
          0.00103272,               0.2592
         0.000982331,               0.2593
         0.000936092,               0.2594
         0.000893553,               0.2595
         0.000854323,               0.2596
         0.000818062,               0.2597
         0.000784473,               0.2598
         0.000753295,               0.2599
         0.000724299,                 0.26
         0.000697282,               0.2601
         0.000672066,               0.2602
         0.000648491,               0.2603
         0.000626416,               0.2604
         0.000605714,               0.2605
         0.000586272,               0.2606
         0.000567988,               0.2607
         0.000550771,               0.2608
         0.000534538,               0.2609
         0.000519215,                0.261
         0.000504734,               0.2611
         0.000491034,               0.2612
         0.000478059,               0.2613
         0.000465759,               0.2614
         0.000454086,               0.2615
            0.000443,               0.2616
          0.00043246,               0.2617
         0.000422432,               0.2618
         0.000412883,               0.2619
         0.000403782,                0.262
         0.000395103,               0.2621
         0.000386819,               0.2622
         0.000378908,               0.2623
         0.000371346,               0.2624
         0.000364115,               0.2625
         0.000357195,               0.2626
         0.000350569,               0.2627
         0.000344221,               0.2628
         0.000338135,               0.2629
         0.000332298,                0.263
         0.000326697,               0.2631
          0.00032132,               0.2632
         0.000316154,               0.2633
         0.000311191,               0.2634
         0.000306418,               0.2635
         0.000301828,               0.2636
         0.000297412,               0.2637
          0.00029316,               0.2638
         0.000289067,               0.2639
         0.000285123,                0.264
         0.000281323,               0.2641
          0.00027766,               0.2642
         0.000274128,               0.2643
         0.000270722,               0.2644
         0.000267435,               0.2645
         0.000264263,               0.2646
         0.000261202,               0.2647
         0.000258245,               0.2648
          0.00025539,               0.2649
         0.000252633,                0.265
         0.000249968,               0.2651
         0.000247393,               0.2652
         0.000244904,               0.2653
         0.000242498,               0.2654
         0.000240172,               0.2655
         0.000237923,               0.2656
         0.000235748,               0.2657
         0.000233644,               0.2658
         0.000231609,               0.2659
         0.000229641,                0.266
         0.000227736,               0.2661
         0.000225893,               0.2662
          0.00022411,               0.2663
         0.000222385,               0.2664
         0.000220716,               0.2665
           0.0002191,               0.2666
         0.000217537,               0.2667
         0.000216025,               0.2668
         0.000214562,               0.2669
         0.000213146,                0.267
         0.000211777,               0.2671
         0.000210452,               0.2672
          0.00020917,               0.2673
         0.000207931,               0.2674
         0.000206733,               0.2675
         0.000205574,               0.2676
         0.000204454,               0.2677
         0.000203371,               0.2678
         0.000202326,               0.2679
         0.000201315,                0.268
         0.000200339,               0.2681
         0.000199397,               0.2682
         0.000198488,               0.2683
         0.000197611,               0.2684
         0.000196765,               0.2685
          0.00019595,               0.2686
         0.000195164,               0.2687
         0.000194407,               0.2688
         0.000193679,               0.2689
         0.000192978,                0.269
         0.000192304,               0.2691
         0.000191657,               0.2692
         0.000191036,               0.2693
          0.00019044,               0.2694
         0.000189868,               0.2695
         0.000189321,               0.2696
         0.000188798,               0.2697
         0.000188298,               0.2698
          0.00018782,               0.2699
         0.000187365,                 0.27
         0.000186932,               0.2701
         0.000186521,               0.2702
         0.000186131,               0.2703
         0.000185761,               0.2704
         0.000185412,               0.2705
         0.000185083,               0.2706
         0.000184773,               0.2707
         0.000184483,               0.2708
         0.000184212,               0.2709
          0.00018396,                0.271
         0.000183726,               0.2711
          0.00018351,               0.2712
         0.000183313,               0.2713
         0.000183133,               0.2714
          0.00018297,               0.2715
         0.000182824,               0.2716
         0.000182696,               0.2717
         0.000182584,               0.2718
         0.000182489,               0.2719
          0.00018241,                0.272
         0.000182347,               0.2721
           0.0001823,               0.2722
         0.000182269,               0.2723
         0.000182253,               0.2724
         0.000182253,               0.2725
         0.000182268,               0.2726
         0.000182298,               0.2727
         0.000182343,               0.2728
         0.000182403,               0.2729
         0.000182477,                0.273
         0.000182566,               0.2731
          0.00018267,               0.2732
         0.000182787,               0.2733
          0.00018292,               0.2734
         0.000183066,               0.2735
         0.000183226,               0.2736
           0.0001834,               0.2737
         0.000183588,               0.2738
         0.000183789,               0.2739
         0.000184004,                0.274
         0.000184233,               0.2741
         0.000184476,               0.2742
         0.000184731,               0.2743
            0.000185,               0.2744
         0.000185283,               0.2745
         0.000185579,               0.2746
         0.000185888,               0.2747
          0.00018621,               0.2748
         0.000186545,               0.2749
         0.000186894,                0.275
         0.000187255,               0.2751
          0.00018763,               0.2752
         0.000188017,               0.2753
         0.000188418,               0.2754
         0.000188831,               0.2755
         0.000189258,               0.2756
         0.000189697,               0.2757
         0.000190149,               0.2758
         0.000190615,               0.2759
         0.000191093,                0.276
         0.000191584,               0.2761
         0.000192088,               0.2762
         0.000192605,               0.2763
         0.000193135,               0.2764
         0.000193678,               0.2765
         0.000194234,               0.2766
         0.000194803,               0.2767
         0.000195385,               0.2768
          0.00019598,               0.2769
         0.000196588,                0.277
         0.000197209,               0.2771
         0.000197843,               0.2772
         0.000198491,               0.2773
         0.000199151,               0.2774
         0.000199825,               0.2775
         0.000200513,               0.2776
         0.000201213,               0.2777
         0.000201927,               0.2778
         0.000202655,               0.2779
         0.000203396,                0.278
          0.00020415,               0.2781
         0.000204918,               0.2782
           0.0002057,               0.2783
         0.000206496,               0.2784
         0.000207305,               0.2785
         0.000208129,               0.2786
         0.000208966,               0.2787
         0.000209818,               0.2788
         0.000210683,               0.2789
         0.000211563,                0.279
         0.000212457,               0.2791
         0.000213365,               0.2792
         0.000214288,               0.2793
         0.000215226,               0.2794
         0.000216178,               0.2795
         0.000217145,               0.2796
         0.000218126,               0.2797
         0.000219123,               0.2798
         0.000220135,               0.2799
         0.000221162,                 0.28
         0.000222204,               0.2801
         0.000223262,               0.2802
         0.000224335,               0.2803
         0.000225424,               0.2804
         0.000226529,               0.2805
         0.000227649,               0.2806
         0.000228786,               0.2807
         0.000229939,               0.2808
         0.000231108,               0.2809
         0.000232293,                0.281
         0.000233495,               0.2811
         0.000234714,               0.2812
         0.000235949,               0.2813
         0.000237202,               0.2814
         0.000238472,               0.2815
         0.000239759,               0.2816
         0.000241063,               0.2817
         0.000242386,               0.2818
         0.000243726,               0.2819
         0.000245084,                0.282
          0.00024646,               0.2821
         0.000247854,               0.2822
         0.000249267,               0.2823
         0.000250698,               0.2824
         0.000252149,               0.2825
         0.000253618,               0.2826
         0.000255107,               0.2827
         0.000256615,               0.2828
         0.000258143,               0.2829
          0.00025969,                0.283
         0.000261258,               0.2831
         0.000262845,               0.2832
         0.000264454,               0.2833
         0.000266083,               0.2834
         0.000267732,               0.2835
         0.000269403,               0.2836
         0.000271095,               0.2837
         0.000272809,               0.2838
         0.000274545,               0.2839
         0.000276302,                0.284
         0.000278082,               0.2841
         0.000279884,               0.2842
         0.000281709,               0.2843
         0.000283557,               0.2844
         0.000285429,               0.2845
         0.000287324,               0.2846
         0.000289242,               0.2847
         0.000291185,               0.2848
         0.000293152,               0.2849
         0.000295144,                0.285
         0.000297161,               0.2851
         0.000299203,               0.2852
          0.00030127,               0.2853
         0.000303364,               0.2854
         0.000305483,               0.2855
         0.000307629,               0.2856
         0.000309801,               0.2857
         0.000312001,               0.2858
         0.000314228,               0.2859
         0.000316483,                0.286
         0.000318765,               0.2861
         0.000321076,               0.2862
         0.000323416,               0.2863
         0.000325785,               0.2864
         0.000328184,               0.2865
         0.000330612,               0.2866
          0.00033307,               0.2867
         0.000335559,               0.2868
         0.000338079,               0.2869
          0.00034063,                0.287
         0.000343213,               0.2871
         0.000345828,               0.2872
         0.000348475,               0.2873
         0.000351156,               0.2874
         0.000353869,               0.2875
         0.000356617,               0.2876
         0.000359399,               0.2877
         0.000362215,               0.2878
         0.000365067,               0.2879
         0.000367954,                0.288
         0.000370877,               0.2881
         0.000373836,               0.2882
         0.000376832,               0.2883
         0.000379866,               0.2884
         0.000382938,               0.2885
         0.000386048,               0.2886
         0.000389197,               0.2887
         0.000392386,               0.2888
         0.000395615,               0.2889
         0.000398884,                0.289
         0.000402194,               0.2891
         0.000405546,               0.2892
         0.000408939,               0.2893
         0.000412376,               0.2894
         0.000415856,               0.2895
          0.00041938,               0.2896
         0.000422948,               0.2897
         0.000426561,               0.2898
          0.00043022,               0.2899
         0.000433926,                 0.29
         0.000437678,               0.2901
         0.000441478,               0.2902
         0.000445326,               0.2903
         0.000449224,               0.2904
          0.00045317,               0.2905
         0.000457167,               0.2906
         0.000461215,               0.2907
         0.000465315,               0.2908
         0.000469468,               0.2909
         0.000473673,                0.291
         0.000477932,               0.2911
         0.000482246,               0.2912
         0.000486616,               0.2913
         0.000491042,               0.2914
         0.000495524,               0.2915
         0.000500065,               0.2916
         0.000504664,               0.2917
         0.000509323,               0.2918
         0.000514043,               0.2919
         0.000518823,                0.292
         0.000523666,               0.2921
         0.000528571,               0.2922
         0.000533541,               0.2923
         0.000538575,               0.2924
         0.000543675,               0.2925
         0.000548843,               0.2926
         0.000554077,               0.2927
         0.000559381,               0.2928
         0.000564754,               0.2929
         0.000570198,                0.293
         0.000575714,               0.2931
         0.000581302,               0.2932
         0.000586965,               0.2933
         0.000592703,               0.2934
         0.000598517,               0.2935
         0.000604408,               0.2936
         0.000610377,               0.2937
         0.000616427,               0.2938
         0.000622557,               0.2939
         0.000628769,                0.294
         0.000635064,               0.2941
         0.000641444,               0.2942
          0.00064791,               0.2943
         0.000654463,               0.2944
         0.000661104,               0.2945
         0.000667835,               0.2946
         0.000674658,               0.2947
         0.000681573,               0.2948
         0.000688581,               0.2949
         0.000695686,                0.295
         0.000702887,               0.2951
         0.000710186,               0.2952
         0.000717586,               0.2953
         0.000725087,               0.2954
         0.000732691,               0.2955
           0.0007404,               0.2956
         0.000748214,               0.2957
         0.000756137,               0.2958
          0.00076417,               0.2959
         0.000772314,                0.296
         0.000780571,               0.2961
         0.000788942,               0.2962
         0.000797431,               0.2963
         0.000806038,               0.2964
         0.000814766,               0.2965
         0.000823616,               0.2966
          0.00083259,               0.2967
          0.00084169,               0.2968
         0.000850919,               0.2969
         0.000860279,                0.297
          0.00086977,               0.2971
         0.000879397,               0.2972
          0.00088916,               0.2973
         0.000899062,               0.2974
         0.000909105,               0.2975
         0.000919292,               0.2976
         0.000929625,               0.2977
         0.000940106,               0.2978
         0.000950738,               0.2979
         0.000961523,                0.298
         0.000972464,               0.2981
         0.000983563,               0.2982
         0.000994823,               0.2983
          0.00100625,               0.2984
          0.00101784,               0.2985
          0.00102959,               0.2986
          0.00104153,               0.2987
          0.00105363,               0.2988
          0.00106591,               0.2989
          0.00107838,                0.299
          0.00109102,               0.2991
          0.00110386,               0.2992
          0.00111688,               0.2993
           0.0011301,               0.2994
          0.00114351,               0.2995
          0.00115712,               0.2996
          0.00117094,               0.2997
          0.00118496,               0.2998
          0.00119919,               0.2999
          0.00121364,                  0.3
           0.0012283,               0.3001
          0.00124319,               0.3002
           0.0012583,               0.3003
          0.00127364,               0.3004
          0.00128921,               0.3005
          0.00130502,               0.3006
          0.00132106,               0.3007
          0.00133736,               0.3008
           0.0013539,               0.3009
           0.0013707,                0.301
          0.00138775,               0.3011
          0.00140507,               0.3012
          0.00142266,               0.3013
          0.00144051,               0.3014
          0.00145865,               0.3015
          0.00147706,               0.3016
          0.00149577,               0.3017
          0.00151476,               0.3018
          0.00153406,               0.3019
          0.00155365,                0.302
          0.00157355,               0.3021
          0.00159377,               0.3022
           0.0016143,               0.3023
          0.00163516,               0.3024
          0.00165636,               0.3025
          0.00167788,               0.3026
          0.00169975,               0.3027
          0.00172197,               0.3028
          0.00174455,               0.3029
          0.00176749,                0.303
          0.00179079,               0.3031
          0.00181448,               0.3032
          0.00183854,               0.3033
            0.001863,               0.3034
          0.00188785,               0.3035
           0.0019131,               0.3036
          0.00193877,               0.3037
          0.00196485,               0.3038
          0.00199137,               0.3039
          0.00201831,                0.304
          0.00204571,               0.3041
          0.00207355,               0.3042
          0.00210185,               0.3043
          0.00213062,               0.3044
          0.00215987,               0.3045
          0.00218961,               0.3046
          0.00221984,               0.3047
          0.00225058,               0.3048
          0.00228184,               0.3049
          0.00231362,                0.305
          0.00234593,               0.3051
          0.00237879,               0.3052
          0.00241221,               0.3053
          0.00244619,               0.3054
          0.00248076,               0.3055
          0.00251591,               0.3056
          0.00255166,               0.3057
          0.00258802,               0.3058
          0.00262501,               0.3059
          0.00266264,                0.306
          0.00270091,               0.3061
          0.00273985,               0.3062
          0.00277946,               0.3063
          0.00281976,               0.3064
          0.00286077,               0.3065
          0.00290249,               0.3066
          0.00294494,               0.3067
          0.00298814,               0.3068
          0.00303209,               0.3069
          0.00307683,                0.307
          0.00312235,               0.3071
          0.00316868,               0.3072
          0.00321584,               0.3073
          0.00326383,               0.3074
          0.00331268,               0.3075
          0.00336241,               0.3076
          0.00341303,               0.3077
          0.00346457,               0.3078
          0.00351703,               0.3079
          0.00357044,                0.308
          0.00362482,               0.3081
          0.00368019,               0.3082
          0.00373657,               0.3083
          0.00379399,               0.3084
          0.00385245,               0.3085
          0.00391199,               0.3086
          0.00397262,               0.3087
          0.00403438,               0.3088
          0.00409728,               0.3089
          0.00416134,                0.309
           0.0042266,               0.3091
          0.00429308,               0.3092
          0.00436081,               0.3093
           0.0044298,               0.3094
          0.00450009,               0.3095
          0.00457171,               0.3096
          0.00464468,               0.3097
          0.00471903,               0.3098
           0.0047948,               0.3099
          0.00487202,                 0.31
          0.00495071,               0.3101
          0.00503091,               0.3102
          0.00511264,               0.3103
          0.00519596,               0.3104
          0.00528088,               0.3105
          0.00536745,               0.3106
           0.0054557,               0.3107
          0.00554567,               0.3108
           0.0056374,               0.3109
          0.00573093,                0.311
          0.00582629,               0.3111
          0.00592352,               0.3112
          0.00602268,               0.3113
           0.0061238,               0.3114
          0.00622693,               0.3115
          0.00633211,               0.3116
           0.0064394,               0.3117
          0.00654883,               0.3118
          0.00666045,               0.3119
          0.00677432,                0.312
           0.0068905,               0.3121
          0.00700902,               0.3122
          0.00712995,               0.3123
          0.00725334,               0.3124
          0.00737925,               0.3125
          0.00750773,               0.3126
          0.00763885,               0.3127
          0.00777267,               0.3128
          0.00790926,               0.3129
          0.00804867,                0.313
          0.00819097,               0.3131
          0.00833624,               0.3132
          0.00848454,               0.3133
          0.00863595,               0.3134
          0.00879053,               0.3135
          0.00894837,               0.3136
          0.00910954,               0.3137
          0.00927412,               0.3138
           0.0094422,               0.3139
          0.00961386,                0.314
          0.00978919,               0.3141
          0.00996827,               0.3142
           0.0101512,               0.3143
           0.0103381,               0.3144
            0.010529,               0.3145
            0.010724,               0.3146
           0.0109233,               0.3147
           0.0111269,               0.3148
            0.011335,               0.3149
           0.0115476,                0.315
            0.011765,               0.3151
           0.0119871,               0.3152
           0.0122141,               0.3153
           0.0124461,               0.3154
           0.0126834,               0.3155
           0.0129259,               0.3156
           0.0131738,               0.3157
           0.0134273,               0.3158
           0.0136865,               0.3159
           0.0139516,                0.316
           0.0142226,               0.3161
           0.0144998,               0.3162
           0.0147834,               0.3163
           0.0150734,               0.3164
             0.01537,               0.3165
           0.0156735,               0.3166
           0.0159839,               0.3167
           0.0163016,               0.3168
           0.0166266,               0.3169
           0.0169591,                0.317
           0.0172994,               0.3171
           0.0176477,               0.3172
           0.0180041,               0.3173
            0.018369,               0.3174
           0.0187424,               0.3175
           0.0191247,               0.3176
            0.019516,               0.3177
           0.0199167,               0.3178
           0.0203269,               0.3179
            0.020747,                0.318
           0.0211772,               0.3181
           0.0216177,               0.3182
           0.0220688,               0.3183
           0.0225309,               0.3184
           0.0230042,               0.3185
           0.0234891,               0.3186
           0.0239858,               0.3187
           0.0244947,               0.3188
           0.0250161,               0.3189
           0.0255504,                0.319
           0.0260979,               0.3191
            0.026659,               0.3192
            0.027234,               0.3193
           0.0278234,               0.3194
           0.0284275,               0.3195
           0.0290467,               0.3196
           0.0296816,               0.3197
           0.0303325,               0.3198
           0.0309999,               0.3199
           0.0316842,                 0.32
           0.0323859,               0.3201
           0.0331055,               0.3202
           0.0338435,               0.3203
           0.0346005,               0.3204
            0.035377,               0.3205
           0.0361734,               0.3206
           0.0369906,               0.3207
           0.0378289,               0.3208
            0.038689,               0.3209
           0.0395715,                0.321
           0.0404771,               0.3211
           0.0414065,               0.3212
           0.0423603,               0.3213
           0.0433392,               0.3214
            0.044344,               0.3215
           0.0453754,               0.3216
           0.0464342,               0.3217
           0.0475211,               0.3218
           0.0486371,               0.3219
           0.0497829,                0.322
           0.0509594,               0.3221
           0.0521675,               0.3222
           0.0534082,               0.3223
           0.0546823,               0.3224
           0.0559909,               0.3225
            0.057335,               0.3226
           0.0587155,               0.3227
           0.0601336,               0.3228
           0.0615904,               0.3229
            0.063087,                0.323
           0.0646245,               0.3231
           0.0662042,               0.3232
           0.0678273,               0.3233
            0.069495,               0.3234
           0.0712086,               0.3235
           0.0729696,               0.3236
           0.0747792,               0.3237
           0.0766389,               0.3238
           0.0785501,               0.3239
           0.0805143,                0.324
           0.0825331,               0.3241
            0.084608,               0.3242
           0.0867406,               0.3243
           0.0889326,               0.3244
           0.0911857,               0.3245
           0.0935016,               0.3246
           0.0958822,               0.3247
           0.0983292,               0.3248
            0.100844,               0.3249
             0.10343,                0.325
            0.106088,               0.3251
            0.108819,               0.3252
            0.111628,               0.3253
            0.114514,               0.3254
            0.117481,               0.3255
             0.12053,               0.3256
            0.123665,               0.3257
            0.126886,               0.3258
            0.130197,               0.3259
            0.133599,                0.326
            0.137096,               0.3261
            0.140689,               0.3262
            0.144381,               0.3263
            0.148174,               0.3264
            0.152072,               0.3265
            0.156076,               0.3266
            0.160188,               0.3267
            0.164413,               0.3268
            0.168751,               0.3269
            0.173206,                0.327
            0.177781,               0.3271
            0.182477,               0.3272
            0.187298,               0.3273
            0.192246,               0.3274
            0.197323,               0.3275
            0.202533,               0.3276
            0.207877,               0.3277
            0.213358,               0.3278
            0.218979,               0.3279
            0.224742,                0.328
            0.230649,               0.3281
            0.236702,               0.3282
            0.242903,               0.3283
            0.249255,               0.3284
            0.255759,               0.3285
            0.262417,               0.3286
             0.26923,               0.3287
            0.276201,               0.3288
             0.28333,               0.3289
            0.290618,                0.329
            0.298066,               0.3291
            0.305675,               0.3292
            0.313446,               0.3293
            0.321378,               0.3294
            0.329472,               0.3295
            0.337726,               0.3296
             0.34614,               0.3297
            0.354714,               0.3298
            0.363446,               0.3299
            0.372334,                 0.33
            0.381376,               0.3301
            0.390569,               0.3302
            0.399912,               0.3303
              0.4094,               0.3304
            0.419029,               0.3305
            0.428797,               0.3306
            0.438697,               0.3307
            0.448726,               0.3308
            0.458877,               0.3309
            0.469145,                0.331
            0.479523,               0.3311
            0.490005,               0.3312
            0.500583,               0.3313
            0.511249,               0.3314
            0.521996,               0.3315
            0.532815,               0.3316
            0.543696,               0.3317
            0.554631,               0.3318
             0.56561,               0.3319
            0.576622,                0.332
            0.587658,               0.3321
            0.598706,               0.3322
            0.609757,               0.3323
            0.620797,               0.3324
            0.631818,               0.3325
            0.642806,               0.3326
            0.653751,               0.3327
             0.66464,               0.3328
            0.675464,               0.3329
            0.686209,                0.333
            0.696865,               0.3331
            0.707421,               0.3332
            0.717865,               0.3333
            0.728187,               0.3334
            0.738376,               0.3335
            0.748422,               0.3336
            0.758315,               0.3337
            0.768047,               0.3338
            0.777607,               0.3339
            0.786987,                0.334
            0.796181,               0.3341
            0.805179,               0.3342
            0.813976,               0.3343
            0.822565,               0.3344
             0.83094,               0.3345
            0.839097,               0.3346
            0.847031,               0.3347
            0.854738,               0.3348
            0.862216,               0.3349
            0.869461,                0.335
            0.876472,               0.3351
            0.883248,               0.3352
            0.889788,               0.3353
            0.896091,               0.3354
            0.902159,               0.3355
            0.907992,               0.3356
            0.913592,               0.3357
            0.918961,               0.3358
            0.924102,               0.3359
            0.929017,                0.336
             0.93371,               0.3361
            0.938185,               0.3362
            0.942446,               0.3363
            0.946497,               0.3364
            0.950343,               0.3365
            0.953989,               0.3366
             0.95744,               0.3367
            0.960702,               0.3368
             0.96378,               0.3369
             0.96668,                0.337
            0.969409,               0.3371
            0.971971,               0.3372
            0.974373,               0.3373
            0.976621,               0.3374
            0.978721,               0.3375
            0.980679,               0.3376
            0.982501,               0.3377
            0.984194,               0.3378
            0.985763,               0.3379
            0.987214,                0.338
            0.988553,               0.3381
            0.989786,               0.3382
            0.990918,               0.3383
            0.991955,               0.3384
            0.992902,               0.3385
            0.993765,               0.3386
            0.994548,               0.3387
            0.995257,               0.3388
            0.995896,               0.3389
             0.99647,                0.339
            0.996984,               0.3391
            0.997441,               0.3392
            0.997846,               0.3393
            0.998203,               0.3394
            0.998516,               0.3395
            0.998788,               0.3396
            0.999024,               0.3397
            0.999225,               0.3398
            0.999396,               0.3399
            0.999539,                 0.34
            0.999657,               0.3401
            0.999753,               0.3402
             0.99983,               0.3403
            0.999889,               0.3404
            0.999933,               0.3405
            0.999965,               0.3406
            0.999985,               0.3407
            0.999996,               0.3408
                   1,               0.3409
            0.999998,                0.341
             0.99999,               0.3411
             0.99998,               0.3412
            0.999967,               0.3413
            0.999953,               0.3414
            0.999939,               0.3415
            0.999924,               0.3416
            0.999911,               0.3417
              0.9999,               0.3418
             0.99989,               0.3419
            0.999883,                0.342
            0.999878,               0.3421
            0.999876,               0.3422
            0.999877,               0.3423
             0.99988,               0.3424
            0.999886,               0.3425
            0.999895,               0.3426
            0.999905,               0.3427
            0.999917,               0.3428
             0.99993,               0.3429
            0.999944,                0.343
            0.999958,               0.3431
            0.999971,               0.3432
            0.999982,               0.3433
            0.999992,               0.3434
            0.999998,               0.3435
                   1,               0.3436
            0.999997,               0.3437
            0.999988,               0.3438
            0.999972,               0.3439
            0.999947,                0.344
            0.999912,               0.3441
            0.999867,               0.3442
            0.999809,               0.3443
            0.999738,               0.3444
            0.999652,               0.3445
             0.99955,               0.3446
             0.99943,               0.3447
             0.99929,               0.3448
             0.99913,               0.3449
            0.998947,                0.345
             0.99874,               0.3451
            0.998508,               0.3452
            0.998249,               0.3453
             0.99796,               0.3454
            0.997642,               0.3455
            0.997291,               0.3456
            0.996907,               0.3457
            0.996487,               0.3458
             0.99603,               0.3459
            0.995534,                0.346
            0.994998,               0.3461
             0.99442,               0.3462
            0.993798,               0.3463
            0.993131,               0.3464
            0.992417,               0.3465
            0.991654,               0.3466
             0.99084,               0.3467
            0.989975,               0.3468
            0.989057,               0.3469
            0.988084,                0.347
            0.987054,               0.3471
            0.985967,               0.3472
             0.98482,               0.3473
            0.983613,               0.3474
            0.982343,               0.3475
            0.981011,               0.3476
            0.979614,               0.3477
            0.978151,               0.3478
            0.976622,               0.3479
            0.975024,                0.348
            0.973358,               0.3481
            0.971622,               0.3482
            0.969815,               0.3483
            0.967937,               0.3484
            0.965986,               0.3485
            0.963962,               0.3486
            0.961865,               0.3487
            0.959693,               0.3488
            0.957446,               0.3489
            0.955125,                0.349
            0.952728,               0.3491
            0.950255,               0.3492
            0.947706,               0.3493
            0.945081,               0.3494
             0.94238,               0.3495
            0.939604,               0.3496
            0.936751,               0.3497
            0.933823,               0.3498
            0.930819,               0.3499
            0.927741,                 0.35
            0.924588,               0.3501
            0.921361,               0.3502
             0.91806,               0.3503
            0.914687,               0.3504
            0.911242,               0.3505
            0.907726,               0.3506
             0.90414,               0.3507
            0.900484,               0.3508
            0.896761,               0.3509
             0.89297,                0.351
            0.889113,               0.3511
            0.885191,               0.3512
            0.881207,               0.3513
             0.87716,               0.3514
            0.873052,               0.3515
            0.868885,               0.3516
            0.864661,               0.3517
             0.86038,               0.3518
            0.856045,               0.3519
            0.851656,                0.352
            0.847217,               0.3521
            0.842728,               0.3522
            0.838191,               0.3523
            0.833609,               0.3524
            0.828982,               0.3525
            0.824312,               0.3526
            0.819602,               0.3527
            0.814854,               0.3528
            0.810068,               0.3529
            0.805248,                0.353
            0.800395,               0.3531
             0.79551,               0.3532
            0.790596,               0.3533
            0.785655,               0.3534
            0.780689,               0.3535
            0.775699,               0.3536
            0.770687,               0.3537
            0.765656,               0.3538
            0.760607,               0.3539
            0.755541,                0.354
            0.750462,               0.3541
             0.74537,               0.3542
            0.740268,               0.3543
            0.735157,               0.3544
            0.730039,               0.3545
            0.724915,               0.3546
            0.719788,               0.3547
            0.714659,               0.3548
             0.70953,               0.3549
            0.704402,                0.355
            0.699277,               0.3551
            0.694157,               0.3552
            0.689042,               0.3553
            0.683935,               0.3554
            0.678837,               0.3555
            0.673749,               0.3556
            0.668673,               0.3557
             0.66361,               0.3558
            0.658561,               0.3559
            0.653527,                0.356
            0.648511,               0.3561
            0.643512,               0.3562
            0.638533,               0.3563
            0.633573,               0.3564
            0.628635,               0.3565
            0.623719,               0.3566
            0.618826,               0.3567
            0.613957,               0.3568
            0.609114,               0.3569
            0.604296,                0.357
            0.599505,               0.3571
            0.594742,               0.3572
            0.590006,               0.3573
              0.5853,               0.3574
            0.580624,               0.3575
            0.575978,               0.3576
            0.571362,               0.3577
            0.566779,               0.3578
            0.562227,               0.3579
            0.557708,                0.358
            0.553222,               0.3581
            0.548769,               0.3582
            0.544351,               0.3583
            0.539966,               0.3584
            0.535617,               0.3585
            0.531302,               0.3586
            0.527022,               0.3587
            0.522778,               0.3588
             0.51857,               0.3589
            0.514398,                0.359
            0.510263,               0.3591
            0.506163,               0.3592
              0.5021,               0.3593
            0.498074,               0.3594
            0.494085,               0.3595
            0.490132,               0.3596
            0.486217,               0.3597
            0.482338,               0.3598
            0.478497,               0.3599
            0.474693,                 0.36
            0.470925,               0.3601
            0.467195,               0.3602
            0.463502,               0.3603
            0.459845,               0.3604
            0.456226,               0.3605
            0.452643,               0.3606
            0.449097,               0.3607
            0.445587,               0.3608
            0.442114,               0.3609
            0.438678,                0.361
            0.435277,               0.3611
            0.431913,               0.3612
            0.428584,               0.3613
            0.425292,               0.3614
            0.422034,               0.3615
            0.418812,               0.3616
            0.415626,               0.3617
            0.412474,               0.3618
            0.409357,               0.3619
            0.406274,                0.362
            0.403226,               0.3621
            0.400211,               0.3622
            0.397231,               0.3623
            0.394284,               0.3624
            0.391371,               0.3625
             0.38849,               0.3626
            0.385643,               0.3627
            0.382828,               0.3628
            0.380045,               0.3629
            0.377294,                0.363
            0.374575,               0.3631
            0.371888,               0.3632
            0.369232,               0.3633
            0.366607,               0.3634
            0.364013,               0.3635
            0.361449,               0.3636
            0.358915,               0.3637
            0.356411,               0.3638
            0.353937,               0.3639
            0.351491,                0.364
            0.349075,               0.3641
            0.346688,               0.3642
            0.344329,               0.3643
            0.341999,               0.3644
            0.339696,               0.3645
            0.337421,               0.3646
            0.335174,               0.3647
            0.332953,               0.3648
            0.330759,               0.3649
            0.328592,                0.365
            0.326451,               0.3651
            0.324336,               0.3652
            0.322246,               0.3653
            0.320182,               0.3654
            0.318143,               0.3655
             0.31613,               0.3656
             0.31414,               0.3657
            0.312175,               0.3658
            0.310234,               0.3659
            0.308317,                0.366
            0.306424,               0.3661
            0.304553,               0.3662
            0.302706,               0.3663
            0.300882,               0.3664
             0.29908,               0.3665
              0.2973,               0.3666
            0.295543,               0.3667
            0.293807,               0.3668
            0.292093,               0.3669
              0.2904,                0.367
            0.288728,               0.3671
            0.287077,               0.3672
            0.285447,               0.3673
            0.283837,               0.3674
            0.282247,               0.3675
            0.280677,               0.3676
            0.279126,               0.3677
            0.277595,               0.3678
            0.276083,               0.3679
            0.274591,                0.368
            0.273117,               0.3681
            0.271661,               0.3682
            0.270224,               0.3683
            0.268805,               0.3684
            0.267405,               0.3685
            0.266021,               0.3686
            0.264656,               0.3687
            0.263307,               0.3688
            0.261976,               0.3689
            0.260662,                0.369
            0.259364,               0.3691
            0.258083,               0.3692
            0.256819,               0.3693
            0.255571,               0.3694
            0.254338,               0.3695
            0.253122,               0.3696
            0.251921,               0.3697
            0.250735,               0.3698
            0.249565,               0.3699
             0.24841,                 0.37
             0.24727,               0.3701
            0.246145,               0.3702
            0.245034,               0.3703
            0.243938,               0.3704
            0.242856,               0.3705
            0.241788,               0.3706
            0.240734,               0.3707
            0.239694,               0.3708
            0.238667,               0.3709
            0.237654,                0.371
            0.236655,               0.3711
            0.235669,               0.3712
            0.234695,               0.3713
            0.233735,               0.3714
            0.232788,               0.3715
            0.231853,               0.3716
             0.23093,               0.3717
             0.23002,               0.3718
            0.229123,               0.3719
            0.228237,                0.372
            0.227363,               0.3721
            0.226502,               0.3722
            0.225652,               0.3723
            0.224813,               0.3724
            0.223986,               0.3725
            0.223171,               0.3726
            0.222366,               0.3727
            0.221573,               0.3728
            0.220791,               0.3729
            0.220019,                0.373
            0.219259,               0.3731
            0.218509,               0.3732
             0.21777,               0.3733
            0.217041,               0.3734
            0.216322,               0.3735
            0.215614,               0.3736
            0.214916,               0.3737
            0.214228,               0.3738
             0.21355,               0.3739
            0.212882,                0.374
            0.212223,               0.3741
            0.211574,               0.3742
            0.210935,               0.3743
            0.210305,               0.3744
            0.209685,               0.3745
            0.209074,               0.3746
            0.208472,               0.3747
            0.207879,               0.3748
            0.207295,               0.3749
             0.20672,                0.375
            0.206154,               0.3751
            0.205597,               0.3752
            0.205049,               0.3753
            0.204509,               0.3754
            0.203977,               0.3755
            0.203455,               0.3756
             0.20294,               0.3757
            0.202434,               0.3758
            0.201936,               0.3759
            0.201446,                0.376
            0.200965,               0.3761
            0.200491,               0.3762
            0.200025,               0.3763
            0.199568,               0.3764
            0.199118,               0.3765
            0.198676,               0.3766
            0.198241,               0.3767
            0.197814,               0.3768
            0.197395,               0.3769
            0.196983,                0.377
            0.196579,               0.3771
            0.196182,               0.3772
            0.195793,               0.3773
             0.19541,               0.3774
            0.195035,               0.3775
            0.194667,               0.3776
            0.194307,               0.3777
            0.193953,               0.3778
            0.193606,               0.3779
            0.193267,                0.378
            0.192934,               0.3781
            0.192608,               0.3782
            0.192289,               0.3783
            0.191976,               0.3784
             0.19167,               0.3785
            0.191371,               0.3786
            0.191079,               0.3787
            0.190793,               0.3788
            0.190514,               0.3789
            0.190241,                0.379
            0.189974,               0.3791
            0.189714,               0.3792
            0.189461,               0.3793
            0.189213,               0.3794
            0.188972,               0.3795
            0.188738,               0.3796
            0.188509,               0.3797
            0.188287,               0.3798
             0.18807,               0.3799
             0.18786,                 0.38
            0.187656,               0.3801
            0.187458,               0.3802
            0.187266,               0.3803
             0.18708,               0.3804
            0.186899,               0.3805
            0.186725,               0.3806
            0.186557,               0.3807
            0.186394,               0.3808
            0.186237,               0.3809
            0.186086,                0.381
            0.185941,               0.3811
            0.185801,               0.3812
            0.185667,               0.3813
            0.185539,               0.3814
            0.185417,               0.3815
              0.1853,               0.3816
            0.185188,               0.3817
            0.185083,               0.3818
            0.184982,               0.3819
            0.184888,                0.382
            0.184798,               0.3821
            0.184715,               0.3822
            0.184636,               0.3823
            0.184563,               0.3824
            0.184496,               0.3825
            0.184434,               0.3826
            0.184377,               0.3827
            0.184326,               0.3828
             0.18428,               0.3829
            0.184239,                0.383
            0.184204,               0.3831
            0.184174,               0.3832
            0.184149,               0.3833
            0.184129,               0.3834
            0.184115,               0.3835
            0.184106,               0.3836
            0.184102,               0.3837
            0.184103,               0.3838
             0.18411,               0.3839
            0.184122,                0.384
            0.184139,               0.3841
            0.184161,               0.3842
            0.184188,               0.3843
             0.18422,               0.3844
            0.184257,               0.3845
              0.1843,               0.3846
            0.184347,               0.3847
              0.1844,               0.3848
            0.184458,               0.3849
            0.184521,                0.385
            0.184589,               0.3851
            0.184662,               0.3852
             0.18474,               0.3853
            0.184823,               0.3854
            0.184911,               0.3855
            0.185004,               0.3856
            0.185102,               0.3857
            0.185205,               0.3858
            0.185314,               0.3859
            0.185427,                0.386
            0.185545,               0.3861
            0.185668,               0.3862
            0.185797,               0.3863
             0.18593,               0.3864
            0.186068,               0.3865
            0.186212,               0.3866
             0.18636,               0.3867
            0.186513,               0.3868
            0.186672,               0.3869
            0.186835,                0.387
            0.187003,               0.3871
            0.187177,               0.3872
            0.187355,               0.3873
            0.187538,               0.3874
            0.187727,               0.3875
             0.18792,               0.3876
            0.188118,               0.3877
            0.188322,               0.3878
             0.18853,               0.3879
            0.188744,                0.388
            0.188962,               0.3881
            0.189186,               0.3882
            0.189415,               0.3883
            0.189648,               0.3884
            0.189887,               0.3885
            0.190131,               0.3886
             0.19038,               0.3887
            0.190634,               0.3888
            0.190893,               0.3889
            0.191157,                0.389
            0.191426,               0.3891
              0.1917,               0.3892
             0.19198,               0.3893
            0.192264,               0.3894
            0.192554,               0.3895
            0.192849,               0.3896
            0.193149,               0.3897
            0.193454,               0.3898
            0.193764,               0.3899
             0.19408,                 0.39
            0.194401,               0.3901
            0.194727,               0.3902
            0.195058,               0.3903
            0.195394,               0.3904
            0.195736,               0.3905
            0.196083,               0.3906
            0.196435,               0.3907
            0.196793,               0.3908
            0.197156,               0.3909
            0.197524,                0.391
            0.197898,               0.3911
            0.198277,               0.3912
            0.198661,               0.3913
             0.19905,               0.3914
            0.199446,               0.3915
            0.199846,               0.3916
            0.200252,               0.3917
            0.200663,               0.3918
             0.20108,               0.3919
            0.201503,                0.392
            0.201931,               0.3921
            0.202364,               0.3922
            0.202803,               0.3923
            0.203247,               0.3924
            0.203698,               0.3925
            0.204153,               0.3926
            0.204615,               0.3927
            0.205082,               0.3928
            0.205555,               0.3929
            0.206033,                0.393
            0.206517,               0.3931
            0.207007,               0.3932
            0.207503,               0.3933
            0.208004,               0.3934
            0.208511,               0.3935
            0.209024,               0.3936
            0.209543,               0.3937
            0.210068,               0.3938
            0.210599,               0.3939
            0.211136,                0.394
            0.211678,               0.3941
            0.212227,               0.3942
            0.212781,               0.3943
            0.213342,               0.3944
            0.213909,               0.3945
            0.214482,               0.3946
            0.215061,               0.3947
            0.215646,               0.3948
            0.216237,               0.3949
            0.216834,                0.395
            0.217438,               0.3951
            0.218048,               0.3952
            0.218664,               0.3953
            0.219287,               0.3954
            0.219916,               0.3955
            0.220551,               0.3956
            0.221193,               0.3957
            0.221841,               0.3958
            0.222495,               0.3959
            0.223157,                0.396
            0.223824,               0.3961
            0.224498,               0.3962
            0.225179,               0.3963
            0.225867,               0.3964
            0.226561,               0.3965
            0.227262,               0.3966
            0.227969,               0.3967
            0.228683,               0.3968
            0.229404,               0.3969
            0.230132,                0.397
            0.230867,               0.3971
            0.231609,               0.3972
            0.232358,               0.3973
            0.233113,               0.3974
            0.233876,               0.3975
            0.234645,               0.3976
            0.235422,               0.3977
            0.236206,               0.3978
            0.236997,               0.3979
            0.237795,                0.398
            0.238601,               0.3981
            0.239414,               0.3982
            0.240234,               0.3983
            0.241061,               0.3984
            0.241896,               0.3985
            0.242738,               0.3986
            0.243588,               0.3987
            0.244445,               0.3988
             0.24531,               0.3989
            0.246182,                0.399
            0.247062,               0.3991
             0.24795,               0.3992
            0.248845,               0.3993
            0.249748,               0.3994
            0.250659,               0.3995
            0.251577,               0.3996
            0.252504,               0.3997
            0.253438,               0.3998
            0.254381,               0.3999
            0.255331,                  0.4
             0.25629,               0.4001
            0.257256,               0.4002
            0.258231,               0.4003
            0.259214,               0.4004
            0.260205,               0.4005
            0.261204,               0.4006
            0.262212,               0.4007
            0.263228,               0.4008
            0.264252,               0.4009
            0.265285,                0.401
            0.266326,               0.4011
            0.267376,               0.4012
            0.268435,               0.4013
            0.269502,               0.4014
            0.270577,               0.4015
            0.271662,               0.4016
            0.272755,               0.4017
            0.273857,               0.4018
            0.274968,               0.4019
            0.276087,                0.402
            0.277216,               0.4021
            0.278354,               0.4022
              0.2795,               0.4023
            0.280656,               0.4024
            0.281821,               0.4025
            0.282995,               0.4026
            0.284178,               0.4027
             0.28537,               0.4028
            0.286572,               0.4029
            0.287783,                0.403
            0.289004,               0.4031
            0.290234,               0.4032
            0.291473,               0.4033
            0.292722,               0.4034
            0.293981,               0.4035
            0.295249,               0.4036
            0.296527,               0.4037
            0.297815,               0.4038
            0.299112,               0.4039
             0.30042,                0.404
            0.301737,               0.4041
            0.303064,               0.4042
            0.304401,               0.4043
            0.305748,               0.4044
            0.307105,               0.4045
            0.308472,               0.4046
             0.30985,               0.4047
            0.311237,               0.4048
            0.312635,               0.4049
            0.314043,                0.405
            0.315461,               0.4051
             0.31689,               0.4052
            0.318329,               0.4053
            0.319779,               0.4054
            0.321239,               0.4055
             0.32271,               0.4056
            0.324191,               0.4057
            0.325683,               0.4058
            0.327186,               0.4059
            0.328699,                0.406
            0.330223,               0.4061
            0.331758,               0.4062
            0.333304,               0.4063
            0.334861,               0.4064
            0.336428,               0.4065
            0.338007,               0.4066
            0.339596,               0.4067
            0.341197,               0.4068
            0.342809,               0.4069
            0.344432,                0.407
            0.346066,               0.4071
            0.347711,               0.4072
            0.349367,               0.4073
            0.351035,               0.4074
            0.352714,               0.4075
            0.354405,               0.4076
            0.356107,               0.4077
             0.35782,               0.4078
            0.359544,               0.4079
            0.361281,                0.408
            0.363028,               0.4081
            0.364787,               0.4082
            0.366558,               0.4083
            0.368341,               0.4084
            0.370135,               0.4085
             0.37194,               0.4086
            0.373758,               0.4087
            0.375587,               0.4088
            0.377427,               0.4089
             0.37928,                0.409
            0.381144,               0.4091
             0.38302,               0.4092
            0.384908,               0.4093
            0.386808,               0.4094
             0.38872,               0.4095
            0.390643,               0.4096
            0.392579,               0.4097
            0.394526,               0.4098
            0.396485,               0.4099
            0.398456,                 0.41
            0.400439,               0.4101
            0.402435,               0.4102
            0.404442,               0.4103
            0.406461,               0.4104
            0.408491,               0.4105
            0.410534,               0.4106
            0.412589,               0.4107
            0.414656,               0.4108
            0.416735,               0.4109
            0.418826,                0.411
            0.420929,               0.4111
            0.423043,               0.4112
             0.42517,               0.4113
            0.427309,               0.4114
             0.42946,               0.4115
            0.431622,               0.4116
            0.433797,               0.4117
            0.435983,               0.4118
            0.438181,               0.4119
            0.440391,                0.412
            0.442613,               0.4121
            0.444847,               0.4122
            0.447093,               0.4123
             0.44935,               0.4124
            0.451619,               0.4125
              0.4539,               0.4126
            0.456193,               0.4127
            0.458497,               0.4128
            0.460813,               0.4129
             0.46314,                0.413
            0.465479,               0.4131
            0.467829,               0.4132
            0.470191,               0.4133
            0.472564,               0.4134
            0.474948,               0.4135
            0.477344,               0.4136
            0.479751,               0.4137
            0.482169,               0.4138
            0.484598,               0.4139
            0.487039,                0.414
             0.48949,               0.4141
            0.491952,               0.4142
            0.494425,               0.4143
            0.496909,               0.4144
            0.499403,               0.4145
            0.501908,               0.4146
            0.504424,               0.4147
             0.50695,               0.4148
            0.509486,               0.4149
            0.512033,                0.415
             0.51459,               0.4151
            0.517157,               0.4152
            0.519734,               0.4153
            0.522321,               0.4154
            0.524917,               0.4155
            0.527523,               0.4156
            0.530139,               0.4157
            0.532764,               0.4158
            0.535399,               0.4159
            0.538043,                0.416
            0.540696,               0.4161
            0.543358,               0.4162
            0.546028,               0.4163
            0.548708,               0.4164
            0.551396,               0.4165
            0.554092,               0.4166
            0.556797,               0.4167
             0.55951,               0.4168
            0.562231,               0.4169
             0.56496,                0.417
            0.567697,               0.4171
            0.570441,               0.4172
            0.573192,               0.4173
            0.575951,               0.4174
            0.578717,               0.4175
             0.58149,               0.4176
             0.58427,               0.4177
            0.587056,               0.4178
            0.589848,               0.4179
            0.592647,                0.418
            0.595452,               0.4181
            0.598263,               0.4182
            0.601079,               0.4183
            0.603901,               0.4184
            0.606729,               0.4185
            0.609561,               0.4186
            0.612398,               0.4187
             0.61524,               0.4188
            0.618087,               0.4189
            0.620937,                0.419
            0.623792,               0.4191
            0.626651,               0.4192
            0.629513,               0.4193
            0.632379,               0.4194
            0.635248,               0.4195
             0.63812,               0.4196
            0.640995,               0.4197
            0.643872,               0.4198
            0.646752,               0.4199
            0.649634,                 0.42
            0.652517,               0.4201
            0.655403,               0.4202
            0.658289,               0.4203
            0.661177,               0.4204
            0.664066,               0.4205
            0.666955,               0.4206
            0.669845,               0.4207
            0.672734,               0.4208
            0.675624,               0.4209
            0.678513,                0.421
            0.681402,               0.4211
             0.68429,               0.4212
            0.687177,               0.4213
            0.690062,               0.4214
            0.692946,               0.4215
            0.695827,               0.4216
            0.698707,               0.4217
            0.701584,               0.4218
            0.704458,               0.4219
             0.70733,                0.422
            0.710198,               0.4221
            0.713063,               0.4222
            0.715924,               0.4223
            0.718781,               0.4224
            0.721633,               0.4225
            0.724481,               0.4226
            0.727324,               0.4227
            0.730162,               0.4228
            0.732994,               0.4229
            0.735821,                0.423
            0.738642,               0.4231
            0.741457,               0.4232
            0.744265,               0.4233
            0.747066,               0.4234
             0.74986,               0.4235
            0.752647,               0.4236
            0.755426,               0.4237
            0.758198,               0.4238
            0.760961,               0.4239
            0.763716,                0.424
            0.766462,               0.4241
            0.769199,               0.4242
            0.771927,               0.4243
            0.774646,               0.4244
            0.777355,               0.4245
            0.780054,               0.4246
            0.782742,               0.4247
             0.78542,               0.4248
            0.788087,               0.4249
            0.790743,                0.425
            0.793388,               0.4251
            0.796021,               0.4252
            0.798643,               0.4253
            0.801252,               0.4254
             0.80385,               0.4255
            0.806434,               0.4256
            0.809006,               0.4257
            0.811565,               0.4258
             0.81411,               0.4259
            0.816642,                0.426
            0.819161,               0.4261
            0.821665,               0.4262
            0.824155,               0.4263
            0.826631,               0.4264
            0.829092,               0.4265
            0.831539,               0.4266
             0.83397,               0.4267
            0.836386,               0.4268
            0.838787,               0.4269
            0.841172,                0.427
            0.843541,               0.4271
            0.845895,               0.4272
            0.848232,               0.4273
            0.850552,               0.4274
            0.852856,               0.4275
            0.855144,               0.4276
            0.857414,               0.4277
            0.859667,               0.4278
            0.861903,               0.4279
            0.864122,                0.428
            0.866323,               0.4281
            0.868506,               0.4282
            0.870671,               0.4283
            0.872819,               0.4284
            0.874948,               0.4285
            0.877059,               0.4286
            0.879152,               0.4287
            0.881226,               0.4288
            0.883281,               0.4289
            0.885317,                0.429
            0.887335,               0.4291
            0.889334,               0.4292
            0.891313,               0.4293
            0.893274,               0.4294
            0.895215,               0.4295
            0.897137,               0.4296
            0.899039,               0.4297
            0.900922,               0.4298
            0.902785,               0.4299
            0.904629,                 0.43
            0.906453,               0.4301
            0.908257,               0.4302
            0.910041,               0.4303
            0.911806,               0.4304
            0.913551,               0.4305
            0.915275,               0.4306
             0.91698,               0.4307
            0.918665,               0.4308
            0.920329,               0.4309
            0.921974,                0.431
            0.923598,               0.4311
            0.925203,               0.4312
            0.926787,               0.4313
            0.928352,               0.4314
            0.929896,               0.4315
             0.93142,               0.4316
            0.932924,               0.4317
            0.934409,               0.4318
            0.935873,               0.4319
            0.937317,                0.432
            0.938741,               0.4321
            0.940146,               0.4322
             0.94153,               0.4323
            0.942895,               0.4324
             0.94424,               0.4325
            0.945565,               0.4326
            0.946871,               0.4327
            0.948157,               0.4328
            0.949424,               0.4329
            0.950671,                0.433
            0.951899,               0.4331
            0.953107,               0.4332
            0.954297,               0.4333
            0.955467,               0.4334
            0.956618,               0.4335
             0.95775,               0.4336
            0.958863,               0.4337
            0.959958,               0.4338
            0.961034,               0.4339
            0.962091,                0.434
             0.96313,               0.4341
             0.96415,               0.4342
            0.965153,               0.4343
            0.966137,               0.4344
            0.967103,               0.4345
            0.968052,               0.4346
            0.968983,               0.4347
            0.969896,               0.4348
            0.970791,               0.4349
             0.97167,                0.435
            0.972531,               0.4351
            0.973375,               0.4352
            0.974202,               0.4353
            0.975012,               0.4354
            0.975806,               0.4355
            0.976583,               0.4356
            0.977344,               0.4357
            0.978089,               0.4358
            0.978817,               0.4359
             0.97953,                0.436
            0.980227,               0.4361
            0.980909,               0.4362
            0.981575,               0.4363
            0.982226,               0.4364
            0.982862,               0.4365
            0.983482,               0.4366
            0.984088,               0.4367
             0.98468,               0.4368
            0.985257,               0.4369
             0.98582,                0.437
            0.986368,               0.4371
            0.986903,               0.4372
            0.987424,               0.4373
            0.987932,               0.4374
            0.988426,               0.4375
            0.988907,               0.4376
            0.989374,               0.4377
            0.989829,               0.4378
            0.990271,               0.4379
            0.990701,                0.438
            0.991118,               0.4381
            0.991523,               0.4382
            0.991916,               0.4383
            0.992297,               0.4384
            0.992667,               0.4385
            0.993025,               0.4386
            0.993371,               0.4387
            0.993707,               0.4388
            0.994031,               0.4389
            0.994345,                0.439
            0.994648,               0.4391
            0.994941,               0.4392
            0.995223,               0.4393
            0.995496,               0.4394
            0.995758,               0.4395
            0.996011,               0.4396
            0.996254,               0.4397
            0.996487,               0.4398
            0.996712,               0.4399
            0.996927,                 0.44
            0.997133,               0.4401
            0.997331,               0.4402
             0.99752,               0.4403
            0.997701,               0.4404
            0.997873,               0.4405
            0.998038,               0.4406
            0.998194,               0.4407
            0.998343,               0.4408
            0.998484,               0.4409
            0.998618,                0.441
            0.998744,               0.4411
            0.998864,               0.4412
            0.998976,               0.4413
            0.999082,               0.4414
            0.999181,               0.4415
            0.999273,               0.4416
            0.999359,               0.4417
            0.999439,               0.4418
            0.999513,               0.4419
            0.999582,                0.442
            0.999644,               0.4421
            0.999701,               0.4422
            0.999752,               0.4423
            0.999798,               0.4424
            0.999839,               0.4425
            0.999875,               0.4426
            0.999907,               0.4427
            0.999933,               0.4428
            0.999955,               0.4429
            0.999972,                0.443
            0.999985,               0.4431
            0.999994,               0.4432
            0.999999,               0.4433
                   1,               0.4434
            0.999997,               0.4435
             0.99999,               0.4436
             0.99998,               0.4437
            0.999967,               0.4438
             0.99995,               0.4439
             0.99993,                0.444
            0.999907,               0.4441
            0.999881,               0.4442
            0.999852,               0.4443
            0.999821,               0.4444
            0.999787,               0.4445
             0.99975,               0.4446
            0.999712,               0.4447
             0.99967,               0.4448
            0.999627,               0.4449
            0.999582,                0.445
            0.999534,               0.4451
            0.999485,               0.4452
            0.999434,               0.4453
            0.999382,               0.4454
            0.999328,               0.4455
            0.999272,               0.4456
            0.999215,               0.4457
            0.999157,               0.4458
            0.999098,               0.4459
            0.999037,                0.446
            0.998976,               0.4461
            0.998914,               0.4462
            0.998851,               0.4463
            0.998787,               0.4464
            0.998722,               0.4465
            0.998657,               0.4466
            0.998592,               0.4467
            0.998526,               0.4468
            0.998459,               0.4469
            0.998393,                0.447
            0.998326,               0.4471
            0.998259,               0.4472
            0.998192,               0.4473
            0.998125,               0.4474
            0.998058,               0.4475
            0.997991,               0.4476
            0.997924,               0.4477
            0.997858,               0.4478
            0.997792,               0.4479
            0.997726,                0.448
            0.997661,               0.4481
            0.997596,               0.4482
            0.997532,               0.4483
            0.997469,               0.4484
            0.997406,               0.4485
            0.997343,               0.4486
            0.997282,               0.4487
            0.997221,               0.4488
            0.997162,               0.4489
            0.997103,                0.449
            0.997045,               0.4491
            0.996988,               0.4492
            0.996932,               0.4493
            0.996877,               0.4494
            0.996823,               0.4495
            0.996771,               0.4496
            0.996719,               0.4497
            0.996669,               0.4498
             0.99662,               0.4499
            0.996572,                 0.45
            0.996526,               0.4501
             0.99648,               0.4502
            0.996437,               0.4503
            0.996394,               0.4504
            0.996353,               0.4505
            0.996314,               0.4506
            0.996276,               0.4507
            0.996239,               0.4508
            0.996204,               0.4509
             0.99617,                0.451
            0.996138,               0.4511
            0.996108,               0.4512
            0.996079,               0.4513
            0.996051,               0.4514
            0.996025,               0.4515
            0.996001,               0.4516
            0.995979,               0.4517
            0.995958,               0.4518
            0.995938,               0.4519
            0.995921,                0.452
            0.995905,               0.4521
             0.99589,               0.4522
            0.995878,               0.4523
            0.995867,               0.4524
            0.995857,               0.4525
            0.995849,               0.4526
            0.995843,               0.4527
            0.995839,               0.4528
            0.995836,               0.4529
            0.995835,                0.453
            0.995836,               0.4531
            0.995838,               0.4532
            0.995842,               0.4533
            0.995847,               0.4534
            0.995855,               0.4535
            0.995863,               0.4536
            0.995874,               0.4537
            0.995886,               0.4538
            0.995899,               0.4539
            0.995914,                0.454
            0.995931,               0.4541
            0.995949,               0.4542
            0.995969,               0.4543
             0.99599,               0.4544
            0.996013,               0.4545
            0.996037,               0.4546
            0.996063,               0.4547
             0.99609,               0.4548
            0.996119,               0.4549
            0.996149,                0.455
             0.99618,               0.4551
            0.996213,               0.4552
            0.996247,               0.4553
            0.996282,               0.4554
            0.996319,               0.4555
            0.996357,               0.4556
            0.996396,               0.4557
            0.996436,               0.4558
            0.996478,               0.4559
            0.996521,                0.456
            0.996564,               0.4561
            0.996609,               0.4562
            0.996655,               0.4563
            0.996702,               0.4564
             0.99675,               0.4565
            0.996799,               0.4566
            0.996849,               0.4567
            0.996899,               0.4568
            0.996951,               0.4569
            0.997003,                0.457
            0.997056,               0.4571
             0.99711,               0.4572
            0.997165,               0.4573
             0.99722,               0.4574
            0.997276,               0.4575
            0.997332,               0.4576
            0.997389,               0.4577
            0.997446,               0.4578
            0.997504,               0.4579
            0.997563,                0.458
            0.997621,               0.4581
             0.99768,               0.4582
             0.99774,               0.4583
            0.997799,               0.4584
            0.997859,               0.4585
            0.997919,               0.4586
            0.997979,               0.4587
            0.998039,               0.4588
            0.998099,               0.4589
            0.998159,                0.459
            0.998219,               0.4591
            0.998279,               0.4592
            0.998339,               0.4593
            0.998398,               0.4594
            0.998458,               0.4595
            0.998517,               0.4596
            0.998575,               0.4597
            0.998633,               0.4598
            0.998691,               0.4599
            0.998748,                 0.46
            0.998805,               0.4601
             0.99886,               0.4602
            0.998916,               0.4603
             0.99897,               0.4604
            0.999024,               0.4605
            0.999077,               0.4606
            0.999129,               0.4607
             0.99918,               0.4608
             0.99923,               0.4609
            0.999279,                0.461
            0.999327,               0.4611
            0.999373,               0.4612
            0.999419,               0.4613
            0.999463,               0.4614
            0.999506,               0.4615
            0.999547,               0.4616
            0.999588,               0.4617
            0.999626,               0.4618
            0.999663,               0.4619
            0.999699,                0.462
            0.999732,               0.4621
            0.999764,               0.4622
            0.999795,               0.4623
            0.999823,               0.4624
            0.999849,               0.4625
            0.999874,               0.4626
            0.999897,               0.4627
            0.999917,               0.4628
            0.999935,               0.4629
            0.999952,                0.463
            0.999966,               0.4631
            0.999977,               0.4632
            0.999987,               0.4633
            0.999994,               0.4634
            0.999998,               0.4635
                   1,               0.4636
            0.999999,               0.4637
            0.999996,               0.4638
             0.99999,               0.4639
            0.999981,                0.464
             0.99997,               0.4641
            0.999955,               0.4642
            0.999938,               0.4643
            0.999918,               0.4644
            0.999894,               0.4645
            0.999868,               0.4646
            0.999838,               0.4647
            0.999806,               0.4648
             0.99977,               0.4649
             0.99973,                0.465
            0.999687,               0.4651
            0.999641,               0.4652
            0.999592,               0.4653
            0.999539,               0.4654
            0.999482,               0.4655
            0.999421,               0.4656
            0.999357,               0.4657
            0.999289,               0.4658
            0.999218,               0.4659
            0.999142,                0.466
            0.999063,               0.4661
            0.998979,               0.4662
            0.998892,               0.4663
              0.9988,               0.4664
            0.998705,               0.4665
            0.998605,               0.4666
            0.998501,               0.4667
            0.998392,               0.4668
             0.99828,               0.4669
            0.998163,                0.467
            0.998041,               0.4671
            0.997915,               0.4672
            0.997785,               0.4673
             0.99765,               0.4674
             0.99751,               0.4675
            0.997366,               0.4676
            0.997217,               0.4677
            0.997063,               0.4678
            0.996905,               0.4679
            0.996741,                0.468
            0.996573,               0.4681
            0.996399,               0.4682
            0.996221,               0.4683
            0.996038,               0.4684
            0.995849,               0.4685
            0.995656,               0.4686
            0.995457,               0.4687
            0.995253,               0.4688
            0.995044,               0.4689
             0.99483,                0.469
             0.99461,               0.4691
            0.994385,               0.4692
            0.994155,               0.4693
            0.993919,               0.4694
            0.993678,               0.4695
            0.993431,               0.4696
            0.993179,               0.4697
            0.992921,               0.4698
            0.992657,               0.4699
            0.992388,                 0.47
            0.992113,               0.4701
            0.991833,               0.4702
            0.991546,               0.4703
            0.991254,               0.4704
            0.990956,               0.4705
            0.990653,               0.4706
            0.990343,               0.4707
            0.990028,               0.4708
            0.989707,               0.4709
            0.989379,                0.471
            0.989046,               0.4711
            0.988707,               0.4712
            0.988362,               0.4713
            0.988011,               0.4714
            0.987653,               0.4715
             0.98729,               0.4716
            0.986921,               0.4717
            0.986545,               0.4718
            0.986163,               0.4719
            0.985776,                0.472
            0.985382,               0.4721
            0.984981,               0.4722
            0.984575,               0.4723
            0.984163,               0.4724
            0.983744,               0.4725
            0.983319,               0.4726
            0.982887,               0.4727
             0.98245,               0.4728
            0.982006,               0.4729
            0.981556,                0.473
            0.981099,               0.4731
            0.980637,               0.4732
            0.980168,               0.4733
            0.979692,               0.4734
            0.979211,               0.4735
            0.978723,               0.4736
            0.978228,               0.4737
            0.977728,               0.4738
            0.977221,               0.4739
            0.976707,                0.474
            0.976188,               0.4741
            0.975661,               0.4742
            0.975129,               0.4743
             0.97459,               0.4744
            0.974045,               0.4745
            0.973494,               0.4746
            0.972936,               0.4747
            0.972372,               0.4748
            0.971802,               0.4749
            0.971225,                0.475
            0.970642,               0.4751
            0.970053,               0.4752
            0.969458,               0.4753
            0.968856,               0.4754
            0.968248,               0.4755
            0.967633,               0.4756
            0.967013,               0.4757
            0.966386,               0.4758
            0.965753,               0.4759
            0.965114,                0.476
            0.964469,               0.4761
            0.963817,               0.4762
            0.963159,               0.4763
            0.962496,               0.4764
            0.961826,               0.4765
             0.96115,               0.4766
            0.960468,               0.4767
             0.95978,               0.4768
            0.959086,               0.4769
            0.958386,                0.477
             0.95768,               0.4771
            0.956968,               0.4772
             0.95625,               0.4773
            0.955526,               0.4774
            0.954796,               0.4775
            0.954061,               0.4776
            0.953319,               0.4777
            0.952572,               0.4778
            0.951819,               0.4779
            0.951061,                0.478
            0.950296,               0.4781
            0.949526,               0.4782
            0.948751,               0.4783
             0.94797,               0.4784
            0.947183,               0.4785
            0.946391,               0.4786
            0.945593,               0.4787
             0.94479,               0.4788
            0.943981,               0.4789
            0.943167,                0.479
            0.942347,               0.4791
            0.941523,               0.4792
            0.940693,               0.4793
            0.939858,               0.4794
            0.939017,               0.4795
            0.938172,               0.4796
            0.937321,               0.4797
            0.936465,               0.4798
            0.935605,               0.4799
            0.934739,                 0.48
            0.933868,               0.4801
            0.932993,               0.4802
            0.932112,               0.4803
            0.931227,               0.4804
            0.930337,               0.4805
            0.929443,               0.4806
            0.928543,               0.4807
            0.927639,               0.4808
            0.926731,               0.4809
            0.925818,                0.481
              0.9249,               0.4811
            0.923978,               0.4812
            0.923052,               0.4813
            0.922121,               0.4814
            0.921186,               0.4815
            0.920247,               0.4816
            0.919304,               0.4817
            0.918357,               0.4818
            0.917405,               0.4819
            0.916449,                0.482
             0.91549,               0.4821
            0.914526,               0.4822
            0.913559,               0.4823
            0.912588,               0.4824
            0.911613,               0.4825
            0.910634,               0.4826
            0.909652,               0.4827
            0.908666,               0.4828
            0.907677,               0.4829
            0.906684,                0.483
            0.905687,               0.4831
            0.904687,               0.4832
            0.903684,               0.4833
            0.902678,               0.4834
            0.901668,               0.4835
            0.900656,               0.4836
             0.89964,               0.4837
            0.898621,               0.4838
            0.897599,               0.4839
            0.896574,                0.484
            0.895546,               0.4841
            0.894515,               0.4842
            0.893482,               0.4843
            0.892446,               0.4844
            0.891407,               0.4845
            0.890366,               0.4846
            0.889322,               0.4847
            0.888276,               0.4848
            0.887227,               0.4849
            0.886176,                0.485
            0.885122,               0.4851
            0.884066,               0.4852
            0.883008,               0.4853
            0.881948,               0.4854
            0.880886,               0.4855
            0.879822,               0.4856
            0.878755,               0.4857
            0.877687,               0.4858
            0.876617,               0.4859
            0.875546,                0.486
            0.874472,               0.4861
            0.873397,               0.4862
             0.87232,               0.4863
            0.871241,               0.4864
            0.870161,               0.4865
             0.86908,               0.4866
            0.867997,               0.4867
            0.866913,               0.4868
            0.865827,               0.4869
            0.864741,                0.487
            0.863653,               0.4871
            0.862564,               0.4872
            0.861473,               0.4873
            0.860382,               0.4874
             0.85929,               0.4875
            0.858197,               0.4876
            0.857103,               0.4877
            0.856009,               0.4878
            0.854913,               0.4879
            0.853817,                0.488
             0.85272,               0.4881
            0.851623,               0.4882
            0.850525,               0.4883
            0.849427,               0.4884
            0.848328,               0.4885
            0.847229,               0.4886
             0.84613,               0.4887
             0.84503,               0.4888
            0.843931,               0.4889
            0.842831,                0.489
             0.84173,               0.4891
             0.84063,               0.4892
             0.83953,               0.4893
             0.83843,               0.4894
             0.83733,               0.4895
             0.83623,               0.4896
            0.835131,               0.4897
            0.834032,               0.4898
            0.832933,               0.4899
            0.831834,                 0.49
            0.830736,               0.4901
            0.829638,               0.4902
            0.828541,               0.4903
            0.827444,               0.4904
            0.826348,               0.4905
            0.825252,               0.4906
            0.824158,               0.4907
            0.823064,               0.4908
            0.821971,               0.4909
            0.820878,                0.491
            0.819787,               0.4911
            0.818696,               0.4912
            0.817607,               0.4913
            0.816518,               0.4914
            0.815431,               0.4915
            0.814344,               0.4916
            0.813259,               0.4917
            0.812175,               0.4918
            0.811093,               0.4919
            0.810011,                0.492
            0.808931,               0.4921
            0.807853,               0.4922
            0.806775,               0.4923
              0.8057,               0.4924
            0.804625,               0.4925
            0.803553,               0.4926
            0.802481,               0.4927
            0.801412,               0.4928
            0.800344,               0.4929
            0.799278,                0.493
            0.798214,               0.4931
            0.797151,               0.4932
             0.79609,               0.4933
            0.795032,               0.4934
            0.793975,               0.4935
             0.79292,               0.4936
            0.791867,               0.4937
            0.790816,               0.4938
            0.789767,               0.4939
             0.78872,                0.494
            0.787675,               0.4941
            0.786633,               0.4942
            0.785592,               0.4943
            0.784554,               0.4944
            0.783519,               0.4945
            0.782485,               0.4946
            0.781454,               0.4947
            0.780425,               0.4948
            0.779399,               0.4949
            0.778375,                0.495
            0.777354,               0.4951
            0.776335,               0.4952
            0.775318,               0.4953
            0.774305,               0.4954
            0.773293,               0.4955
            0.772285,               0.4956
            0.771279,               0.4957
            0.770276,               0.4958
            0.769275,               0.4959
            0.768278,                0.496
            0.767283,               0.4961
            0.766291,               0.4962
            0.765301,               0.4963
            0.764315,               0.4964
            0.763332,               0.4965
            0.762351,               0.4966
            0.761373,               0.4967
            0.760399,               0.4968
            0.759427,               0.4969
            0.758459,                0.497
            0.757493,               0.4971
            0.756531,               0.4972
            0.755572,               0.4973
            0.754615,               0.4974
            0.753663,               0.4975
            0.752713,               0.4976
            0.751766,               0.4977
            0.750823,               0.4978
            0.749883,               0.4979
            0.748946,                0.498
            0.748012,               0.4981
            0.747082,               0.4982
            0.746156,               0.4983
            0.745232,               0.4984
            0.744312,               0.4985
            0.743395,               0.4986
            0.742482,               0.4987
            0.741573,               0.4988
            0.740666,               0.4989
            0.739764,                0.499
            0.738864,               0.4991
            0.737969,               0.4992
            0.737076,               0.4993
            0.736188,               0.4994
            0.735303,               0.4995
            0.734421,               0.4996
            0.733544,               0.4997
             0.73267,               0.4998
            0.731799,               0.4999
            0.730932,                  0.5

